course_id,year,semester,term_id,session_id,subject,course_number,class_number,units_min,units_max,grading_basis,final_exam,view_count
161725,2026,Fall,2268,1,AEROENG,1,001,1.0,1.0,PNP,A,157
162181,2026,Fall,2268,1,AEROENG,10,001,4.0,4.0,OPT,Y,112
166420,2026,Fall,2268,1,AEROENG,100,001,4.0,4.0,OPT,A,66
168794,2026,Fall,2268,1,AEROENG,122,001,3.0,3.0,OPT,Y,7
164194,2026,Fall,2268,1,AEROENG,197,001,0.5,4.0,PNP,A,0
168514,2026,Fall,2268,1,AEROENG,C124,01,3.0,3.0,OPT,Y,14
115512,2026,Fall,2268,1,AEROENG,C136,01,3.0,3.0,OPT,Y,63
164231,2026,Fall,2268,1,AEROENG,C136S,201,1.0,1.0,OPT,N,28
162932,2026,Fall,2268,1,AEROENG,C162,001,3.0,3.0,OPT,Y,66
164794,2026,Fall,2268,1,AEROENG,C166,001,3.0,3.0,OPT,Y,46
166383,2026,Fall,2268,1,AEROENG,C193P,001,4.0,4.0,OPT,A,95
100004,2026,Fall,2268,1,AEROSPC,100,001,0.0,0.0,PNP,N,52
100004,2026,Fall,2268,1,AEROSPC,100,002,0.0,0.0,PNP,N,0
100005,2026,Fall,2268,1,AEROSPC,135A,001,3.0,3.0,OPT,Y,31
100005,2026,Fall,2268,1,AEROSPC,135A,002,3.0,3.0,OPT,Y,0
100002,2026,Fall,2268,1,AEROSPC,1A,001,1.0,1.0,OPT,Y,85
100002,2026,Fall,2268,1,AEROSPC,1A,002,1.0,1.0,OPT,Y,44
100008,2026,Fall,2268,1,AEROSPC,2A,001,1.0,1.0,OPT,Y,121
100008,2026,Fall,2268,1,AEROSPC,2A,002,1.0,1.0,OPT,Y,101
100018,2026,Fall,2268,1,AFRICAM,100,001,4.0,4.0,OPT,Y,0
100019,2026,Fall,2268,1,AFRICAM,101,001,4.0,4.0,OPT,A,45
100016,2026,Fall,2268,1,AFRICAM,10A,001,4.0,4.0,OPT,Y,85
100016,2026,Fall,2268,1,AFRICAM,10A,UC01,4.0,4.0,OPT,Y,0
100032,2026,Fall,2268,1,AFRICAM,114,001,3.0,3.0,OPT,Y,0
100034,2026,Fall,2268,1,AFRICAM,116,001,4.0,4.0,OPT,Y,0
100036,2026,Fall,2268,1,AFRICAM,118,001,3.0,3.0,OPT,Y,25
100024,2026,Fall,2268,1,AFRICAM,11A,001,4.0,4.0,OPT,Y,59
100024,2026,Fall,2268,1,AFRICAM,11A,UC01,4.0,4.0,OPT,Y,0
100054,2026,Fall,2268,1,AFRICAM,136,001,3.0,3.0,OPT,Y,0
156009,2026,Fall,2268,1,AFRICAM,136L,001,3.0,3.0,OPT,A,14
156009,2026,Fall,2268,1,AFRICAM,136L,UC01,3.0,3.0,OPT,A,0
100058,2026,Fall,2268,1,AFRICAM,139,001,4.0,4.0,OPT,Y,19
100058,2026,Fall,2268,1,AFRICAM,139,002,4.0,4.0,OPT,Y,26
100071,2026,Fall,2268,1,AFRICAM,144,001,4.0,4.0,OPT,Y,27
100086,2026,Fall,2268,1,AFRICAM,153C,001,3.0,3.0,OPT,Y,0
100094,2026,Fall,2268,1,AFRICAM,159,001,4.0,4.0,OPT,Y,33
100094,2026,Fall,2268,1,AFRICAM,159,003,4.0,4.0,OPT,Y,37
100072,2026,Fall,2268,1,AFRICAM,15A,001,4.0,4.0,OPT,Y,0
100072,2026,Fall,2268,1,AFRICAM,15A,UC01,4.0,4.0,OPT,Y,0
125766,2026,Fall,2268,1,AFRICAM,165,001,4.0,4.0,OPT,Y,0
157864,2026,Fall,2268,1,AFRICAM,18A,001,4.0,4.0,OPT,Y,35
157864,2026,Fall,2268,1,AFRICAM,18A,UC01,4.0,4.0,OPT,Y,0
157865,2026,Fall,2268,1,AFRICAM,18B,001,4.0,4.0,OPT,Y,0
147886,2026,Fall,2268,1,AFRICAM,194A,001,2.0,2.0,OPT,A,0
147886,2026,Fall,2268,1,AFRICAM,194A,002,2.0,2.0,OPT,A,0
147886,2026,Fall,2268,1,AFRICAM,194A,003,2.0,2.0,OPT,A,11
147888,2026,Fall,2268,1,AFRICAM,195,001,3.0,3.0,OPT,A,5
100105,2026,Fall,2268,1,AFRICAM,197,001,1.0,4.0,PNP,N,0
100105,2026,Fall,2268,1,AFRICAM,197,002,1.0,4.0,PNP,N,0
100105,2026,Fall,2268,1,AFRICAM,197,003,1.0,4.0,PNP,N,0
100107,2026,Fall,2268,1,AFRICAM,198BC,001,1.0,1.0,PNP,N,65
100108,2026,Fall,2268,1,AFRICAM,199,001,1.0,4.0,PNP,N,0
100108,2026,Fall,2268,1,AFRICAM,199,002,1.0,4.0,PNP,N,0
100108,2026,Fall,2268,1,AFRICAM,199,003,1.0,4.0,PNP,N,0
100108,2026,Fall,2268,1,AFRICAM,199,004,1.0,4.0,PNP,N,0
100111,2026,Fall,2268,1,AFRICAM,201B,001,4.0,4.0,OPT,N,6
100113,2026,Fall,2268,1,AFRICAM,201D,001,4.0,4.0,OPT,N,4
100114,2026,Fall,2268,1,AFRICAM,24,001,1.0,1.0,OPT,Y,0
100115,2026,Fall,2268,1,AFRICAM,240,001,4.0,4.0,OPT,N,3
100115,2026,Fall,2268,1,AFRICAM,240,002,4.0,4.0,OPT,N,5
100116,2026,Fall,2268,1,AFRICAM,241,001,4.0,4.0,OPT,N,0
100143,2026,Fall,2268,1,AFRICAM,27AC,001,3.0,3.0,OPT,Y,1075
100146,2026,Fall,2268,1,AFRICAM,296,001,1.0,13.0,SUS,N,4
100148,2026,Fall,2268,1,AFRICAM,299,001,1.0,4.0,OPT,N,0
100148,2026,Fall,2268,1,AFRICAM,299,002,1.0,4.0,OPT,N,0
100148,2026,Fall,2268,1,AFRICAM,299,003,1.0,4.0,OPT,N,0
100148,2026,Fall,2268,1,AFRICAM,299,004,1.0,4.0,OPT,N,0
100148,2026,Fall,2268,1,AFRICAM,299,005,1.0,4.0,OPT,N,0
100148,2026,Fall,2268,1,AFRICAM,299,006,1.0,4.0,OPT,N,0
162764,2026,Fall,2268,1,AFRICAM,40,001,3.0,3.0,OPT,A,0
100181,2026,Fall,2268,1,AFRICAM,4A,001,4.0,4.0,OPT,Y,0
100183,2026,Fall,2268,1,AFRICAM,5A,001,4.0,4.0,OPT,Y,389
154198,2026,Fall,2268,1,AFRICAM,601,001,1.0,8.0,SUS,N,0
100185,2026,Fall,2268,1,AFRICAM,602,001,2.0,12.0,SUS,N,7
100194,2026,Fall,2268,1,AFRICAM,98BC,001,1.0,1.0,PNP,N,51
100195,2026,Fall,2268,1,AFRICAM,99,001,1.0,4.0,PNP,N,0
124139,2026,Fall,2268,1,AFRICAM,C133A,001,3.0,3.0,OPT,Y,234
124386,2026,Fall,2268,1,AFRICAM,C375,001,4.0,4.0,OPT,N,7
100209,2026,Fall,2268,1,AFRICAM,R1B,001,4.0,4.0,GRD,N,279
103753,2026,Fall,2268,1,AGRS,10A,001,4.0,4.0,OPT,Y,1697
156006,2026,Fall,2268,1,AGRS,130E,001,4.0,4.0,OPT,A,193
156011,2026,Fall,2268,1,AGRS,130F,001,4.0,4.0,OPT,Y,129
162647,2026,Fall,2268,1,AGRS,130S,001,4.0,4.0,OPT,A,145
103769,2026,Fall,2268,1,AGRS,17A,001,4.0,4.0,OPT,Y,308
103867,2026,Fall,2268,1,AGRS,24,001,1.0,1.0,IOP,Y,179
103930,2026,Fall,2268,1,AGRS,R44,001,5.0,5.0,GRD,Y,1211
100321,2026,Fall,2268,1,AHMA,210,001,2.0,4.0,OPT,N,28
161257,2026,Fall,2268,1,AHMA,298,001,2.0,12.0,SUS,N,0
161257,2026,Fall,2268,1,AHMA,298,002,2.0,12.0,SUS,N,1
161257,2026,Fall,2268,1,AHMA,298,003,2.0,12.0,SUS,N,0
100323,2026,Fall,2268,1,AHMA,299,001,1.0,4.0,OPT,N,0
161175,2026,Fall,2268,1,AHMA,601,001,1.0,12.0,SUS,N,0
161186,2026,Fall,2268,1,AHMA,602,001,1.0,12.0,SUS,N,0
100349,2026,Fall,2268,1,AMERSTD,10,001,4.0,4.0,OPT,Y,0
100349,2026,Fall,2268,1,AMERSTD,10,002,4.0,4.0,OPT,Y,0
100351,2026,Fall,2268,1,AMERSTD,101,001,4.0,4.0,OPT,Y,112
100351,2026,Fall,2268,1,AMERSTD,101,002,4.0,4.0,OPT,Y,114
100352,2026,Fall,2268,1,AMERSTD,101AC,001,4.0,4.0,OPT,Y,0
100353,2026,Fall,2268,1,AMERSTD,102,001,4.0,4.0,OPT,Y,66
100353,2026,Fall,2268,1,AMERSTD,102,002,4.0,4.0,OPT,Y,213
100353,2026,Fall,2268,1,AMERSTD,102,003,4.0,4.0,OPT,Y,0
100353,2026,Fall,2268,1,AMERSTD,102,004,4.0,4.0,OPT,Y,0
100354,2026,Fall,2268,1,AMERSTD,102AC,001,4.0,4.0,OPT,Y,0
100350,2026,Fall,2268,1,AMERSTD,10AC,001,4.0,4.0,OPT,Y,1073
100355,2026,Fall,2268,1,AMERSTD,110,001,4.0,4.0,OPT,Y,49
100355,2026,Fall,2268,1,AMERSTD,110,002,3.0,4.0,OPT,Y,0
100355,2026,Fall,2268,1,AMERSTD,110,003,4.0,4.0,OPT,Y,38
124050,2026,Fall,2268,1,AMERSTD,139AC,001,4.0,4.0,OPT,Y,0
100472,2026,Fall,2268,1,AMERSTD,189,001,1.0,3.0,OPT,N,51
100473,2026,Fall,2268,1,AMERSTD,190,001,4.0,4.0,OPT,A,0
100473,2026,Fall,2268,1,AMERSTD,190,002,4.0,4.0,OPT,A,0
100474,2026,Fall,2268,1,AMERSTD,191,001,4.0,4.0,OPT,A,5
100474,2026,Fall,2268,1,AMERSTD,191,002,4.0,4.0,OPT,A,0
100476,2026,Fall,2268,1,AMERSTD,199,001,1.0,4.0,PNP,N,0
100476,2026,Fall,2268,1,AMERSTD,199,002,1.0,4.0,PNP,N,0
100476,2026,Fall,2268,1,AMERSTD,199,003,1.0,4.0,PNP,N,0
100476,2026,Fall,2268,1,AMERSTD,199,004,1.0,4.0,PNP,N,0
100476,2026,Fall,2268,1,AMERSTD,199,005,1.0,4.0,PNP,N,0
100476,2026,Fall,2268,1,AMERSTD,199,006,1.0,4.0,PNP,N,0
100477,2026,Fall,2268,1,AMERSTD,24,001,1.0,1.0,OPT,Y,0
100480,2026,Fall,2268,1,AMERSTD,300,001,2.0,2.0,SUS,N,0
100510,2026,Fall,2268,1,AMERSTD,99,001,1.0,4.0,PNP,N,0
123809,2026,Fall,2268,1,AMERSTD,C111E,001,4.0,4.0,OPT,Y,0
161679,2026,Fall,2268,1,AMERSTD,C112,001,4.0,4.0,OPT,Y,107
123596,2026,Fall,2268,1,AMERSTD,C152,001,4.0,4.0,OPT,Y,94
123863,2026,Fall,2268,1,AMERSTD,C171,001,3.0,3.0,OPT,Y,73
124421,2026,Fall,2268,1,AMERSTD,C172,001,3.0,3.0,OPT,Y,0
100512,2026,Fall,2268,1,AMERSTD,H110,002,4.0,4.0,OPT,A,860
100513,2026,Fall,2268,1,AMERSTD,H195,001,4.0,4.0,OPT,A,10
100552,2026,Fall,2268,1,ANTHRO,106,001,4.0,4.0,OPT,Y,190
100562,2026,Fall,2268,1,ANTHRO,111,001,4.0,4.0,OPT,Y,177
100563,2026,Fall,2268,1,ANTHRO,112,2,4.0,4.0,OPT,Y,598
100577,2026,Fall,2268,1,ANTHRO,121AC,1,4.0,4.0,OPT,N,2331
100581,2026,Fall,2268,1,ANTHRO,122A,1,4.0,4.0,OPT,Y,604
100589,2026,Fall,2268,1,ANTHRO,123A,1,4.0,4.0,OPT,Y,256
100603,2026,Fall,2268,1,ANTHRO,127A,1,4.0,4.0,OPT,N,52
100608,2026,Fall,2268,1,ANTHRO,128M,1,4.0,4.0,OPT,N,63
100626,2026,Fall,2268,1,ANTHRO,136B,1,4.0,4.0,OPT,Y,79
100641,2026,Fall,2268,1,ANTHRO,141,001,4.0,4.0,OPT,Y,115
166669,2026,Fall,2268,1,ANTHRO,142,001,4.0,4.0,OPT,A,75
100651,2026,Fall,2268,1,ANTHRO,149,1,4.0,4.0,OPT,N,348
100653,2026,Fall,2268,1,ANTHRO,150,1,4.0,4.0,OPT,Y,310
100666,2026,Fall,2268,1,ANTHRO,159,1,4.0,4.0,OPT,A,161
100701,2026,Fall,2268,1,ANTHRO,183,1,4.0,4.0,OPT,N,130
100707,2026,Fall,2268,1,ANTHRO,189,001,4.0,4.0,OPT,Y,160
100707,2026,Fall,2268,1,ANTHRO,189,002,4.0,4.0,OPT,Y,192
100725,2026,Fall,2268,1,ANTHRO,196,001,4.0,4.0,OPT,Y,109
100726,2026,Fall,2268,1,ANTHRO,197,002,1.0,12.0,PNP,N,0
100726,2026,Fall,2268,1,ANTHRO,197,003,1.0,12.0,PNP,N,0
100726,2026,Fall,2268,1,ANTHRO,197,004,1.0,12.0,PNP,N,0
100726,2026,Fall,2268,1,ANTHRO,197,005,1.0,12.0,PNP,N,0
100726,2026,Fall,2268,1,ANTHRO,197,006,1.0,12.0,PNP,N,0
100726,2026,Fall,2268,1,ANTHRO,197,007,1.0,12.0,PNP,N,0
100726,2026,Fall,2268,1,ANTHRO,197,008,1.0,12.0,PNP,N,0
100726,2026,Fall,2268,1,ANTHRO,197,009,1.0,12.0,PNP,N,0
100726,2026,Fall,2268,1,ANTHRO,197,010,1.0,12.0,PNP,N,0
100726,2026,Fall,2268,1,ANTHRO,197,011,1.0,12.0,PNP,N,0
100726,2026,Fall,2268,1,ANTHRO,197,012,1.0,12.0,PNP,N,0
100728,2026,Fall,2268,1,ANTHRO,199,002,1.0,4.0,PNP,N,0
100728,2026,Fall,2268,1,ANTHRO,199,003,1.0,4.0,PNP,N,0
100728,2026,Fall,2268,1,ANTHRO,199,004,1.0,4.0,PNP,N,0
100728,2026,Fall,2268,1,ANTHRO,199,006,1.0,4.0,PNP,N,0
100728,2026,Fall,2268,1,ANTHRO,199,007,1.0,4.0,PNP,N,0
100728,2026,Fall,2268,1,ANTHRO,199,008,1.0,4.0,PNP,N,0
100728,2026,Fall,2268,1,ANTHRO,199,009,1.0,4.0,PNP,N,0
100728,2026,Fall,2268,1,ANTHRO,199,010,1.0,4.0,PNP,N,0
100728,2026,Fall,2268,1,ANTHRO,199,011,1.0,4.0,PNP,N,0
100728,2026,Fall,2268,1,ANTHRO,199,012,1.0,4.0,PNP,N,0
100728,2026,Fall,2268,1,ANTHRO,199,013,1.0,4.0,PNP,N,0
100728,2026,Fall,2268,1,ANTHRO,199,014,1.0,4.0,PNP,N,0
100728,2026,Fall,2268,1,ANTHRO,199,015,1.0,4.0,PNP,N,0
100728,2026,Fall,2268,1,ANTHRO,199,016,1.0,4.0,PNP,N,0
100728,2026,Fall,2268,1,ANTHRO,199,017,1.0,4.0,PNP,N,0
100728,2026,Fall,2268,1,ANTHRO,199,018,1.0,4.0,PNP,N,0
100728,2026,Fall,2268,1,ANTHRO,199,019,1.0,4.0,PNP,N,0
100728,2026,Fall,2268,1,ANTHRO,199,020,1.0,4.0,PNP,N,0
100728,2026,Fall,2268,1,ANTHRO,199,021,1.0,4.0,PNP,N,0
100728,2026,Fall,2268,1,ANTHRO,199,022,1.0,4.0,PNP,N,0
100728,2026,Fall,2268,1,ANTHRO,199,023,1.0,4.0,PNP,N,0
100728,2026,Fall,2268,1,ANTHRO,199,024,1.0,4.0,PNP,N,0
100728,2026,Fall,2268,1,ANTHRO,199,025,1.0,4.0,PNP,N,0
100728,2026,Fall,2268,1,ANTHRO,199,026,1.0,4.0,PNP,N,0
100728,2026,Fall,2268,1,ANTHRO,199,028,1.0,4.0,PNP,N,0
100728,2026,Fall,2268,1,ANTHRO,199,029,1.0,4.0,PNP,N,0
100728,2026,Fall,2268,1,ANTHRO,199,030,1.0,4.0,PNP,N,0
100747,2026,Fall,2268,1,ANTHRO,215A,1,4.0,4.0,OPT,N,0
100764,2026,Fall,2268,1,ANTHRO,229A,001,4.0,4.0,OPT,N,37
100767,2026,Fall,2268,1,ANTHRO,230,1,4.0,4.0,OPT,N,21
100771,2026,Fall,2268,1,ANTHRO,235,1,4.0,4.0,OPT,N,417
100773,2026,Fall,2268,1,ANTHRO,240A,001,5.0,5.0,OPT,N,25
100800,2026,Fall,2268,1,ANTHRO,250X,001,4.0,4.0,OPT,N,59
100800,2026,Fall,2268,1,ANTHRO,250X,003,4.0,4.0,OPT,N,23
100800,2026,Fall,2268,1,ANTHRO,250X,004,4.0,4.0,OPT,N,20
100800,2026,Fall,2268,1,ANTHRO,250X,005,4.0,4.0,OPT,N,21
166378,2026,Fall,2268,1,ANTHRO,250Z,1,4.0,4.0,OPT,N,0
100828,2026,Fall,2268,1,ANTHRO,290,001,1.0,1.0,SUS,N,15
161208,2026,Fall,2268,1,ANTHRO,291,001,1.0,1.0,SUS,N,18
100831,2026,Fall,2268,1,ANTHRO,296A,002,2.0,12.0,OPT,N,0
100831,2026,Fall,2268,1,ANTHRO,296A,003,2.0,12.0,OPT,N,0
100831,2026,Fall,2268,1,ANTHRO,296A,004,2.0,12.0,OPT,N,0
100831,2026,Fall,2268,1,ANTHRO,296A,005,2.0,12.0,OPT,N,0
100832,2026,Fall,2268,1,ANTHRO,296B,002,4.0,4.0,OPT,N,0
100832,2026,Fall,2268,1,ANTHRO,296B,003,4.0,4.0,OPT,N,0
100832,2026,Fall,2268,1,ANTHRO,296B,004,4.0,4.0,OPT,N,0
100832,2026,Fall,2268,1,ANTHRO,296B,005,4.0,4.0,OPT,N,0
100833,2026,Fall,2268,1,ANTHRO,298,001,1.0,8.0,OPT,N,0
100833,2026,Fall,2268,1,ANTHRO,298,002,1.0,8.0,OPT,N,0
100833,2026,Fall,2268,1,ANTHRO,298,003,1.0,8.0,OPT,N,0
100833,2026,Fall,2268,1,ANTHRO,298,004,1.0,8.0,OPT,N,0
100833,2026,Fall,2268,1,ANTHRO,298,005,1.0,8.0,OPT,N,0
100833,2026,Fall,2268,1,ANTHRO,298,006,1.0,8.0,OPT,N,0
100833,2026,Fall,2268,1,ANTHRO,298,007,1.0,8.0,OPT,N,0
100833,2026,Fall,2268,1,ANTHRO,298,008,1.0,8.0,OPT,N,0
100833,2026,Fall,2268,1,ANTHRO,298,009,1.0,8.0,OPT,N,0
100833,2026,Fall,2268,1,ANTHRO,298,010,1.0,8.0,OPT,N,0
100833,2026,Fall,2268,1,ANTHRO,298,011,1.0,8.0,OPT,N,0
100833,2026,Fall,2268,1,ANTHRO,298,012,1.0,8.0,OPT,N,0
100833,2026,Fall,2268,1,ANTHRO,298,013,1.0,8.0,OPT,N,0
100833,2026,Fall,2268,1,ANTHRO,298,014,1.0,8.0,OPT,N,0
100833,2026,Fall,2268,1,ANTHRO,298,015,1.0,8.0,OPT,N,0
100833,2026,Fall,2268,1,ANTHRO,298,016,1.0,8.0,OPT,N,0
100833,2026,Fall,2268,1,ANTHRO,298,017,1.0,8.0,OPT,N,0
100833,2026,Fall,2268,1,ANTHRO,298,018,1.0,8.0,OPT,N,0
100833,2026,Fall,2268,1,ANTHRO,298,019,1.0,8.0,OPT,N,0
100833,2026,Fall,2268,1,ANTHRO,298,020,1.0,8.0,OPT,N,0
100833,2026,Fall,2268,1,ANTHRO,298,021,1.0,8.0,OPT,N,0
100833,2026,Fall,2268,1,ANTHRO,298,022,1.0,8.0,OPT,N,0
100833,2026,Fall,2268,1,ANTHRO,298,023,1.0,8.0,OPT,N,0
100833,2026,Fall,2268,1,ANTHRO,298,024,1.0,8.0,OPT,N,0
100833,2026,Fall,2268,1,ANTHRO,298,025,1.0,8.0,OPT,N,0
100833,2026,Fall,2268,1,ANTHRO,298,026,1.0,8.0,OPT,N,0
100833,2026,Fall,2268,1,ANTHRO,298,027,1.0,8.0,OPT,N,0
100833,2026,Fall,2268,1,ANTHRO,298,028,1.0,8.0,OPT,N,0
100833,2026,Fall,2268,1,ANTHRO,298,029,1.0,8.0,OPT,N,0
100833,2026,Fall,2268,1,ANTHRO,298,030,1.0,8.0,OPT,N,0
100833,2026,Fall,2268,1,ANTHRO,298,031,1.0,8.0,OPT,N,0
100833,2026,Fall,2268,1,ANTHRO,298,032,1.0,8.0,OPT,N,0
100833,2026,Fall,2268,1,ANTHRO,298,033,1.0,8.0,OPT,N,0
100833,2026,Fall,2268,1,ANTHRO,298,034,1.0,8.0,OPT,N,0
100833,2026,Fall,2268,1,ANTHRO,298,035,1.0,8.0,OPT,N,0
100833,2026,Fall,2268,1,ANTHRO,298,036,1.0,8.0,OPT,N,4
100834,2026,Fall,2268,1,ANTHRO,299,001,1.0,12.0,OPT,N,0
100834,2026,Fall,2268,1,ANTHRO,299,002,1.0,12.0,OPT,N,0
100834,2026,Fall,2268,1,ANTHRO,299,003,1.0,12.0,OPT,N,0
100834,2026,Fall,2268,1,ANTHRO,299,004,1.0,12.0,OPT,N,0
100834,2026,Fall,2268,1,ANTHRO,299,005,1.0,12.0,OPT,N,0
100834,2026,Fall,2268,1,ANTHRO,299,006,1.0,12.0,OPT,N,0
100834,2026,Fall,2268,1,ANTHRO,299,007,1.0,12.0,OPT,N,0
100834,2026,Fall,2268,1,ANTHRO,299,008,1.0,12.0,OPT,N,0
100834,2026,Fall,2268,1,ANTHRO,299,009,1.0,12.0,OPT,N,0
100834,2026,Fall,2268,1,ANTHRO,299,010,1.0,12.0,OPT,N,0
100834,2026,Fall,2268,1,ANTHRO,299,011,1.0,12.0,OPT,N,0
100834,2026,Fall,2268,1,ANTHRO,299,012,1.0,12.0,OPT,N,0
100834,2026,Fall,2268,1,ANTHRO,299,013,1.0,12.0,OPT,N,0
100834,2026,Fall,2268,1,ANTHRO,299,014,1.0,12.0,OPT,N,0
100834,2026,Fall,2268,1,ANTHRO,299,015,1.0,12.0,OPT,N,0
100834,2026,Fall,2268,1,ANTHRO,299,016,1.0,12.0,OPT,N,0
100834,2026,Fall,2268,1,ANTHRO,299,017,1.0,12.0,OPT,N,0
100834,2026,Fall,2268,1,ANTHRO,299,019,1.0,12.0,OPT,N,0
100834,2026,Fall,2268,1,ANTHRO,299,020,1.0,12.0,OPT,N,0
100834,2026,Fall,2268,1,ANTHRO,299,021,1.0,12.0,OPT,N,0
100834,2026,Fall,2268,1,ANTHRO,299,022,1.0,12.0,OPT,N,0
100834,2026,Fall,2268,1,ANTHRO,299,023,1.0,12.0,OPT,N,0
100834,2026,Fall,2268,1,ANTHRO,299,024,1.0,12.0,OPT,N,0
100834,2026,Fall,2268,1,ANTHRO,299,025,1.0,12.0,OPT,N,0
100834,2026,Fall,2268,1,ANTHRO,299,026,1.0,12.0,OPT,N,0
100834,2026,Fall,2268,1,ANTHRO,299,027,1.0,12.0,OPT,N,0
100834,2026,Fall,2268,1,ANTHRO,299,028,1.0,12.0,OPT,N,0
100834,2026,Fall,2268,1,ANTHRO,299,029,1.0,12.0,OPT,N,0
100834,2026,Fall,2268,1,ANTHRO,299,030,1.0,12.0,OPT,N,0
100834,2026,Fall,2268,1,ANTHRO,299,031,1.0,12.0,OPT,N,0
100834,2026,Fall,2268,1,ANTHRO,299,032,1.0,12.0,OPT,N,0
100834,2026,Fall,2268,1,ANTHRO,299,033,1.0,12.0,OPT,N,0
100834,2026,Fall,2268,1,ANTHRO,299,034,1.0,12.0,OPT,N,0
100834,2026,Fall,2268,1,ANTHRO,299,035,1.0,12.0,OPT,N,0
100730,2026,Fall,2268,1,ANTHRO,2AC,001,4.0,4.0,OPT,Y,4373
100839,2026,Fall,2268,1,ANTHRO,301,001,1.0,6.0,SUS,N,0
100839,2026,Fall,2268,1,ANTHRO,301,002,1.0,6.0,SUS,N,0
100839,2026,Fall,2268,1,ANTHRO,301,003,1.0,6.0,SUS,N,0
100839,2026,Fall,2268,1,ANTHRO,301,004,1.0,6.0,SUS,N,0
100839,2026,Fall,2268,1,ANTHRO,301,005,1.0,6.0,SUS,N,0
100839,2026,Fall,2268,1,ANTHRO,301,006,1.0,6.0,SUS,N,0
100839,2026,Fall,2268,1,ANTHRO,301,007,1.0,6.0,SUS,N,0
100839,2026,Fall,2268,1,ANTHRO,301,008,1.0,6.0,SUS,N,0
100839,2026,Fall,2268,1,ANTHRO,301,009,1.0,6.0,SUS,N,0
100839,2026,Fall,2268,1,ANTHRO,301,010,1.0,6.0,SUS,N,0
100839,2026,Fall,2268,1,ANTHRO,301,011,1.0,6.0,SUS,N,0
100839,2026,Fall,2268,1,ANTHRO,301,012,1.0,6.0,SUS,N,0
100839,2026,Fall,2268,1,ANTHRO,301,013,1.0,6.0,SUS,N,0
100839,2026,Fall,2268,1,ANTHRO,301,014,1.0,6.0,SUS,N,0
100840,2026,Fall,2268,1,ANTHRO,375,001,3.0,3.0,SUS,N,10
100836,2026,Fall,2268,1,ANTHRO,3AC,001,4.0,4.0,OPT,Y,2831
100868,2026,Fall,2268,1,ANTHRO,602,001,1.0,12.0,SUS,N,0
100868,2026,Fall,2268,1,ANTHRO,602,002,1.0,12.0,SUS,N,0
100868,2026,Fall,2268,1,ANTHRO,602,003,1.0,12.0,SUS,N,0
100868,2026,Fall,2268,1,ANTHRO,602,004,1.0,12.0,SUS,N,0
100868,2026,Fall,2268,1,ANTHRO,602,005,1.0,12.0,SUS,N,0
100868,2026,Fall,2268,1,ANTHRO,602,006,1.0,12.0,SUS,N,0
100868,2026,Fall,2268,1,ANTHRO,602,008,1.0,12.0,SUS,N,0
100868,2026,Fall,2268,1,ANTHRO,602,009,1.0,12.0,SUS,N,0
100868,2026,Fall,2268,1,ANTHRO,602,010,1.0,12.0,SUS,N,0
100868,2026,Fall,2268,1,ANTHRO,602,011,1.0,12.0,SUS,N,0
100868,2026,Fall,2268,1,ANTHRO,602,012,1.0,12.0,SUS,N,0
100868,2026,Fall,2268,1,ANTHRO,602,013,1.0,12.0,SUS,N,0
100868,2026,Fall,2268,1,ANTHRO,602,014,1.0,12.0,SUS,N,0
100868,2026,Fall,2268,1,ANTHRO,602,015,1.0,12.0,SUS,N,0
100868,2026,Fall,2268,1,ANTHRO,602,016,1.0,12.0,SUS,N,0
100868,2026,Fall,2268,1,ANTHRO,602,017,1.0,12.0,SUS,N,0
100868,2026,Fall,2268,1,ANTHRO,602,019,1.0,12.0,SUS,N,0
100868,2026,Fall,2268,1,ANTHRO,602,020,1.0,12.0,SUS,N,0
100868,2026,Fall,2268,1,ANTHRO,602,021,1.0,12.0,SUS,N,0
100868,2026,Fall,2268,1,ANTHRO,602,022,1.0,12.0,SUS,N,0
100868,2026,Fall,2268,1,ANTHRO,602,023,1.0,12.0,SUS,N,0
100868,2026,Fall,2268,1,ANTHRO,602,024,1.0,12.0,SUS,N,0
100868,2026,Fall,2268,1,ANTHRO,602,025,1.0,12.0,SUS,N,0
100868,2026,Fall,2268,1,ANTHRO,602,026,1.0,12.0,SUS,N,0
100868,2026,Fall,2268,1,ANTHRO,602,027,1.0,12.0,SUS,N,0
100868,2026,Fall,2268,1,ANTHRO,602,028,1.0,12.0,SUS,N,0
100868,2026,Fall,2268,1,ANTHRO,602,029,1.0,12.0,SUS,N,0
100868,2026,Fall,2268,1,ANTHRO,602,030,1.0,12.0,SUS,N,0
100868,2026,Fall,2268,1,ANTHRO,602,031,1.0,12.0,SUS,N,0
100868,2026,Fall,2268,1,ANTHRO,602,032,1.0,12.0,SUS,N,0
100868,2026,Fall,2268,1,ANTHRO,602,033,1.0,12.0,SUS,N,0
100868,2026,Fall,2268,1,ANTHRO,602,034,1.0,12.0,SUS,N,0
100868,2026,Fall,2268,1,ANTHRO,602,035,1.0,12.0,SUS,N,0
100876,2026,Fall,2268,1,ANTHRO,98,001,1.0,1.0,PNP,N,56
100877,2026,Fall,2268,1,ANTHRO,99,001,1.0,4.0,PNP,N,0
100877,2026,Fall,2268,1,ANTHRO,99,002,1.0,4.0,PNP,N,0
100877,2026,Fall,2268,1,ANTHRO,99,003,1.0,4.0,PNP,N,0
100877,2026,Fall,2268,1,ANTHRO,99,004,1.0,4.0,PNP,N,0
100877,2026,Fall,2268,1,ANTHRO,99,005,1.0,4.0,PNP,N,0
124051,2026,Fall,2268,1,ANTHRO,C125B,1,4.0,4.0,OPT,Y,91
124041,2026,Fall,2268,1,ANTHRO,C262A,1,4.0,4.0,OPT,N,16
100878,2026,Fall,2268,1,ANTHRO,H195A,001,4.0,4.0,BMT,N,0
100878,2026,Fall,2268,1,ANTHRO,H195A,002,4.0,4.0,BMT,N,0
100878,2026,Fall,2268,1,ANTHRO,H195A,003,4.0,4.0,BMT,N,0
100878,2026,Fall,2268,1,ANTHRO,H195A,004,4.0,4.0,BMT,N,0
100878,2026,Fall,2268,1,ANTHRO,H195A,005,4.0,4.0,BMT,N,0
100878,2026,Fall,2268,1,ANTHRO,H195A,006,4.0,4.0,BMT,N,0
100878,2026,Fall,2268,1,ANTHRO,H195A,007,4.0,4.0,BMT,N,0
100878,2026,Fall,2268,1,ANTHRO,H195A,008,4.0,4.0,BMT,N,0
100878,2026,Fall,2268,1,ANTHRO,H195A,009,4.0,4.0,BMT,N,0
100878,2026,Fall,2268,1,ANTHRO,H195A,010,4.0,4.0,BMT,N,0
100878,2026,Fall,2268,1,ANTHRO,H195A,011,4.0,4.0,BMT,N,0
100878,2026,Fall,2268,1,ANTHRO,H195A,012,4.0,4.0,BMT,N,0
100878,2026,Fall,2268,1,ANTHRO,H195A,013,4.0,4.0,BMT,N,0
100878,2026,Fall,2268,1,ANTHRO,H195A,014,4.0,4.0,BMT,N,0
100878,2026,Fall,2268,1,ANTHRO,H195A,015,4.0,4.0,BMT,N,0
100878,2026,Fall,2268,1,ANTHRO,H195A,016,4.0,4.0,BMT,N,0
100878,2026,Fall,2268,1,ANTHRO,H195A,017,4.0,4.0,BMT,N,0
100878,2026,Fall,2268,1,ANTHRO,H195A,018,4.0,4.0,BMT,N,0
100878,2026,Fall,2268,1,ANTHRO,H195A,019,4.0,4.0,BMT,N,0
100878,2026,Fall,2268,1,ANTHRO,H195A,020,4.0,4.0,BMT,N,0
100878,2026,Fall,2268,1,ANTHRO,H195A,021,4.0,4.0,BMT,N,0
100878,2026,Fall,2268,1,ANTHRO,H195A,022,4.0,4.0,BMT,N,0
100878,2026,Fall,2268,1,ANTHRO,H195A,023,4.0,4.0,BMT,N,0
100878,2026,Fall,2268,1,ANTHRO,H195A,024,4.0,4.0,BMT,N,0
100878,2026,Fall,2268,1,ANTHRO,H195A,025,4.0,4.0,BMT,N,0
100878,2026,Fall,2268,1,ANTHRO,H195A,026,4.0,4.0,BMT,N,0
100878,2026,Fall,2268,1,ANTHRO,H195A,027,4.0,4.0,BMT,N,0
100878,2026,Fall,2268,1,ANTHRO,H195A,028,4.0,4.0,BMT,N,0
100880,2026,Fall,2268,1,ANTHRO,H195B,001,4.0,4.0,OPT,N,0
100880,2026,Fall,2268,1,ANTHRO,H195B,002,4.0,4.0,OPT,N,0
100880,2026,Fall,2268,1,ANTHRO,H195B,003,4.0,4.0,OPT,N,0
100880,2026,Fall,2268,1,ANTHRO,H195B,004,4.0,4.0,OPT,N,0
100880,2026,Fall,2268,1,ANTHRO,H195B,005,4.0,4.0,OPT,N,0
100880,2026,Fall,2268,1,ANTHRO,H195B,006,4.0,4.0,OPT,N,0
100880,2026,Fall,2268,1,ANTHRO,H195B,007,4.0,4.0,OPT,N,0
100880,2026,Fall,2268,1,ANTHRO,H195B,008,4.0,4.0,OPT,N,0
100880,2026,Fall,2268,1,ANTHRO,H195B,009,4.0,4.0,OPT,N,0
100880,2026,Fall,2268,1,ANTHRO,H195B,010,4.0,4.0,OPT,N,0
100880,2026,Fall,2268,1,ANTHRO,H195B,011,4.0,4.0,OPT,N,0
100880,2026,Fall,2268,1,ANTHRO,H195B,012,4.0,4.0,OPT,N,0
100880,2026,Fall,2268,1,ANTHRO,H195B,013,4.0,4.0,OPT,N,0
100880,2026,Fall,2268,1,ANTHRO,H195B,014,4.0,4.0,OPT,N,0
100880,2026,Fall,2268,1,ANTHRO,H195B,015,4.0,4.0,OPT,N,0
100880,2026,Fall,2268,1,ANTHRO,H195B,016,4.0,4.0,OPT,N,0
100880,2026,Fall,2268,1,ANTHRO,H195B,017,4.0,4.0,OPT,N,0
100880,2026,Fall,2268,1,ANTHRO,H195B,018,4.0,4.0,OPT,N,0
100880,2026,Fall,2268,1,ANTHRO,H195B,019,4.0,4.0,OPT,N,0
100880,2026,Fall,2268,1,ANTHRO,H195B,020,4.0,4.0,OPT,N,0
100880,2026,Fall,2268,1,ANTHRO,H195B,021,4.0,4.0,OPT,N,0
100880,2026,Fall,2268,1,ANTHRO,H195B,022,4.0,4.0,OPT,N,0
100880,2026,Fall,2268,1,ANTHRO,H195B,023,4.0,4.0,OPT,N,0
100880,2026,Fall,2268,1,ANTHRO,H195B,024,4.0,4.0,OPT,N,0
100880,2026,Fall,2268,1,ANTHRO,H195B,025,4.0,4.0,OPT,N,0
100880,2026,Fall,2268,1,ANTHRO,H195B,026,4.0,4.0,OPT,N,0
100880,2026,Fall,2268,1,ANTHRO,H195B,027,4.0,4.0,OPT,N,0
100880,2026,Fall,2268,1,ANTHRO,H195B,028,4.0,4.0,OPT,N,0
100893,2026,Fall,2268,1,ANTHRO,R5B,001,4.0,4.0,GRD,N,1600
100893,2026,Fall,2268,1,ANTHRO,R5B,002,4.0,4.0,GRD,N,887
100893,2026,Fall,2268,1,ANTHRO,R5B,003,4.0,4.0,GRD,N,689
100893,2026,Fall,2268,1,ANTHRO,R5B,004,4.0,4.0,GRD,N,377
100893,2026,Fall,2268,1,ANTHRO,R5B,005,4.0,4.0,GRD,N,1014
100893,2026,Fall,2268,1,ANTHRO,R5B,006,4.0,4.0,GRD,N,701
100923,2026,Fall,2268,1,ARABIC,100A,001,3.0,3.0,OPT,Y,100
100928,2026,Fall,2268,1,ARABIC,104A,001,3.0,3.0,OPT,Y,82
100918,2026,Fall,2268,1,ARABIC,1A,001,5.0,5.0,OPT,Y,63
100918,2026,Fall,2268,1,ARABIC,1A,002,5.0,5.0,OPT,Y,42
100918,2026,Fall,2268,1,ARABIC,1A,003,5.0,5.0,OPT,Y,36
100918,2026,Fall,2268,1,ARABIC,1A,004,5.0,5.0,OPT,Y,76
100920,2026,Fall,2268,1,ARABIC,1B,001,5.0,5.0,OPT,Y,29
100965,2026,Fall,2268,1,ARABIC,20A,001,5.0,5.0,OPT,Y,79
100996,2026,Fall,2268,1,ARCH,100A,001,6.0,6.0,OPT,N,101
100998,2026,Fall,2268,1,ARCH,100C,001,6.0,6.0,OPT,N,44
101002,2026,Fall,2268,1,ARCH,102A,001,3.0,3.0,OPT,N,0
101002,2026,Fall,2268,1,ARCH,102A,003,3.0,3.0,OPT,N,0
101007,2026,Fall,2268,1,ARCH,109,001,3.0,3.0,OPT,Y,45
101007,2026,Fall,2268,1,ARCH,109,002,3.0,3.0,OPT,Y,28
101018,2026,Fall,2268,1,ARCH,119,001,1.0,4.0,OPT,Y,0
101012,2026,Fall,2268,1,ARCH,11A,001,4.0,4.0,OPT,N,149
101028,2026,Fall,2268,1,ARCH,129,001,3.0,3.0,OPT,Y,0
101028,2026,Fall,2268,1,ARCH,129,003,1.0,4.0,OPT,Y,0
101032,2026,Fall,2268,1,ARCH,130,001,4.0,4.0,OPT,Y,180
101047,2026,Fall,2268,1,ARCH,139,001,4.0,4.0,OPT,Y,51
101047,2026,Fall,2268,1,ARCH,139,002,1.0,4.0,OPT,Y,0
101047,2026,Fall,2268,1,ARCH,139,003,1.0,4.0,OPT,Y,0
101050,2026,Fall,2268,1,ARCH,142,001,1.0,2.0,PNP,Y,130
101051,2026,Fall,2268,1,ARCH,144,001,1.0,1.0,PNP,Y,65
101052,2026,Fall,2268,1,ARCH,149,001,2.0,2.0,OPT,Y,31
101052,2026,Fall,2268,1,ARCH,149,002,3.0,3.0,OPT,Y,33
101059,2026,Fall,2268,1,ARCH,150,001,4.0,4.0,OPT,Y,46
101073,2026,Fall,2268,1,ARCH,169,002,3.0,3.0,OPT,Y,80
101073,2026,Fall,2268,1,ARCH,169,003,3.0,3.0,OPT,Y,86
101073,2026,Fall,2268,1,ARCH,169,004,3.0,3.0,OPT,Y,6
101075,2026,Fall,2268,1,ARCH,170A,001,4.0,4.0,OPT,Y,201
101092,2026,Fall,2268,1,ARCH,179,001,3.0,3.0,OPT,Y,27
101092,2026,Fall,2268,1,ARCH,179,002,3.0,3.0,OPT,Y,23
101092,2026,Fall,2268,1,ARCH,179,004,3.0,3.0,OPT,Y,0
101096,2026,Fall,2268,1,ARCH,199,001,1.0,4.0,PNP,N,0
101096,2026,Fall,2268,1,ARCH,199,002,1.0,4.0,PNP,N,0
101096,2026,Fall,2268,1,ARCH,199,003,1.0,4.0,PNP,N,0
101096,2026,Fall,2268,1,ARCH,199,004,1.0,4.0,PNP,N,0
101096,2026,Fall,2268,1,ARCH,199,005,1.0,4.0,PNP,N,0
101097,2026,Fall,2268,1,ARCH,200A,001,6.0,6.0,SUS,N,15
101100,2026,Fall,2268,1,ARCH,201,001,6.0,6.0,OPT,Y,31
101104,2026,Fall,2268,1,ARCH,203,001,6.0,6.0,OPT,N,15
101107,2026,Fall,2268,1,ARCH,204A,002,3.0,3.0,OPT,N,15
101107,2026,Fall,2268,1,ARCH,204A,003,3.0,3.0,OPT,N,0
101107,2026,Fall,2268,1,ARCH,204A,004,3.0,3.0,OPT,N,0
101107,2026,Fall,2268,1,ARCH,204A,005,3.0,3.0,OPT,N,0
101107,2026,Fall,2268,1,ARCH,204A,006,3.0,3.0,OPT,N,0
101110,2026,Fall,2268,1,ARCH,205A,001,6.0,6.0,OPT,N,7
101112,2026,Fall,2268,1,ARCH,207A,001,2.0,2.0,SUS,N,21
101113,2026,Fall,2268,1,ARCH,207B,001,1.0,1.0,SUS,Y,21
101114,2026,Fall,2268,1,ARCH,207C,001,1.0,1.0,SUS,N,12
101115,2026,Fall,2268,1,ARCH,207D,001,3.0,3.0,OPT,N,10
101120,2026,Fall,2268,1,ARCH,209,001,1.0,4.0,OPT,N,0
101120,2026,Fall,2268,1,ARCH,209,002,3.0,3.0,OPT,N,12
101120,2026,Fall,2268,1,ARCH,209,003,3.0,3.0,OPT,N,8
101120,2026,Fall,2268,1,ARCH,209,004,3.0,3.0,OPT,N,7
101133,2026,Fall,2268,1,ARCH,219,001,1.0,4.0,OPT,N,0
166761,2026,Fall,2268,1,ARCH,220A,001,2.0,2.0,OPT,N,24
166760,2026,Fall,2268,1,ARCH,220B,001,1.0,1.0,OPT,N,18
101147,2026,Fall,2268,1,ARCH,229,001,3.0,3.0,OPT,N,0
101147,2026,Fall,2268,1,ARCH,229,003,1.0,4.0,OPT,N,0
101165,2026,Fall,2268,1,ARCH,238,001,3.0,3.0,OPT,N,0
101166,2026,Fall,2268,1,ARCH,239,001,4.0,4.0,OPT,N,24
101166,2026,Fall,2268,1,ARCH,239,002,1.0,4.0,OPT,N,0
101166,2026,Fall,2268,1,ARCH,239,003,1.0,4.0,OPT,N,0
101176,2026,Fall,2268,1,ARCH,24,001,1.0,1.0,OPT,Y,0
101180,2026,Fall,2268,1,ARCH,241,001,3.0,3.0,OPT,N,39
101181,2026,Fall,2268,1,ARCH,242,001,1.0,2.0,SUS,N,253
101182,2026,Fall,2268,1,ARCH,243,001,3.0,3.0,OPT,N,0
101183,2026,Fall,2268,1,ARCH,244,001,3.0,3.0,OPT,N,0
101186,2026,Fall,2268,1,ARCH,245,001,3.0,3.0,OPT,N,33
161331,2026,Fall,2268,1,ARCH,246,001,3.0,3.0,OPT,Y,0
101188,2026,Fall,2268,1,ARCH,249,001,2.0,2.0,OPT,N,27
101188,2026,Fall,2268,1,ARCH,249,002,1.0,1.0,OPT,N,34
101188,2026,Fall,2268,1,ARCH,249,003,3.0,3.0,OPT,N,25
158783,2026,Fall,2268,1,ARCH,252,001,3.0,3.0,OPT,N,17
101209,2026,Fall,2268,1,ARCH,260,001,3.0,3.0,OPT,N,18
101214,2026,Fall,2268,1,ARCH,262,001,3.0,3.0,OPT,N,0
101218,2026,Fall,2268,1,ARCH,264,001,3.0,3.0,OPT,N,0
101220,2026,Fall,2268,1,ARCH,269,002,3.0,3.0,OPT,N,17
101220,2026,Fall,2268,1,ARCH,269,003,3.0,3.0,OPT,N,23
101220,2026,Fall,2268,1,ARCH,269,004,3.0,3.0,OPT,N,0
101222,2026,Fall,2268,1,ARCH,270,001,3.0,3.0,OPT,Y,39
101223,2026,Fall,2268,1,ARCH,271,001,4.0,4.0,OPT,N,0
101228,2026,Fall,2268,1,ARCH,279,002,3.0,3.0,OPT,N,26
101228,2026,Fall,2268,1,ARCH,279,003,3.0,3.0,OPT,N,39
101228,2026,Fall,2268,1,ARCH,279,004,1.0,4.0,OPT,N,0
101228,2026,Fall,2268,1,ARCH,279,006,3.0,3.0,OPT,N,0
101240,2026,Fall,2268,1,ARCH,281,001,4.0,4.0,OPT,N,0
101242,2026,Fall,2268,1,ARCH,298,001,1.0,4.0,OPT,N,0
101242,2026,Fall,2268,1,ARCH,298,003,1.0,4.0,OPT,N,0
101242,2026,Fall,2268,1,ARCH,298,004,1.0,4.0,OPT,N,0
101242,2026,Fall,2268,1,ARCH,298,005,1.0,4.0,OPT,N,0
101242,2026,Fall,2268,1,ARCH,298,006,1.0,4.0,OPT,N,0
101242,2026,Fall,2268,1,ARCH,298,007,1.0,4.0,OPT,N,0
101242,2026,Fall,2268,1,ARCH,298,008,1.0,4.0,OPT,N,0
101242,2026,Fall,2268,1,ARCH,298,009,1.0,4.0,OPT,N,0
101242,2026,Fall,2268,1,ARCH,298,010,1.0,4.0,OPT,N,0
101243,2026,Fall,2268,1,ARCH,299,001,1.0,12.0,OPT,N,0
101243,2026,Fall,2268,1,ARCH,299,002,1.0,12.0,OPT,N,0
101243,2026,Fall,2268,1,ARCH,299,003,1.0,12.0,OPT,N,0
101243,2026,Fall,2268,1,ARCH,299,004,1.0,12.0,OPT,N,0
101243,2026,Fall,2268,1,ARCH,299,005,1.0,12.0,OPT,N,0
101243,2026,Fall,2268,1,ARCH,299,006,1.0,12.0,OPT,N,0
101243,2026,Fall,2268,1,ARCH,299,007,1.0,12.0,OPT,N,0
101243,2026,Fall,2268,1,ARCH,299,008,1.0,12.0,OPT,N,0
101243,2026,Fall,2268,1,ARCH,299,009,1.0,12.0,OPT,N,0
101243,2026,Fall,2268,1,ARCH,299,010,1.0,12.0,OPT,N,0
101243,2026,Fall,2268,1,ARCH,299,011,1.0,12.0,OPT,N,0
101243,2026,Fall,2268,1,ARCH,299,012,1.0,12.0,OPT,N,0
101243,2026,Fall,2268,1,ARCH,299,013,1.0,12.0,OPT,N,0
101243,2026,Fall,2268,1,ARCH,299,014,1.0,12.0,OPT,N,0
101243,2026,Fall,2268,1,ARCH,299,015,1.0,12.0,OPT,N,0
101243,2026,Fall,2268,1,ARCH,299,016,1.0,12.0,OPT,N,0
101243,2026,Fall,2268,1,ARCH,299,017,1.0,12.0,OPT,N,0
101243,2026,Fall,2268,1,ARCH,299,018,1.0,12.0,OPT,N,0
101243,2026,Fall,2268,1,ARCH,299,019,1.0,12.0,OPT,N,0
101243,2026,Fall,2268,1,ARCH,299,020,1.0,12.0,OPT,N,0
163453,2026,Fall,2268,1,ARCH,399,001,1.0,3.0,SUS,N,0
163453,2026,Fall,2268,1,ARCH,399,002,1.0,3.0,SUS,N,0
101279,2026,Fall,2268,1,ARCH,602,001,1.0,8.0,SUS,N,0
101279,2026,Fall,2268,1,ARCH,602,002,1.0,8.0,SUS,N,0
101279,2026,Fall,2268,1,ARCH,602,003,1.0,8.0,SUS,N,0
101279,2026,Fall,2268,1,ARCH,602,004,1.0,8.0,SUS,N,0
101279,2026,Fall,2268,1,ARCH,602,005,1.0,8.0,SUS,N,0
101279,2026,Fall,2268,1,ARCH,602,006,1.0,8.0,SUS,N,0
101279,2026,Fall,2268,1,ARCH,602,007,1.0,8.0,SUS,N,0
101309,2026,Fall,2268,1,ARESEC,201,001,4.0,4.0,OPT,Y,24
101311,2026,Fall,2268,1,ARESEC,210,001,4.0,4.0,OPT,Y,39
101314,2026,Fall,2268,1,ARESEC,213,001,4.0,4.0,OPT,Y,22
101316,2026,Fall,2268,1,ARESEC,219A,001,2.0,2.0,OPT,N,14
101321,2026,Fall,2268,1,ARESEC,241,101,3.0,3.0,OPT,Y,38
101323,2026,Fall,2268,1,ARESEC,249,001,1.0,1.0,SUS,N,14
101326,2026,Fall,2268,1,ARESEC,259,001,1.0,1.0,SUS,N,6
101327,2026,Fall,2268,1,ARESEC,261,001,3.0,3.0,OPT,N,38
101331,2026,Fall,2268,1,ARESEC,269,001,1.0,1.0,SUS,N,8
101334,2026,Fall,2268,1,ARESEC,298,001,1.0,6.0,OPT,N,1
101334,2026,Fall,2268,1,ARESEC,298,002,1.0,6.0,OPT,N,2
101334,2026,Fall,2268,1,ARESEC,298,003,1.0,6.0,OPT,N,0
101334,2026,Fall,2268,1,ARESEC,298,004,1.0,6.0,OPT,N,1
101334,2026,Fall,2268,1,ARESEC,298,005,1.0,6.0,OPT,N,0
101334,2026,Fall,2268,1,ARESEC,298,006,1.0,6.0,OPT,N,1
101334,2026,Fall,2268,1,ARESEC,298,007,1.0,6.0,OPT,N,0
101334,2026,Fall,2268,1,ARESEC,298,008,1.0,6.0,OPT,N,0
101334,2026,Fall,2268,1,ARESEC,298,009,1.0,6.0,OPT,N,2
101334,2026,Fall,2268,1,ARESEC,298,010,1.0,6.0,OPT,N,0
101334,2026,Fall,2268,1,ARESEC,298,011,1.0,6.0,OPT,N,0
101334,2026,Fall,2268,1,ARESEC,298,012,1.0,6.0,OPT,N,0
101334,2026,Fall,2268,1,ARESEC,298,013,1.0,6.0,OPT,N,0
101334,2026,Fall,2268,1,ARESEC,298,014,1.0,6.0,OPT,N,0
101334,2026,Fall,2268,1,ARESEC,298,015,1.0,6.0,OPT,N,0
101334,2026,Fall,2268,1,ARESEC,298,016,1.0,6.0,OPT,N,1
101334,2026,Fall,2268,1,ARESEC,298,017,1.0,6.0,OPT,N,0
101334,2026,Fall,2268,1,ARESEC,298,018,1.0,6.0,OPT,N,1
101334,2026,Fall,2268,1,ARESEC,298,019,1.0,6.0,OPT,N,0
101334,2026,Fall,2268,1,ARESEC,298,020,1.0,6.0,OPT,N,0
101334,2026,Fall,2268,1,ARESEC,298,021,1.0,6.0,OPT,N,17
101335,2026,Fall,2268,1,ARESEC,299,001,1.0,12.0,SUS,N,3
101335,2026,Fall,2268,1,ARESEC,299,002,1.0,12.0,SUS,N,2
101335,2026,Fall,2268,1,ARESEC,299,003,1.0,12.0,SUS,N,1
101335,2026,Fall,2268,1,ARESEC,299,004,1.0,12.0,SUS,N,1
101335,2026,Fall,2268,1,ARESEC,299,005,1.0,12.0,SUS,N,1
101335,2026,Fall,2268,1,ARESEC,299,006,1.0,12.0,SUS,N,2
101335,2026,Fall,2268,1,ARESEC,299,007,1.0,12.0,SUS,N,1
101335,2026,Fall,2268,1,ARESEC,299,008,1.0,12.0,SUS,N,2
101335,2026,Fall,2268,1,ARESEC,299,009,1.0,12.0,SUS,N,1
101335,2026,Fall,2268,1,ARESEC,299,010,1.0,12.0,SUS,N,1
101335,2026,Fall,2268,1,ARESEC,299,011,1.0,12.0,SUS,N,2
101335,2026,Fall,2268,1,ARESEC,299,012,1.0,12.0,SUS,N,2
101335,2026,Fall,2268,1,ARESEC,299,013,1.0,12.0,SUS,N,1
101335,2026,Fall,2268,1,ARESEC,299,014,1.0,12.0,SUS,N,2
101335,2026,Fall,2268,1,ARESEC,299,015,1.0,12.0,SUS,N,1
101335,2026,Fall,2268,1,ARESEC,299,016,1.0,12.0,SUS,N,1
101335,2026,Fall,2268,1,ARESEC,299,017,1.0,12.0,SUS,N,1
101335,2026,Fall,2268,1,ARESEC,299,018,1.0,12.0,SUS,N,1
101335,2026,Fall,2268,1,ARESEC,299,019,1.0,12.0,SUS,N,2
101335,2026,Fall,2268,1,ARESEC,299,020,1.0,12.0,SUS,N,2
101335,2026,Fall,2268,1,ARESEC,299,021,1.0,12.0,SUS,N,7
101335,2026,Fall,2268,1,ARESEC,299,022,1.0,12.0,SUS,N,2
101335,2026,Fall,2268,1,ARESEC,299,023,1.0,12.0,SUS,N,1
101338,2026,Fall,2268,1,ARESEC,400,001,1.0,6.0,SUS,N,0
101338,2026,Fall,2268,1,ARESEC,400,002,1.0,6.0,SUS,N,0
101338,2026,Fall,2268,1,ARESEC,400,003,1.0,6.0,SUS,N,1
101338,2026,Fall,2268,1,ARESEC,400,004,1.0,6.0,SUS,N,0
101338,2026,Fall,2268,1,ARESEC,400,005,1.0,6.0,SUS,N,0
101338,2026,Fall,2268,1,ARESEC,400,006,1.0,6.0,SUS,N,0
101338,2026,Fall,2268,1,ARESEC,400,007,1.0,6.0,SUS,N,0
101338,2026,Fall,2268,1,ARESEC,400,008,1.0,6.0,SUS,N,1
101338,2026,Fall,2268,1,ARESEC,400,009,1.0,6.0,SUS,N,0
101338,2026,Fall,2268,1,ARESEC,400,010,1.0,6.0,SUS,N,1
101338,2026,Fall,2268,1,ARESEC,400,011,1.0,6.0,SUS,N,0
101338,2026,Fall,2268,1,ARESEC,400,012,1.0,6.0,SUS,N,0
101338,2026,Fall,2268,1,ARESEC,400,013,1.0,6.0,SUS,N,0
101338,2026,Fall,2268,1,ARESEC,400,014,1.0,6.0,SUS,N,0
101338,2026,Fall,2268,1,ARESEC,400,015,1.0,6.0,SUS,N,2
101338,2026,Fall,2268,1,ARESEC,400,016,1.0,6.0,SUS,N,0
101338,2026,Fall,2268,1,ARESEC,400,017,1.0,6.0,SUS,N,0
101338,2026,Fall,2268,1,ARESEC,400,018,1.0,6.0,SUS,N,0
101338,2026,Fall,2268,1,ARESEC,400,019,1.0,6.0,SUS,N,0
101340,2026,Fall,2268,1,ARESEC,602,001,1.0,12.0,SUS,N,2
101340,2026,Fall,2268,1,ARESEC,602,002,1.0,12.0,SUS,N,2
101340,2026,Fall,2268,1,ARESEC,602,003,1.0,12.0,SUS,N,1
101340,2026,Fall,2268,1,ARESEC,602,004,1.0,12.0,SUS,N,0
101340,2026,Fall,2268,1,ARESEC,602,005,1.0,12.0,SUS,N,0
101340,2026,Fall,2268,1,ARESEC,602,006,1.0,12.0,SUS,N,1
101340,2026,Fall,2268,1,ARESEC,602,007,1.0,12.0,SUS,N,0
101340,2026,Fall,2268,1,ARESEC,602,008,1.0,12.0,SUS,N,0
101340,2026,Fall,2268,1,ARESEC,602,009,1.0,12.0,SUS,N,0
101340,2026,Fall,2268,1,ARESEC,602,010,1.0,12.0,SUS,N,2
101340,2026,Fall,2268,1,ARESEC,602,011,1.0,12.0,SUS,N,0
101340,2026,Fall,2268,1,ARESEC,602,012,1.0,12.0,SUS,N,0
101340,2026,Fall,2268,1,ARESEC,602,013,1.0,12.0,SUS,N,0
101340,2026,Fall,2268,1,ARESEC,602,014,1.0,12.0,SUS,N,0
101340,2026,Fall,2268,1,ARESEC,602,015,1.0,12.0,SUS,N,0
101340,2026,Fall,2268,1,ARESEC,602,016,1.0,12.0,SUS,N,0
101340,2026,Fall,2268,1,ARESEC,602,017,1.0,12.0,SUS,N,0
101340,2026,Fall,2268,1,ARESEC,602,018,1.0,12.0,SUS,N,0
101340,2026,Fall,2268,1,ARESEC,602,019,1.0,12.0,SUS,N,0
101340,2026,Fall,2268,1,ARESEC,602,020,1.0,12.0,SUS,N,0
101340,2026,Fall,2268,1,ARESEC,602,021,1.0,12.0,SUS,N,3
101340,2026,Fall,2268,1,ARESEC,602,022,1.0,12.0,SUS,N,1
101340,2026,Fall,2268,1,ARESEC,602,023,1.0,12.0,SUS,N,0
123867,2026,Fall,2268,1,ARESEC,C251,001,3.0,3.0,OPT,N,15
101351,2026,Fall,2268,1,ARMENI,101A,001,3.0,3.0,OPT,Y,85
101349,2026,Fall,2268,1,ARMENI,1A,001,3.0,3.0,OPT,Y,51
101355,2026,Fall,2268,1,ART,102,001,4.0,4.0,OPT,Y,211
154855,2026,Fall,2268,1,ART,103,001,4.0,4.0,OPT,A,88
157724,2026,Fall,2268,1,ART,116,001,4.0,4.0,OPT,A,99
101370,2026,Fall,2268,1,ART,118,001,4.0,4.0,OPT,A,232
101371,2026,Fall,2268,1,ART,119,001,4.0,4.0,OPT,A,376
101371,2026,Fall,2268,1,ART,119,002,4.0,4.0,OPT,A,188
101372,2026,Fall,2268,1,ART,12,001,4.0,4.0,OPT,N,520
101375,2026,Fall,2268,1,ART,123,001,4.0,4.0,OPT,Y,0
101377,2026,Fall,2268,1,ART,13,001,4.0,4.0,OPT,N,774
101380,2026,Fall,2268,1,ART,132,001,4.0,4.0,OPT,N,87
101381,2026,Fall,2268,1,ART,133,001,4.0,4.0,OPT,N,115
161821,2026,Fall,2268,1,ART,136,001,4.0,4.0,OPT,A,0
101384,2026,Fall,2268,1,ART,14,001,4.0,4.0,OPT,N,360
101388,2026,Fall,2268,1,ART,15,001,4.0,4.0,OPT,Y,869
101391,2026,Fall,2268,1,ART,16,001,4.0,4.0,OPT,A,0
101392,2026,Fall,2268,1,ART,160,001,4.0,4.0,OPT,A,104
101392,2026,Fall,2268,1,ART,160,002,4.0,4.0,OPT,A,202
101392,2026,Fall,2268,1,ART,160,003,4.0,4.0,OPT,A,0
101392,2026,Fall,2268,1,ART,160,004,4.0,4.0,OPT,A,0
101398,2026,Fall,2268,1,ART,165,001,4.0,4.0,OPT,A,170
156605,2026,Fall,2268,1,ART,17,001,4.0,4.0,OPT,N,168
101400,2026,Fall,2268,1,ART,171,001,4.0,4.0,OPT,Y,0
101401,2026,Fall,2268,1,ART,172,001,4.0,4.0,OPT,A,338
101402,2026,Fall,2268,1,ART,173,001,4.0,4.0,OPT,A,649
101406,2026,Fall,2268,1,ART,180,001,4.0,4.0,OPT,A,152
101407,2026,Fall,2268,1,ART,184,001,4.0,4.0,OPT,A,0
101408,2026,Fall,2268,1,ART,185,001,4.0,4.0,OPT,A,15
101408,2026,Fall,2268,1,ART,185,002,4.0,4.0,OPT,A,9
101412,2026,Fall,2268,1,ART,199,001,1.0,4.0,PNP,N,0
101412,2026,Fall,2268,1,ART,199,002,1.0,4.0,PNP,N,0
101412,2026,Fall,2268,1,ART,199,003,1.0,4.0,PNP,N,0
101412,2026,Fall,2268,1,ART,199,004,1.0,4.0,PNP,N,12
101412,2026,Fall,2268,1,ART,199,005,1.0,4.0,PNP,N,0
101412,2026,Fall,2268,1,ART,199,006,1.0,4.0,PNP,N,0
101412,2026,Fall,2268,1,ART,199,007,1.0,4.0,PNP,N,0
101412,2026,Fall,2268,1,ART,199,008,1.0,4.0,PNP,N,0
101412,2026,Fall,2268,1,ART,199,009,1.0,4.0,PNP,N,0
101412,2026,Fall,2268,1,ART,199,010,1.0,4.0,PNP,N,0
101418,2026,Fall,2268,1,ART,21,001,4.0,4.0,OPT,N,727
101421,2026,Fall,2268,1,ART,218,001,4.0,4.0,OPT,N,17
101424,2026,Fall,2268,1,ART,23AC,001,4.0,4.0,OPT,Y,0
159690,2026,Fall,2268,1,ART,25,001,4.0,4.0,OPT,A,113
101426,2026,Fall,2268,1,ART,26,001,4.0,4.0,OPT,A,640
101427,2026,Fall,2268,1,ART,290,001,4.0,4.0,OPT,N,0
101427,2026,Fall,2268,1,ART,290,002,4.0,4.0,OPT,N,0
101427,2026,Fall,2268,1,ART,290,003,4.0,4.0,OPT,N,0
101427,2026,Fall,2268,1,ART,290,004,4.0,4.0,OPT,N,0
101427,2026,Fall,2268,1,ART,290,005,4.0,4.0,OPT,N,0
101427,2026,Fall,2268,1,ART,290,006,4.0,4.0,OPT,N,0
101427,2026,Fall,2268,1,ART,290,007,4.0,4.0,OPT,N,0
101427,2026,Fall,2268,1,ART,290,008,4.0,4.0,OPT,N,0
101427,2026,Fall,2268,1,ART,290,009,4.0,4.0,OPT,N,0
101427,2026,Fall,2268,1,ART,290,010,4.0,4.0,OPT,N,7
101427,2026,Fall,2268,1,ART,290,011,4.0,4.0,OPT,N,1
101428,2026,Fall,2268,1,ART,294,001,4.0,4.0,OPT,N,4
101429,2026,Fall,2268,1,ART,295,001,4.0,12.0,OPT,N,1
101429,2026,Fall,2268,1,ART,295,002,4.0,12.0,OPT,N,2
101429,2026,Fall,2268,1,ART,295,003,4.0,12.0,OPT,N,0
101429,2026,Fall,2268,1,ART,295,004,4.0,12.0,OPT,N,1
101429,2026,Fall,2268,1,ART,295,005,4.0,12.0,OPT,N,0
101429,2026,Fall,2268,1,ART,295,006,4.0,12.0,OPT,N,0
101429,2026,Fall,2268,1,ART,295,007,4.0,12.0,OPT,N,1
101429,2026,Fall,2268,1,ART,295,008,4.0,12.0,OPT,N,0
101429,2026,Fall,2268,1,ART,295,009,4.0,12.0,OPT,N,0
101429,2026,Fall,2268,1,ART,295,10,4.0,12.0,OPT,N,0
101429,2026,Fall,2268,1,ART,295,11,4.0,12.0,OPT,N,0
101429,2026,Fall,2268,1,ART,295,12,4.0,12.0,OPT,N,0
101429,2026,Fall,2268,1,ART,295,13,4.0,12.0,OPT,N,0
162511,2026,Fall,2268,1,ART,30,001,3.0,3.0,OPT,Y,2072
101432,2026,Fall,2268,1,ART,375,001,2.0,2.0,SUS,N,38
101435,2026,Fall,2268,1,ART,8,001,4.0,4.0,OPT,Y,2346
101441,2026,Fall,2268,1,ART,H195A,001,4.0,4.0,OPT,N,0
101441,2026,Fall,2268,1,ART,H195A,002,4.0,4.0,OPT,N,0
101441,2026,Fall,2268,1,ART,H195A,003,4.0,4.0,OPT,N,0
101441,2026,Fall,2268,1,ART,H195A,004,4.0,4.0,OPT,N,0
101441,2026,Fall,2268,1,ART,H195A,005,4.0,4.0,OPT,N,0
101442,2026,Fall,2268,1,ART,H195B,001,4.0,4.0,OPT,N,0
101442,2026,Fall,2268,1,ART,H195B,002,4.0,4.0,OPT,N,0
101455,2026,Fall,2268,1,ASAMST,121,001,4.0,4.0,OPT,Y,0
101456,2026,Fall,2268,1,ASAMST,122,001,4.0,4.0,OPT,Y,0
101458,2026,Fall,2268,1,ASAMST,124,001,4.0,4.0,OPT,Y,319
101459,2026,Fall,2268,1,ASAMST,125,001,4.0,4.0,OPT,Y,0
101461,2026,Fall,2268,1,ASAMST,127,001,4.0,4.0,OPT,Y,0
101462,2026,Fall,2268,1,ASAMST,128AC,001,4.0,4.0,OPT,Y,1870
101465,2026,Fall,2268,1,ASAMST,131,001,4.0,4.0,OPT,Y,187
101468,2026,Fall,2268,1,ASAMST,138,001,4.0,4.0,OPT,Y,276
101469,2026,Fall,2268,1,ASAMST,141,001,4.0,4.0,OPT,Y,209
125549,2026,Fall,2268,1,ASAMST,143AC,001,3.0,3.0,OPT,N,1115
101474,2026,Fall,2268,1,ASAMST,145AC,001,4.0,4.0,OPT,N,0
101475,2026,Fall,2268,1,ASAMST,146,001,4.0,4.0,OPT,Y,139
101483,2026,Fall,2268,1,ASAMST,171,001,4.0,4.0,OPT,Y,0
101484,2026,Fall,2268,1,ASAMST,172,001,4.0,4.0,OPT,Y,0
101485,2026,Fall,2268,1,ASAMST,173,001,4.0,4.0,OPT,Y,0
101487,2026,Fall,2268,1,ASAMST,175,001,4.0,4.0,OPT,A,0
101488,2026,Fall,2268,1,ASAMST,176,001,4.0,4.0,OPT,Y,236
101497,2026,Fall,2268,1,ASAMST,190,001,4.0,4.0,OPT,Y,0
101497,2026,Fall,2268,1,ASAMST,190,002,4.0,4.0,OPT,Y,172
147889,2026,Fall,2268,1,ASAMST,194A,001,2.0,2.0,BMT,N,0
147889,2026,Fall,2268,1,ASAMST,194A,002,2.0,2.0,BMT,N,0
147889,2026,Fall,2268,1,ASAMST,194A,003,2.0,2.0,BMT,N,0
101505,2026,Fall,2268,1,ASAMST,195,001,4.0,4.0,OPT,N,0
101505,2026,Fall,2268,1,ASAMST,195,002,4.0,4.0,OPT,N,0
101506,2026,Fall,2268,1,ASAMST,197,001,1.0,3.0,PNP,A,0
101506,2026,Fall,2268,1,ASAMST,197,002,1.0,3.0,PNP,A,0
101506,2026,Fall,2268,1,ASAMST,197,003,1.0,3.0,PNP,A,0
101506,2026,Fall,2268,1,ASAMST,197,004,1.0,3.0,PNP,A,0
101506,2026,Fall,2268,1,ASAMST,197,005,1.0,3.0,PNP,A,0
101506,2026,Fall,2268,1,ASAMST,197,006,1.0,3.0,PNP,A,0
101506,2026,Fall,2268,1,ASAMST,197,007,1.0,3.0,PNP,A,0
101506,2026,Fall,2268,1,ASAMST,197,008,1.0,3.0,PNP,A,0
101506,2026,Fall,2268,1,ASAMST,197,009,1.0,3.0,PNP,A,0
101506,2026,Fall,2268,1,ASAMST,197,010,1.0,3.0,PNP,A,0
101506,2026,Fall,2268,1,ASAMST,197,011,1.0,3.0,PNP,A,0
101506,2026,Fall,2268,1,ASAMST,197,012,1.0,3.0,PNP,A,0
101506,2026,Fall,2268,1,ASAMST,197,013,1.0,3.0,PNP,A,0
101506,2026,Fall,2268,1,ASAMST,197,014,1.0,3.0,PNP,A,0
101506,2026,Fall,2268,1,ASAMST,197,015,1.0,3.0,PNP,A,0
101506,2026,Fall,2268,1,ASAMST,197,016,1.0,3.0,PNP,A,0
101506,2026,Fall,2268,1,ASAMST,197,017,1.0,3.0,PNP,A,0
101506,2026,Fall,2268,1,ASAMST,197,018,1.0,3.0,PNP,A,0
101506,2026,Fall,2268,1,ASAMST,197,019,1.0,3.0,PNP,A,0
101506,2026,Fall,2268,1,ASAMST,197,020,1.0,3.0,PNP,A,0
101506,2026,Fall,2268,1,ASAMST,197,021,1.0,3.0,PNP,A,0
101506,2026,Fall,2268,1,ASAMST,197,022,1.0,3.0,PNP,A,0
101506,2026,Fall,2268,1,ASAMST,197,023,1.0,3.0,PNP,A,0
101508,2026,Fall,2268,1,ASAMST,199,001,1.0,4.0,PNP,N,0
101508,2026,Fall,2268,1,ASAMST,199,002,1.0,4.0,PNP,N,0
101508,2026,Fall,2268,1,ASAMST,199,003,1.0,4.0,PNP,N,0
101508,2026,Fall,2268,1,ASAMST,199,004,1.0,4.0,PNP,N,0
101508,2026,Fall,2268,1,ASAMST,199,005,1.0,4.0,PNP,N,0
101508,2026,Fall,2268,1,ASAMST,199,006,1.0,4.0,PNP,N,0
101511,2026,Fall,2268,1,ASAMST,20A,001,4.0,4.0,OPT,Y,0
124500,2026,Fall,2268,1,ASAMST,20AC,001,4.0,4.0,OPT,Y,1070
124500,2026,Fall,2268,1,ASAMST,20AC,UC01,4.0,4.0,OPT,Y,0
101513,2026,Fall,2268,1,ASAMST,20C,001,4.0,4.0,OPT,Y,449
101514,2026,Fall,2268,1,ASAMST,24,001,1.0,1.0,OPT,Y,0
101515,2026,Fall,2268,1,ASAMST,39,001,1.5,2.0,OPT,Y,0
101543,2026,Fall,2268,1,ASAMST,97,001,1.0,3.0,PNP,N,0
101543,2026,Fall,2268,1,ASAMST,97,002,1.0,3.0,PNP,N,0
101543,2026,Fall,2268,1,ASAMST,97,003,1.0,3.0,PNP,N,0
101543,2026,Fall,2268,1,ASAMST,97,004,1.0,3.0,PNP,N,0
101543,2026,Fall,2268,1,ASAMST,97,005,1.0,3.0,PNP,N,0
101543,2026,Fall,2268,1,ASAMST,97,006,1.0,3.0,PNP,N,0
101543,2026,Fall,2268,1,ASAMST,97,007,1.0,3.0,PNP,N,0
101543,2026,Fall,2268,1,ASAMST,97,008,1.0,3.0,PNP,N,0
101543,2026,Fall,2268,1,ASAMST,97,009,1.0,3.0,PNP,N,0
101543,2026,Fall,2268,1,ASAMST,97,010,1.0,3.0,PNP,N,0
101543,2026,Fall,2268,1,ASAMST,97,011,1.0,3.0,PNP,N,0
101543,2026,Fall,2268,1,ASAMST,97,012,1.0,3.0,PNP,N,0
101543,2026,Fall,2268,1,ASAMST,97,013,1.0,3.0,PNP,N,0
101543,2026,Fall,2268,1,ASAMST,97,014,1.0,3.0,PNP,N,0
101543,2026,Fall,2268,1,ASAMST,97,015,1.0,3.0,PNP,N,0
101543,2026,Fall,2268,1,ASAMST,97,016,1.0,3.0,PNP,N,0
101543,2026,Fall,2268,1,ASAMST,97,017,1.0,3.0,PNP,N,0
101543,2026,Fall,2268,1,ASAMST,97,018,1.0,3.0,PNP,N,0
101543,2026,Fall,2268,1,ASAMST,97,019,1.0,3.0,PNP,N,0
101543,2026,Fall,2268,1,ASAMST,97,020,1.0,3.0,PNP,N,0
101543,2026,Fall,2268,1,ASAMST,97,021,1.0,3.0,PNP,N,0
101543,2026,Fall,2268,1,ASAMST,97,022,1.0,3.0,PNP,N,0
101545,2026,Fall,2268,1,ASAMST,99,001,1.0,4.0,PNP,N,0
101545,2026,Fall,2268,1,ASAMST,99,002,1.0,4.0,PNP,N,0
101545,2026,Fall,2268,1,ASAMST,99,003,1.0,4.0,PNP,N,0
101545,2026,Fall,2268,1,ASAMST,99,004,1.0,4.0,PNP,N,0
101545,2026,Fall,2268,1,ASAMST,99,005,1.0,4.0,PNP,N,0
101547,2026,Fall,2268,1,ASAMST,H195A,001,3.0,3.0,BMT,N,0
101549,2026,Fall,2268,1,ASAMST,R2A,001,4.0,4.0,GRD,N,325
101578,2026,Fall,2268,1,ASIANST,201,001,1.0,1.0,SUS,N,22
101580,2026,Fall,2268,1,ASIANST,298,001,2.0,6.0,SUS,N,0
101581,2026,Fall,2268,1,ASIANST,299,001,1.0,7.0,SUS,N,0
101593,2026,Fall,2268,1,AST,299,001,1.0,12.0,SUS,N,0
101593,2026,Fall,2268,1,AST,299,002,1.0,12.0,SUS,N,0
101593,2026,Fall,2268,1,AST,299,003,1.0,12.0,SUS,N,0
101593,2026,Fall,2268,1,AST,299,004,1.0,12.0,SUS,N,1
101593,2026,Fall,2268,1,AST,299,005,1.0,12.0,SUS,N,0
101593,2026,Fall,2268,1,AST,299,008,1.0,12.0,SUS,N,0
101593,2026,Fall,2268,1,AST,299,009,1.0,12.0,SUS,N,0
101593,2026,Fall,2268,1,AST,299,010,1.0,12.0,SUS,N,0
101593,2026,Fall,2268,1,AST,299,012,1.0,12.0,SUS,N,0
101593,2026,Fall,2268,1,AST,299,013,1.0,12.0,SUS,N,0
101593,2026,Fall,2268,1,AST,299,014,1.0,12.0,SUS,N,0
101593,2026,Fall,2268,1,AST,299,015,1.0,12.0,SUS,N,0
101593,2026,Fall,2268,1,AST,299,016,1.0,12.0,SUS,N,0
101593,2026,Fall,2268,1,AST,299,018,1.0,12.0,SUS,N,0
101593,2026,Fall,2268,1,AST,299,020,1.0,12.0,SUS,N,0
101593,2026,Fall,2268,1,AST,299,021,1.0,12.0,SUS,N,0
101593,2026,Fall,2268,1,AST,299,023,1.0,12.0,SUS,N,0
101593,2026,Fall,2268,1,AST,299,024,1.0,12.0,SUS,N,0
101593,2026,Fall,2268,1,AST,299,025,1.0,12.0,SUS,N,0
101593,2026,Fall,2268,1,AST,299,027,1.0,12.0,SUS,N,0
101593,2026,Fall,2268,1,AST,299,028,1.0,12.0,SUS,N,0
101593,2026,Fall,2268,1,AST,299,029,1.0,12.0,SUS,N,0
101593,2026,Fall,2268,1,AST,299,030,1.0,12.0,SUS,N,0
101593,2026,Fall,2268,1,AST,299,031,1.0,12.0,SUS,N,0
101593,2026,Fall,2268,1,AST,299,032,1.0,12.0,SUS,N,0
101593,2026,Fall,2268,1,AST,299,033,1.0,12.0,SUS,N,0
101593,2026,Fall,2268,1,AST,299,034,1.0,12.0,SUS,N,1
101593,2026,Fall,2268,1,AST,299,035,1.0,12.0,SUS,N,0
101593,2026,Fall,2268,1,AST,299,036,1.0,12.0,SUS,N,0
101593,2026,Fall,2268,1,AST,299,037,1.0,12.0,SUS,N,0
101593,2026,Fall,2268,1,AST,299,038,1.0,12.0,SUS,N,0
101593,2026,Fall,2268,1,AST,299,039,1.0,12.0,SUS,N,1
101593,2026,Fall,2268,1,AST,299,040,1.0,12.0,SUS,N,1
101593,2026,Fall,2268,1,AST,299,041,1.0,12.0,SUS,N,0
101593,2026,Fall,2268,1,AST,299,042,1.0,12.0,SUS,N,0
101593,2026,Fall,2268,1,AST,299,043,1.0,12.0,SUS,N,1
101593,2026,Fall,2268,1,AST,299,044,1.0,12.0,SUS,N,0
101593,2026,Fall,2268,1,AST,299,045,1.0,12.0,SUS,N,0
101593,2026,Fall,2268,1,AST,299,046,1.0,12.0,SUS,N,0
101593,2026,Fall,2268,1,AST,299,047,1.0,12.0,SUS,N,0
101593,2026,Fall,2268,1,AST,299,048,1.0,12.0,SUS,N,0
101593,2026,Fall,2268,1,AST,299,049,1.0,12.0,SUS,N,0
101593,2026,Fall,2268,1,AST,299,50,1.0,12.0,SUS,N,0
123551,2026,Fall,2268,1,AST,C225,001,3.0,3.0,OPT,N,5
167813,2026,Fall,2268,1,ASTRON,11,001,4.0,4.0,OPT,N,2511
101599,2026,Fall,2268,1,ASTRON,120,001,4.0,4.0,OPT,N,133
157491,2026,Fall,2268,1,ASTRON,128,001,4.0,4.0,OPT,N,0
101609,2026,Fall,2268,1,ASTRON,160,001,4.0,4.0,OPT,Y,150
101614,2026,Fall,2268,1,ASTRON,199,001,1.0,4.0,PNP,N,0
101614,2026,Fall,2268,1,ASTRON,199,002,1.0,4.0,PNP,N,0
101614,2026,Fall,2268,1,ASTRON,199,003,1.0,4.0,PNP,N,0
101614,2026,Fall,2268,1,ASTRON,199,004,1.0,4.0,PNP,N,0
101614,2026,Fall,2268,1,ASTRON,199,005,1.0,4.0,PNP,N,0
101614,2026,Fall,2268,1,ASTRON,199,006,1.0,4.0,PNP,N,0
101614,2026,Fall,2268,1,ASTRON,199,007,1.0,4.0,PNP,N,0
101614,2026,Fall,2268,1,ASTRON,199,009,1.0,4.0,PNP,N,0
101614,2026,Fall,2268,1,ASTRON,199,010,1.0,4.0,PNP,N,0
101614,2026,Fall,2268,1,ASTRON,199,011,1.0,4.0,PNP,N,0
101614,2026,Fall,2268,1,ASTRON,199,012,1.0,4.0,PNP,N,0
101614,2026,Fall,2268,1,ASTRON,199,013,1.0,4.0,PNP,N,0
101614,2026,Fall,2268,1,ASTRON,199,014,1.0,4.0,PNP,N,0
101614,2026,Fall,2268,1,ASTRON,199,015,1.0,4.0,PNP,N,0
101623,2026,Fall,2268,1,ASTRON,218,001,3.0,3.0,OPT,N,0
101629,2026,Fall,2268,1,ASTRON,250,001,3.0,3.0,OPT,N,0
101630,2026,Fall,2268,1,ASTRON,252,001,3.0,3.0,OPT,Y,56
157718,2026,Fall,2268,1,ASTRON,256,001,4.0,4.0,OPT,Y,0
101638,2026,Fall,2268,1,ASTRON,290B,001,1.0,1.0,SUS,N,0
101639,2026,Fall,2268,1,ASTRON,292,001,1.0,2.0,SUS,N,89
101639,2026,Fall,2268,1,ASTRON,292,002,1.0,2.0,SUS,N,34
101641,2026,Fall,2268,1,ASTRON,299,001,2.0,12.0,OPT,N,8
101641,2026,Fall,2268,1,ASTRON,299,002,2.0,12.0,OPT,N,2
101641,2026,Fall,2268,1,ASTRON,299,003,2.0,12.0,OPT,N,4
101641,2026,Fall,2268,1,ASTRON,299,004,2.0,12.0,OPT,N,4
101641,2026,Fall,2268,1,ASTRON,299,005,2.0,12.0,OPT,N,2
101641,2026,Fall,2268,1,ASTRON,299,006,2.0,12.0,OPT,N,6
101641,2026,Fall,2268,1,ASTRON,299,007,2.0,12.0,OPT,N,0
101641,2026,Fall,2268,1,ASTRON,299,008,2.0,12.0,OPT,N,0
101641,2026,Fall,2268,1,ASTRON,299,009,2.0,12.0,OPT,N,1
101641,2026,Fall,2268,1,ASTRON,299,010,2.0,12.0,OPT,N,1
101641,2026,Fall,2268,1,ASTRON,299,011,2.0,12.0,OPT,N,0
101641,2026,Fall,2268,1,ASTRON,299,012,2.0,12.0,OPT,N,0
101641,2026,Fall,2268,1,ASTRON,299,013,2.0,12.0,OPT,N,0
101641,2026,Fall,2268,1,ASTRON,299,014,2.0,12.0,OPT,N,1
101641,2026,Fall,2268,1,ASTRON,299,015,2.0,12.0,OPT,N,2
101641,2026,Fall,2268,1,ASTRON,299,016,2.0,12.0,OPT,N,0
101641,2026,Fall,2268,1,ASTRON,299,017,2.0,12.0,OPT,N,0
101641,2026,Fall,2268,1,ASTRON,299,018,2.0,12.0,OPT,N,0
101641,2026,Fall,2268,1,ASTRON,299,019,2.0,12.0,OPT,N,0
101641,2026,Fall,2268,1,ASTRON,299,020,2.0,12.0,OPT,N,0
101652,2026,Fall,2268,1,ASTRON,7A,001,4.0,4.0,OPT,Y,633
101668,2026,Fall,2268,1,ASTRON,98,002,2.0,2.0,PNP,N,15
123924,2026,Fall,2268,1,ASTRON,C10,001,4.0,4.0,OPT,Y,0
124566,2026,Fall,2268,1,ASTRON,C162,001,4.0,4.0,OPT,Y,29
161985,2026,Fall,2268,1,ASTRON,C180,001,4.0,4.0,OPT,C,0
124271,2026,Fall,2268,1,ASTRON,C202,001,4.0,4.0,OPT,N,45
124272,2026,Fall,2268,1,ASTRON,C207,001,4.0,4.0,OPT,Y,0
124009,2026,Fall,2268,1,ASTRON,C228,001,3.0,3.0,OPT,N,69
124349,2026,Fall,2268,1,ASTRON,C254,001,3.0,3.0,OPT,N,1
124268,2026,Fall,2268,1,ASTRON,C285,001,1.0,1.0,SUS,N,22
124018,2026,Fall,2268,1,ASTRON,C290C,001,2.0,2.0,SUS,N,56
124417,2026,Fall,2268,1,ASTRON,C292,001,1.0,1.0,SUS,N,19
101671,2026,Fall,2268,1,ASTRON,H195,001,2.0,4.0,OPT,N,0
101671,2026,Fall,2268,1,ASTRON,H195,002,2.0,4.0,OPT,N,0
101671,2026,Fall,2268,1,ASTRON,H195,003,2.0,4.0,OPT,N,0
101671,2026,Fall,2268,1,ASTRON,H195,004,2.0,4.0,OPT,N,0
101671,2026,Fall,2268,1,ASTRON,H195,005,2.0,4.0,OPT,N,0
101671,2026,Fall,2268,1,ASTRON,H195,006,2.0,4.0,OPT,N,0
101671,2026,Fall,2268,1,ASTRON,H195,007,2.0,4.0,OPT,N,0
101671,2026,Fall,2268,1,ASTRON,H195,008,2.0,4.0,OPT,N,0
101671,2026,Fall,2268,1,ASTRON,H195,009,2.0,4.0,OPT,N,0
101671,2026,Fall,2268,1,ASTRON,H195,010,2.0,4.0,OPT,N,0
101671,2026,Fall,2268,1,ASTRON,H195,011,2.0,4.0,OPT,N,3
101671,2026,Fall,2268,1,ASTRON,H195,012,2.0,4.0,OPT,N,2
101687,2026,Fall,2268,1,BANGLA,1A,001,5.0,5.0,OPT,Y,60
101996,2026,Fall,2268,1,BIOENG,10,001,4.0,4.0,OPT,Y,1819
101997,2026,Fall,2268,1,BIOENG,100,001,3.0,3.0,OPT,Y,1868
101999,2026,Fall,2268,1,BIOENG,102,001,4.0,4.0,OPT,Y,187
125338,2026,Fall,2268,1,BIOENG,103,001,4.0,4.0,OPT,Y,231
156602,2026,Fall,2268,1,BIOENG,105,001,4.0,4.0,OPT,Y,157
102001,2026,Fall,2268,1,BIOENG,110,001,4.0,4.0,OPT,Y,239
125340,2026,Fall,2268,1,BIOENG,114,001,4.0,4.0,OPT,Y,52
102007,2026,Fall,2268,1,BIOENG,121,001,4.0,4.0,OPT,A,148
102009,2026,Fall,2268,1,BIOENG,124,001,3.0,3.0,OPT,Y,272
102013,2026,Fall,2268,1,BIOENG,140L,001,4.0,4.0,OPT,Y,114
102018,2026,Fall,2268,1,BIOENG,147,001,4.0,4.0,OPT,A,84
102019,2026,Fall,2268,1,BIOENG,148,001,3.0,3.0,OPT,Y,0
102020,2026,Fall,2268,1,BIOENG,150,001,4.0,4.0,OPT,Y,122
102024,2026,Fall,2268,1,BIOENG,163,001,4.0,4.0,OPT,A,145
102027,2026,Fall,2268,1,BIOENG,168L,001,3.0,3.0,OPT,Y,140
102056,2026,Fall,2268,1,BIOENG,192,001,5.0,5.0,OPT,N,66
102057,2026,Fall,2268,1,BIOENG,196,001,2.0,4.0,OPT,A,0
102057,2026,Fall,2268,1,BIOENG,196,002,2.0,4.0,OPT,A,0
102057,2026,Fall,2268,1,BIOENG,196,003,2.0,4.0,OPT,A,0
102057,2026,Fall,2268,1,BIOENG,196,004,2.0,4.0,OPT,A,0
102057,2026,Fall,2268,1,BIOENG,196,005,2.0,4.0,OPT,A,0
102057,2026,Fall,2268,1,BIOENG,196,006,2.0,4.0,OPT,A,0
102057,2026,Fall,2268,1,BIOENG,196,007,2.0,4.0,OPT,A,0
102057,2026,Fall,2268,1,BIOENG,196,008,2.0,4.0,OPT,A,0
102057,2026,Fall,2268,1,BIOENG,196,009,2.0,4.0,OPT,A,0
102057,2026,Fall,2268,1,BIOENG,196,010,2.0,4.0,OPT,A,0
102057,2026,Fall,2268,1,BIOENG,196,011,2.0,4.0,OPT,A,0
102057,2026,Fall,2268,1,BIOENG,196,012,2.0,4.0,OPT,A,0
102057,2026,Fall,2268,1,BIOENG,196,013,2.0,4.0,OPT,A,0
102057,2026,Fall,2268,1,BIOENG,196,014,2.0,4.0,OPT,A,0
102057,2026,Fall,2268,1,BIOENG,196,015,2.0,4.0,OPT,A,0
102057,2026,Fall,2268,1,BIOENG,196,016,2.0,4.0,OPT,A,0
102057,2026,Fall,2268,1,BIOENG,196,017,2.0,4.0,OPT,A,0
102057,2026,Fall,2268,1,BIOENG,196,018,2.0,4.0,OPT,A,0
102057,2026,Fall,2268,1,BIOENG,196,019,2.0,4.0,OPT,A,0
102057,2026,Fall,2268,1,BIOENG,196,020,2.0,4.0,OPT,A,0
102057,2026,Fall,2268,1,BIOENG,196,021,2.0,4.0,OPT,A,0
102057,2026,Fall,2268,1,BIOENG,196,022,2.0,4.0,OPT,A,0
102057,2026,Fall,2268,1,BIOENG,196,023,2.0,4.0,OPT,A,0
102057,2026,Fall,2268,1,BIOENG,196,024,2.0,4.0,OPT,A,0
102057,2026,Fall,2268,1,BIOENG,196,025,2.0,4.0,OPT,A,0
102057,2026,Fall,2268,1,BIOENG,196,026,2.0,4.0,OPT,A,0
102057,2026,Fall,2268,1,BIOENG,196,027,2.0,4.0,OPT,A,0
102057,2026,Fall,2268,1,BIOENG,196,028,2.0,4.0,OPT,A,0
102057,2026,Fall,2268,1,BIOENG,196,029,2.0,4.0,OPT,A,0
102057,2026,Fall,2268,1,BIOENG,196,030,2.0,4.0,OPT,A,0
102057,2026,Fall,2268,1,BIOENG,196,031,2.0,4.0,OPT,A,0
102057,2026,Fall,2268,1,BIOENG,196,032,2.0,4.0,OPT,A,0
102057,2026,Fall,2268,1,BIOENG,196,033,2.0,4.0,OPT,A,0
102059,2026,Fall,2268,1,BIOENG,199,001,1.0,4.0,PNP,N,0
102059,2026,Fall,2268,1,BIOENG,199,002,1.0,4.0,PNP,N,0
102059,2026,Fall,2268,1,BIOENG,199,003,1.0,4.0,PNP,N,0
102059,2026,Fall,2268,1,BIOENG,199,004,1.0,4.0,PNP,N,0
102059,2026,Fall,2268,1,BIOENG,199,005,1.0,4.0,PNP,N,0
102059,2026,Fall,2268,1,BIOENG,199,006,1.0,4.0,PNP,N,0
102059,2026,Fall,2268,1,BIOENG,199,007,1.0,4.0,PNP,N,0
102059,2026,Fall,2268,1,BIOENG,199,008,1.0,4.0,PNP,N,0
102059,2026,Fall,2268,1,BIOENG,199,009,1.0,4.0,PNP,N,0
102059,2026,Fall,2268,1,BIOENG,199,010,1.0,4.0,PNP,N,0
102059,2026,Fall,2268,1,BIOENG,199,011,1.0,4.0,PNP,N,0
102059,2026,Fall,2268,1,BIOENG,199,012,1.0,4.0,PNP,N,0
102059,2026,Fall,2268,1,BIOENG,199,013,1.0,4.0,PNP,N,0
102059,2026,Fall,2268,1,BIOENG,199,014,1.0,4.0,PNP,N,0
102059,2026,Fall,2268,1,BIOENG,199,015,1.0,4.0,PNP,N,0
102059,2026,Fall,2268,1,BIOENG,199,016,1.0,4.0,PNP,N,0
102059,2026,Fall,2268,1,BIOENG,199,017,1.0,4.0,PNP,N,0
102059,2026,Fall,2268,1,BIOENG,199,018,1.0,4.0,PNP,N,0
102059,2026,Fall,2268,1,BIOENG,199,019,1.0,4.0,PNP,N,0
102059,2026,Fall,2268,1,BIOENG,199,020,1.0,4.0,PNP,N,0
102059,2026,Fall,2268,1,BIOENG,199,022,1.0,4.0,PNP,N,0
102059,2026,Fall,2268,1,BIOENG,199,023,1.0,4.0,PNP,N,0
102059,2026,Fall,2268,1,BIOENG,199,024,1.0,4.0,PNP,N,0
102059,2026,Fall,2268,1,BIOENG,199,025,1.0,4.0,PNP,N,0
102059,2026,Fall,2268,1,BIOENG,199,026,1.0,4.0,PNP,N,0
102059,2026,Fall,2268,1,BIOENG,199,027,1.0,4.0,PNP,N,0
102059,2026,Fall,2268,1,BIOENG,199,028,1.0,4.0,PNP,N,0
102060,2026,Fall,2268,1,BIOENG,200,001,1.0,1.0,SUS,N,20
157290,2026,Fall,2268,1,BIOENG,202,001,4.0,4.0,OPT,Y,4
102068,2026,Fall,2268,1,BIOENG,221,001,4.0,4.0,OPT,Y,36
102070,2026,Fall,2268,1,BIOENG,224,001,3.0,3.0,OPT,Y,52
102079,2026,Fall,2268,1,BIOENG,247,001,4.0,4.0,OPT,Y,22
102080,2026,Fall,2268,1,BIOENG,248,001,3.0,3.0,OPT,N,0
125342,2026,Fall,2268,1,BIOENG,252,001,2.0,2.0,OPT,N,72
148016,2026,Fall,2268,1,BIOENG,26,001,1.0,1.0,PNP,N,329
102083,2026,Fall,2268,1,BIOENG,263,001,4.0,4.0,OPT,N,34
164356,2026,Fall,2268,1,BIOENG,291,001,2.0,2.0,OPT,N,39
155324,2026,Fall,2268,1,BIOENG,297,001,1.0,1.0,SUS,N,14
102115,2026,Fall,2268,1,BIOENG,298,002,1.0,8.0,SUS,N,1
102115,2026,Fall,2268,1,BIOENG,298,003,1.0,8.0,SUS,N,0
102115,2026,Fall,2268,1,BIOENG,298,004,1.0,8.0,SUS,N,1
102115,2026,Fall,2268,1,BIOENG,298,005,1.0,8.0,SUS,N,0
102115,2026,Fall,2268,1,BIOENG,298,006,1.0,8.0,SUS,N,1
102115,2026,Fall,2268,1,BIOENG,298,007,1.0,8.0,SUS,N,0
102115,2026,Fall,2268,1,BIOENG,298,008,1.0,8.0,SUS,N,0
102115,2026,Fall,2268,1,BIOENG,298,009,1.0,8.0,SUS,N,1
102115,2026,Fall,2268,1,BIOENG,298,010,1.0,8.0,SUS,N,1
102115,2026,Fall,2268,1,BIOENG,298,011,1.0,8.0,SUS,N,0
102115,2026,Fall,2268,1,BIOENG,298,012,1.0,8.0,SUS,N,6
102115,2026,Fall,2268,1,BIOENG,298,014,1.0,8.0,SUS,N,1
102115,2026,Fall,2268,1,BIOENG,298,015,1.0,8.0,SUS,N,0
102115,2026,Fall,2268,1,BIOENG,298,016,1.0,8.0,SUS,N,1
102115,2026,Fall,2268,1,BIOENG,298,017,1.0,8.0,SUS,N,0
102115,2026,Fall,2268,1,BIOENG,298,018,1.0,8.0,SUS,N,1
102115,2026,Fall,2268,1,BIOENG,298,019,1.0,8.0,SUS,N,0
102115,2026,Fall,2268,1,BIOENG,298,020,1.0,8.0,SUS,N,0
102115,2026,Fall,2268,1,BIOENG,298,022,1.0,8.0,SUS,N,1
102115,2026,Fall,2268,1,BIOENG,298,023,1.0,8.0,SUS,N,1
102115,2026,Fall,2268,1,BIOENG,298,024,1.0,8.0,SUS,N,0
102115,2026,Fall,2268,1,BIOENG,298,025,1.0,8.0,SUS,N,0
102115,2026,Fall,2268,1,BIOENG,298,026,1.0,8.0,SUS,N,0
102116,2026,Fall,2268,1,BIOENG,299,001,1.0,12.0,SUS,N,2
102116,2026,Fall,2268,1,BIOENG,299,002,1.0,12.0,SUS,N,0
102116,2026,Fall,2268,1,BIOENG,299,003,1.0,12.0,SUS,N,0
102116,2026,Fall,2268,1,BIOENG,299,004,1.0,12.0,SUS,N,1
102116,2026,Fall,2268,1,BIOENG,299,005,1.0,12.0,SUS,N,1
102116,2026,Fall,2268,1,BIOENG,299,006,1.0,12.0,SUS,N,3
102116,2026,Fall,2268,1,BIOENG,299,007,1.0,12.0,SUS,N,0
102116,2026,Fall,2268,1,BIOENG,299,008,1.0,12.0,SUS,N,1
102116,2026,Fall,2268,1,BIOENG,299,009,1.0,12.0,SUS,N,0
102116,2026,Fall,2268,1,BIOENG,299,010,1.0,12.0,SUS,N,0
102116,2026,Fall,2268,1,BIOENG,299,011,1.0,12.0,SUS,N,0
102116,2026,Fall,2268,1,BIOENG,299,012,1.0,12.0,SUS,N,0
102116,2026,Fall,2268,1,BIOENG,299,013,1.0,12.0,SUS,N,0
102116,2026,Fall,2268,1,BIOENG,299,014,1.0,12.0,SUS,N,0
102116,2026,Fall,2268,1,BIOENG,299,015,1.0,12.0,SUS,N,0
102116,2026,Fall,2268,1,BIOENG,299,016,1.0,12.0,SUS,N,0
102116,2026,Fall,2268,1,BIOENG,299,017,1.0,12.0,SUS,N,0
102116,2026,Fall,2268,1,BIOENG,299,018,1.0,12.0,SUS,N,0
102116,2026,Fall,2268,1,BIOENG,299,019,1.0,12.0,SUS,N,0
102116,2026,Fall,2268,1,BIOENG,299,020,1.0,12.0,SUS,N,0
102116,2026,Fall,2268,1,BIOENG,299,021,1.0,12.0,SUS,N,0
102116,2026,Fall,2268,1,BIOENG,299,022,1.0,12.0,SUS,N,1
102116,2026,Fall,2268,1,BIOENG,299,023,1.0,12.0,SUS,N,1
102116,2026,Fall,2268,1,BIOENG,299,024,1.0,12.0,SUS,N,0
102116,2026,Fall,2268,1,BIOENG,299,025,1.0,12.0,SUS,N,0
102116,2026,Fall,2268,1,BIOENG,299,026,1.0,12.0,SUS,N,1
102116,2026,Fall,2268,1,BIOENG,299,027,1.0,12.0,SUS,N,0
102116,2026,Fall,2268,1,BIOENG,299,028,1.0,12.0,SUS,N,0
102116,2026,Fall,2268,1,BIOENG,299,029,1.0,12.0,SUS,N,0
102116,2026,Fall,2268,1,BIOENG,299,030,1.0,12.0,SUS,N,0
102117,2026,Fall,2268,1,BIOENG,301,001,1.0,1.0,SUS,N,8
102121,2026,Fall,2268,1,BIOENG,99,001,1.0,4.0,PNP,N,0
102121,2026,Fall,2268,1,BIOENG,99,002,1.0,4.0,PNP,N,0
102121,2026,Fall,2268,1,BIOENG,99,003,1.0,4.0,PNP,N,0
102121,2026,Fall,2268,1,BIOENG,99,004,1.0,4.0,PNP,N,0
102121,2026,Fall,2268,1,BIOENG,99,005,1.0,4.0,PNP,N,0
102121,2026,Fall,2268,1,BIOENG,99,006,1.0,4.0,PNP,N,0
102121,2026,Fall,2268,1,BIOENG,99,007,1.0,4.0,PNP,N,0
102121,2026,Fall,2268,1,BIOENG,99,008,1.0,4.0,PNP,N,0
102121,2026,Fall,2268,1,BIOENG,99,009,1.0,4.0,PNP,N,0
102121,2026,Fall,2268,1,BIOENG,99,010,1.0,4.0,PNP,N,0
102121,2026,Fall,2268,1,BIOENG,99,011,1.0,4.0,PNP,N,0
102121,2026,Fall,2268,1,BIOENG,99,012,1.0,4.0,PNP,N,0
102121,2026,Fall,2268,1,BIOENG,99,013,1.0,4.0,PNP,N,0
102121,2026,Fall,2268,1,BIOENG,99,014,1.0,4.0,PNP,N,0
102121,2026,Fall,2268,1,BIOENG,99,015,1.0,4.0,PNP,N,0
102121,2026,Fall,2268,1,BIOENG,99,016,1.0,4.0,PNP,N,0
102121,2026,Fall,2268,1,BIOENG,99,017,1.0,4.0,PNP,N,0
102121,2026,Fall,2268,1,BIOENG,99,018,1.0,4.0,PNP,N,0
102121,2026,Fall,2268,1,BIOENG,99,019,1.0,4.0,PNP,N,0
102121,2026,Fall,2268,1,BIOENG,99,020,1.0,4.0,PNP,N,0
102121,2026,Fall,2268,1,BIOENG,99,021,1.0,4.0,PNP,N,0
102121,2026,Fall,2268,1,BIOENG,99,022,1.0,4.0,PNP,N,0
102121,2026,Fall,2268,1,BIOENG,99,023,1.0,4.0,PNP,N,0
102121,2026,Fall,2268,1,BIOENG,99,024,1.0,4.0,PNP,N,0
102121,2026,Fall,2268,1,BIOENG,99,025,1.0,4.0,PNP,N,0
102121,2026,Fall,2268,1,BIOENG,99,026,1.0,4.0,PNP,N,0
102121,2026,Fall,2268,1,BIOENG,99,027,1.0,4.0,PNP,N,0
124476,2026,Fall,2268,1,BIOENG,C118,001,4.0,4.0,OPT,Y,92
158769,2026,Fall,2268,1,BIOENG,C131,001,4.0,4.0,OPT,Y,292
163668,2026,Fall,2268,1,BIOENG,C149,001,4.0,4.0,OPT,A,154
124472,2026,Fall,2268,1,BIOENG,C165,001,4.0,4.0,OPT,Y,99
124478,2026,Fall,2268,1,BIOENG,C208,001,4.0,4.0,OPT,Y,30
158760,2026,Fall,2268,1,BIOENG,C231,001,4.0,4.0,OPT,Y,45
163669,2026,Fall,2268,1,BIOENG,C249,001,4.0,4.0,OPT,N,45
124467,2026,Fall,2268,1,BIOENG,C261,001,4.0,4.0,OPT,Y,52
102123,2026,Fall,2268,1,BIOENG,H194,001,3.0,4.0,OPT,N,0
102123,2026,Fall,2268,1,BIOENG,H194,002,3.0,4.0,OPT,N,0
102123,2026,Fall,2268,1,BIOENG,H194,003,3.0,4.0,OPT,N,0
102123,2026,Fall,2268,1,BIOENG,H194,004,3.0,4.0,OPT,N,0
102123,2026,Fall,2268,1,BIOENG,H194,005,3.0,4.0,OPT,N,0
102123,2026,Fall,2268,1,BIOENG,H194,006,3.0,4.0,OPT,N,0
102123,2026,Fall,2268,1,BIOENG,H194,007,3.0,4.0,OPT,N,0
102123,2026,Fall,2268,1,BIOENG,H194,008,3.0,4.0,OPT,N,0
102123,2026,Fall,2268,1,BIOENG,H194,009,3.0,4.0,OPT,N,0
102123,2026,Fall,2268,1,BIOENG,H194,010,3.0,4.0,OPT,N,0
102123,2026,Fall,2268,1,BIOENG,H194,011,3.0,4.0,OPT,N,0
102123,2026,Fall,2268,1,BIOENG,H194,012,3.0,4.0,OPT,N,0
102123,2026,Fall,2268,1,BIOENG,H194,013,3.0,4.0,OPT,N,0
102123,2026,Fall,2268,1,BIOENG,H194,014,3.0,4.0,OPT,N,0
102123,2026,Fall,2268,1,BIOENG,H194,015,3.0,4.0,OPT,N,0
102123,2026,Fall,2268,1,BIOENG,H194,016,3.0,4.0,OPT,N,0
102123,2026,Fall,2268,1,BIOENG,H194,017,3.0,4.0,OPT,N,0
102123,2026,Fall,2268,1,BIOENG,H194,018,3.0,4.0,OPT,N,0
102123,2026,Fall,2268,1,BIOENG,H194,019,3.0,4.0,OPT,N,0
102123,2026,Fall,2268,1,BIOENG,H194,020,3.0,4.0,OPT,N,0
102123,2026,Fall,2268,1,BIOENG,H194,021,3.0,4.0,OPT,N,0
102123,2026,Fall,2268,1,BIOENG,H194,022,3.0,4.0,OPT,N,0
102123,2026,Fall,2268,1,BIOENG,H194,023,3.0,4.0,OPT,N,0
102123,2026,Fall,2268,1,BIOENG,H194,024,3.0,4.0,OPT,N,0
102123,2026,Fall,2268,1,BIOENG,H194,025,3.0,4.0,OPT,N,0
102123,2026,Fall,2268,1,BIOENG,H194,026,3.0,4.0,OPT,N,0
102123,2026,Fall,2268,1,BIOENG,H194,027,3.0,4.0,OPT,N,0
102123,2026,Fall,2268,1,BIOENG,H194,028,3.0,4.0,OPT,N,0
102123,2026,Fall,2268,1,BIOENG,H194,029,3.0,4.0,OPT,N,0
102123,2026,Fall,2268,1,BIOENG,H194,030,3.0,4.0,OPT,N,0
102127,2026,Fall,2268,1,BIOLOGY,1A,001,3.0,3.0,OPT,Y,1560
102127,2026,Fall,2268,1,BIOLOGY,1A,002,3.0,3.0,OPT,Y,0
102127,2026,Fall,2268,1,BIOLOGY,1A,003,3.0,3.0,OPT,Y,0
102129,2026,Fall,2268,1,BIOLOGY,1AL,001,2.0,2.0,OPT,N,554
102129,2026,Fall,2268,1,BIOLOGY,1AL,002,2.0,2.0,OPT,N,0
102129,2026,Fall,2268,1,BIOLOGY,1AL,003,2.0,2.0,OPT,N,0
102130,2026,Fall,2268,1,BIOLOGY,1B,001,4.0,4.0,OPT,Y,716
102130,2026,Fall,2268,1,BIOLOGY,1B,002,4.0,4.0,OPT,Y,324
102174,2026,Fall,2268,1,BIOPHY,292,001,3.0,12.0,SUS,N,5
102175,2026,Fall,2268,1,BIOPHY,293A,001,2.0,2.0,BMT,N,7
102177,2026,Fall,2268,1,BIOPHY,H196,001,4.0,4.0,PNP,N,3
102218,2026,Fall,2268,1,BOSCRSR,117A,001,4.0,4.0,OPT,Y,88
102220,2026,Fall,2268,1,BOSCRSR,27A,001,4.0,4.0,OPT,Y,67
102349,2026,Fall,2268,1,BUDDSTD,200,001,1.0,1.0,OPT,N,25
102353,2026,Fall,2268,1,BUDDSTD,298,001,1.0,8.0,OPT,N,0
102353,2026,Fall,2268,1,BUDDSTD,298,002,1.0,8.0,OPT,N,0
102353,2026,Fall,2268,1,BUDDSTD,298,003,1.0,8.0,OPT,N,0
102353,2026,Fall,2268,1,BUDDSTD,298,004,1.0,8.0,OPT,N,0
102354,2026,Fall,2268,1,BUDDSTD,299,001,1.0,8.0,SUS,N,0
102354,2026,Fall,2268,1,BUDDSTD,299,002,1.0,8.0,SUS,N,0
102354,2026,Fall,2268,1,BUDDSTD,299,003,1.0,8.0,SUS,N,0
102354,2026,Fall,2268,1,BUDDSTD,299,004,1.0,8.0,SUS,N,0
124494,2026,Fall,2268,1,BUDDSTD,C116,001,4.0,4.0,OPT,Y,69
125599,2026,Fall,2268,1,BUDDSTD,C117,001,4.0,4.0,OPT,Y,95
167884,2026,Fall,2268,1,BUDDSTD,C119,001,4.0,4.0,OPT,N,107
124436,2026,Fall,2268,1,BUDDSTD,C120,001,4.0,4.0,OPT,N,145
124437,2026,Fall,2268,1,BUDDSTD,C214,001,2.0,4.0,OPT,N,3
124463,2026,Fall,2268,1,BUDDSTD,C215,001,2.0,4.0,OPT,N,5
124392,2026,Fall,2268,1,BUDDSTD,C220,001,2.0,4.0,OPT,N,14
124429,2026,Fall,2268,1,BUDDSTD,C223,001,2.0,4.0,OPT,N,6
124432,2026,Fall,2268,1,BUDDSTD,C225,001,2.0,4.0,OPT,N,7
124438,2026,Fall,2268,1,BUDDSTD,C50,001,4.0,4.0,OPT,Y,342
157085,2026,Fall,2268,1,BURMESE,100A,001,5.0,5.0,OPT,Y,12
157125,2026,Fall,2268,1,BURMESE,100B,001,5.0,5.0,OPT,Y,0
166626,2026,Fall,2268,1,BURMESE,299,001,1.0,12.0,SUS,Y,0
102814,2026,Fall,2268,1,CATALAN,101,001,4.0,4.0,OPT,A,42
167805,2026,Fall,2268,1,CDSS,170,001,3.0,3.0,OPT,A,154
167805,2026,Fall,2268,1,CDSS,170,002,3.0,3.0,OPT,A,91
167805,2026,Fall,2268,1,CDSS,170,003,3.0,3.0,OPT,A,73
165847,2026,Fall,2268,1,CDSS,198,001,1.0,1.0,PNP,A,112
165847,2026,Fall,2268,1,CDSS,198,003,1.0,1.0,PNP,A,97
165847,2026,Fall,2268,1,CDSS,198,005,1.0,1.0,PNP,A,53
167807,2026,Fall,2268,1,CDSS,60,001,4.0,4.0,OPT,Y,511
165970,2026,Fall,2268,1,CDSS,94,001,4.0,4.0,OPT,A,74
165970,2026,Fall,2268,1,CDSS,94,002,4.0,4.0,OPT,A,575
102846,2026,Fall,2268,1,CELTIC,128,001,4.0,4.0,OPT,Y,39
102848,2026,Fall,2268,1,CELTIC,138,001,4.0,4.0,OPT,Y,81
102853,2026,Fall,2268,1,CELTIC,145A,001,4.0,4.0,OPT,Y,20
102859,2026,Fall,2268,1,CELTIC,16,001,4.0,4.0,OPT,Y,35
102859,2026,Fall,2268,1,CELTIC,16,UC01,4.0,4.0,OPT,Y,0
102867,2026,Fall,2268,1,CELTIC,199,001,1.0,4.0,PNP,N,0
102876,2026,Fall,2268,1,CELTIC,70,001,4.0,4.0,OPT,Y,178
102883,2026,Fall,2268,1,CELTIC,99,001,1.0,4.0,PNP,N,0
102884,2026,Fall,2268,1,CELTIC,H195A,001,3.0,3.0,OPT,N,0
102895,2026,Fall,2268,1,CHEM,103,001,3.0,3.0,OPT,Y,275
102897,2026,Fall,2268,1,CHEM,104A,001,3.0,3.0,OPT,Y,263
102899,2026,Fall,2268,1,CHEM,105,001,4.0,4.0,OPT,Y,174
102908,2026,Fall,2268,1,CHEM,115,001,4.0,4.0,OPT,A,243
102909,2026,Fall,2268,1,CHEM,120A,001,3.0,3.0,OPT,Y,0
102910,2026,Fall,2268,1,CHEM,120B,001,3.0,3.0,OPT,Y,308
102913,2026,Fall,2268,1,CHEM,125,001,3.0,3.0,OPT,Y,140
102901,2026,Fall,2268,1,CHEM,12A,001,5.0,5.0,OPT,Y,464
102918,2026,Fall,2268,1,CHEM,135,001,3.0,3.0,OPT,Y,449
166742,2026,Fall,2268,1,CHEM,136,001,3.0,3.0,OPT,A,257
102922,2026,Fall,2268,1,CHEM,149,001,1.0,4.0,OPT,Y,0
102925,2026,Fall,2268,1,CHEM,195,001,3.0,3.0,OPT,Y,0
102926,2026,Fall,2268,1,CHEM,196,002,2.0,6.0,OPT,N,0
102926,2026,Fall,2268,1,CHEM,196,003,2.0,6.0,OPT,N,0
102926,2026,Fall,2268,1,CHEM,196,004,2.0,6.0,OPT,N,0
102926,2026,Fall,2268,1,CHEM,196,006,2.0,6.0,OPT,N,0
102926,2026,Fall,2268,1,CHEM,196,007,2.0,6.0,OPT,N,0
102926,2026,Fall,2268,1,CHEM,196,008,2.0,6.0,OPT,N,0
102926,2026,Fall,2268,1,CHEM,196,009,2.0,6.0,OPT,N,0
102926,2026,Fall,2268,1,CHEM,196,010,2.0,6.0,OPT,N,0
102926,2026,Fall,2268,1,CHEM,196,012,2.0,6.0,OPT,N,0
102926,2026,Fall,2268,1,CHEM,196,013,2.0,6.0,OPT,N,0
102926,2026,Fall,2268,1,CHEM,196,014,2.0,6.0,OPT,N,0
102926,2026,Fall,2268,1,CHEM,196,015,2.0,6.0,OPT,N,0
102926,2026,Fall,2268,1,CHEM,196,016,2.0,6.0,OPT,N,0
102926,2026,Fall,2268,1,CHEM,196,017,2.0,6.0,OPT,N,0
102926,2026,Fall,2268,1,CHEM,196,018,2.0,6.0,OPT,N,0
102926,2026,Fall,2268,1,CHEM,196,019,2.0,6.0,OPT,N,0
102926,2026,Fall,2268,1,CHEM,196,020,2.0,6.0,OPT,N,0
102926,2026,Fall,2268,1,CHEM,196,022,2.0,6.0,OPT,N,0
102926,2026,Fall,2268,1,CHEM,196,024,2.0,6.0,OPT,N,0
102926,2026,Fall,2268,1,CHEM,196,025,2.0,6.0,OPT,N,0
102926,2026,Fall,2268,1,CHEM,196,026,2.0,6.0,OPT,N,0
102926,2026,Fall,2268,1,CHEM,196,030,2.0,6.0,OPT,N,0
102926,2026,Fall,2268,1,CHEM,196,031,2.0,6.0,OPT,N,0
102926,2026,Fall,2268,1,CHEM,196,033,2.0,6.0,OPT,N,0
102926,2026,Fall,2268,1,CHEM,196,035,2.0,6.0,OPT,N,0
102926,2026,Fall,2268,1,CHEM,196,036,2.0,6.0,OPT,N,0
102926,2026,Fall,2268,1,CHEM,196,037,2.0,6.0,OPT,N,0
102926,2026,Fall,2268,1,CHEM,196,038,2.0,6.0,OPT,N,0
102926,2026,Fall,2268,1,CHEM,196,039,2.0,6.0,OPT,N,0
102926,2026,Fall,2268,1,CHEM,196,040,2.0,6.0,OPT,N,0
102926,2026,Fall,2268,1,CHEM,196,041,2.0,6.0,OPT,N,0
102926,2026,Fall,2268,1,CHEM,196,042,2.0,6.0,OPT,N,0
102926,2026,Fall,2268,1,CHEM,196,043,2.0,6.0,OPT,N,0
102926,2026,Fall,2268,1,CHEM,196,044,2.0,6.0,OPT,N,0
102926,2026,Fall,2268,1,CHEM,196,045,2.0,6.0,OPT,N,0
102926,2026,Fall,2268,1,CHEM,196,046,2.0,6.0,OPT,N,0
102926,2026,Fall,2268,1,CHEM,196,047,2.0,6.0,OPT,N,0
102926,2026,Fall,2268,1,CHEM,196,048,2.0,6.0,OPT,N,0
102926,2026,Fall,2268,1,CHEM,196,049,2.0,6.0,OPT,N,0
102926,2026,Fall,2268,1,CHEM,196,051,2.0,6.0,OPT,N,0
102926,2026,Fall,2268,1,CHEM,196,052,2.0,6.0,OPT,N,0
102926,2026,Fall,2268,1,CHEM,196,053,2.0,6.0,OPT,N,0
102926,2026,Fall,2268,1,CHEM,196,054,2.0,6.0,OPT,N,0
102926,2026,Fall,2268,1,CHEM,196,058,2.0,6.0,OPT,N,0
102926,2026,Fall,2268,1,CHEM,196,059,2.0,6.0,OPT,N,0
102926,2026,Fall,2268,1,CHEM,196,060,2.0,6.0,OPT,N,0
102926,2026,Fall,2268,1,CHEM,196,061,2.0,6.0,OPT,N,0
102926,2026,Fall,2268,1,CHEM,196,062,2.0,6.0,OPT,N,0
102926,2026,Fall,2268,1,CHEM,196,063,2.0,6.0,OPT,N,0
102926,2026,Fall,2268,1,CHEM,196,064,2.0,6.0,OPT,N,0
102926,2026,Fall,2268,1,CHEM,196,067,2.0,6.0,OPT,N,0
102926,2026,Fall,2268,1,CHEM,196,068,2.0,6.0,OPT,N,0
102926,2026,Fall,2268,1,CHEM,196,069,2.0,6.0,OPT,N,0
102926,2026,Fall,2268,1,CHEM,196,070,2.0,6.0,OPT,N,0
102926,2026,Fall,2268,1,CHEM,196,071,2.0,6.0,OPT,N,0
102926,2026,Fall,2268,1,CHEM,196,072,2.0,6.0,OPT,N,0
102926,2026,Fall,2268,1,CHEM,196,073,2.0,6.0,OPT,N,0
102926,2026,Fall,2268,1,CHEM,196,075,2.0,6.0,OPT,N,0
102926,2026,Fall,2268,1,CHEM,196,076,2.0,6.0,OPT,N,0
102926,2026,Fall,2268,1,CHEM,196,077,2.0,6.0,OPT,N,0
102927,2026,Fall,2268,1,CHEM,197,004,1.0,4.0,PNP,N,0
102927,2026,Fall,2268,1,CHEM,197,006,1.0,4.0,PNP,N,0
102927,2026,Fall,2268,1,CHEM,197,007,1.0,4.0,PNP,N,0
102927,2026,Fall,2268,1,CHEM,197,010,1.0,4.0,PNP,N,0
102927,2026,Fall,2268,1,CHEM,197,013,1.0,4.0,PNP,N,0
102927,2026,Fall,2268,1,CHEM,197,014,1.0,4.0,PNP,N,0
102927,2026,Fall,2268,1,CHEM,197,016,1.0,4.0,PNP,N,0
102927,2026,Fall,2268,1,CHEM,197,017,1.0,4.0,PNP,N,0
102927,2026,Fall,2268,1,CHEM,197,020,1.0,4.0,PNP,N,0
102927,2026,Fall,2268,1,CHEM,197,022,1.0,4.0,PNP,N,0
102927,2026,Fall,2268,1,CHEM,197,025,1.0,4.0,PNP,N,0
102927,2026,Fall,2268,1,CHEM,197,028,1.0,4.0,PNP,N,0
102927,2026,Fall,2268,1,CHEM,197,030,1.0,4.0,PNP,N,0
102927,2026,Fall,2268,1,CHEM,197,031,1.0,4.0,PNP,N,0
102927,2026,Fall,2268,1,CHEM,197,032,1.0,4.0,PNP,N,0
102927,2026,Fall,2268,1,CHEM,197,033,1.0,4.0,PNP,N,0
102927,2026,Fall,2268,1,CHEM,197,034,1.0,4.0,PNP,N,0
102927,2026,Fall,2268,1,CHEM,197,037,1.0,4.0,PNP,N,0
102927,2026,Fall,2268,1,CHEM,197,039,1.0,4.0,PNP,N,0
102927,2026,Fall,2268,1,CHEM,197,040,1.0,4.0,PNP,N,0
102927,2026,Fall,2268,1,CHEM,197,041,1.0,4.0,PNP,N,0
102927,2026,Fall,2268,1,CHEM,197,043,1.0,4.0,PNP,N,0
102927,2026,Fall,2268,1,CHEM,197,044,1.0,4.0,PNP,N,0
102927,2026,Fall,2268,1,CHEM,197,045,1.0,4.0,PNP,N,0
102927,2026,Fall,2268,1,CHEM,197,048,1.0,4.0,PNP,N,0
102927,2026,Fall,2268,1,CHEM,197,050,1.0,4.0,PNP,N,0
102927,2026,Fall,2268,1,CHEM,197,053,1.0,4.0,PNP,N,0
102927,2026,Fall,2268,1,CHEM,197,054,1.0,4.0,PNP,N,0
102927,2026,Fall,2268,1,CHEM,197,056,1.0,4.0,PNP,N,0
102927,2026,Fall,2268,1,CHEM,197,057,1.0,4.0,PNP,N,0
102929,2026,Fall,2268,1,CHEM,199,003,1.0,4.0,PNP,N,0
102929,2026,Fall,2268,1,CHEM,199,006,1.0,4.0,PNP,N,0
102929,2026,Fall,2268,1,CHEM,199,008,1.0,4.0,PNP,N,0
102929,2026,Fall,2268,1,CHEM,199,009,1.0,4.0,PNP,N,0
102929,2026,Fall,2268,1,CHEM,199,010,1.0,4.0,PNP,N,0
102929,2026,Fall,2268,1,CHEM,199,012,1.0,4.0,PNP,N,0
102929,2026,Fall,2268,1,CHEM,199,015,1.0,4.0,PNP,N,0
102929,2026,Fall,2268,1,CHEM,199,016,1.0,4.0,PNP,N,0
102929,2026,Fall,2268,1,CHEM,199,018,1.0,4.0,PNP,N,0
102929,2026,Fall,2268,1,CHEM,199,019,1.0,4.0,PNP,N,0
102929,2026,Fall,2268,1,CHEM,199,022,1.0,4.0,PNP,N,0
102929,2026,Fall,2268,1,CHEM,199,025,1.0,4.0,PNP,N,0
102929,2026,Fall,2268,1,CHEM,199,030,1.0,4.0,PNP,N,0
102929,2026,Fall,2268,1,CHEM,199,033,1.0,4.0,PNP,N,0
102929,2026,Fall,2268,1,CHEM,199,035,1.0,4.0,PNP,N,0
102929,2026,Fall,2268,1,CHEM,199,036,1.0,4.0,PNP,N,0
102929,2026,Fall,2268,1,CHEM,199,037,1.0,4.0,PNP,N,0
102929,2026,Fall,2268,1,CHEM,199,038,1.0,4.0,PNP,N,0
102929,2026,Fall,2268,1,CHEM,199,040,1.0,4.0,PNP,N,0
102929,2026,Fall,2268,1,CHEM,199,042,1.0,4.0,PNP,N,0
102929,2026,Fall,2268,1,CHEM,199,044,1.0,4.0,PNP,N,0
102929,2026,Fall,2268,1,CHEM,199,045,1.0,4.0,PNP,N,0
102929,2026,Fall,2268,1,CHEM,199,046,1.0,4.0,PNP,N,0
102929,2026,Fall,2268,1,CHEM,199,047,1.0,4.0,PNP,N,0
102929,2026,Fall,2268,1,CHEM,199,049,1.0,4.0,PNP,N,0
102929,2026,Fall,2268,1,CHEM,199,052,1.0,4.0,PNP,N,0
102929,2026,Fall,2268,1,CHEM,199,054,1.0,4.0,PNP,N,0
102929,2026,Fall,2268,1,CHEM,199,058,1.0,4.0,PNP,N,0
102929,2026,Fall,2268,1,CHEM,199,059,1.0,4.0,PNP,N,0
102929,2026,Fall,2268,1,CHEM,199,061,1.0,4.0,PNP,N,0
102929,2026,Fall,2268,1,CHEM,199,062,1.0,4.0,PNP,N,34
102890,2026,Fall,2268,1,CHEM,1A,001,3.0,3.0,OPT,Y,2799
102890,2026,Fall,2268,1,CHEM,1A,002,3.0,3.0,OPT,Y,1463
102890,2026,Fall,2268,1,CHEM,1A,003,3.0,3.0,OPT,Y,1182
102891,2026,Fall,2268,1,CHEM,1AL,001,2.0,2.0,OPT,N,1424
102891,2026,Fall,2268,1,CHEM,1AL,002,2.0,2.0,OPT,N,884
102891,2026,Fall,2268,1,CHEM,1AL,003,2.0,2.0,OPT,N,827
102932,2026,Fall,2268,1,CHEM,200,001,1.0,1.0,OPT,N,78
102933,2026,Fall,2268,1,CHEM,201,001,1.0,1.0,OPT,N,44
102948,2026,Fall,2268,1,CHEM,220A,001,3.0,3.0,OPT,Y,59
102950,2026,Fall,2268,1,CHEM,221A,001,3.0,3.0,OPT,Y,47
166744,2026,Fall,2268,1,CHEM,236,001,3.0,3.0,OPT,N,114
102960,2026,Fall,2268,1,CHEM,24,001,1.0,1.0,OPT,Y,0
102960,2026,Fall,2268,1,CHEM,24,002,1.0,1.0,OPT,Y,0
102963,2026,Fall,2268,1,CHEM,250A,001,1.0,1.0,OPT,N,30
102967,2026,Fall,2268,1,CHEM,252A,001,1.0,1.0,OPT,N,47
102968,2026,Fall,2268,1,CHEM,252B,001,1.0,1.0,OPT,N,13
102975,2026,Fall,2268,1,CHEM,260,001,2.0,2.0,OPT,N,35
102978,2026,Fall,2268,1,CHEM,261A,001,1.0,1.0,OPT,N,61
102979,2026,Fall,2268,1,CHEM,261B,001,1.0,1.0,OPT,N,29
161468,2026,Fall,2268,1,CHEM,274A,001,3.0,3.0,OPT,N,51
161568,2026,Fall,2268,1,CHEM,274B,001,3.0,3.0,OPT,N,27
167570,2026,Fall,2268,1,CHEM,277A,001,3.0,3.0,OPT,N,30
159961,2026,Fall,2268,1,CHEM,277B,001,3.0,3.0,OPT,N,70
161506,2026,Fall,2268,1,CHEM,279,001,3.0,3.0,OPT,N,39
161023,2026,Fall,2268,1,CHEM,280,001,2.0,2.0,OPT,A,18
161538,2026,Fall,2268,1,CHEM,281,001,3.0,3.0,OPT,N,22
102999,2026,Fall,2268,1,CHEM,295,001,1.0,3.0,SUS,N,0
102999,2026,Fall,2268,1,CHEM,295,002,1.0,3.0,SUS,N,0
165479,2026,Fall,2268,1,CHEM,297,001,1.0,4.0,SUS,N,0
165479,2026,Fall,2268,1,CHEM,297,002,1.0,4.0,SUS,N,0
165479,2026,Fall,2268,1,CHEM,297,003,1.0,4.0,SUS,N,0
165479,2026,Fall,2268,1,CHEM,297,004,1.0,4.0,SUS,N,0
103000,2026,Fall,2268,1,CHEM,298,001,1.0,3.0,SUS,N,15
103000,2026,Fall,2268,1,CHEM,298,003,1.0,3.0,SUS,N,18
103000,2026,Fall,2268,1,CHEM,298,004,1.0,3.0,SUS,N,14
103000,2026,Fall,2268,1,CHEM,298,005,1.0,3.0,SUS,N,3
103000,2026,Fall,2268,1,CHEM,298,007,1.0,3.0,SUS,N,3
103000,2026,Fall,2268,1,CHEM,298,008,1.0,3.0,SUS,N,6
103000,2026,Fall,2268,1,CHEM,298,010,1.0,3.0,SUS,N,1
103000,2026,Fall,2268,1,CHEM,298,011,1.0,3.0,SUS,N,1
103000,2026,Fall,2268,1,CHEM,298,012,1.0,3.0,SUS,N,1
103000,2026,Fall,2268,1,CHEM,298,013,1.0,3.0,SUS,N,4
103000,2026,Fall,2268,1,CHEM,298,014,1.0,3.0,SUS,N,2
103000,2026,Fall,2268,1,CHEM,298,015,1.0,3.0,SUS,N,2
103000,2026,Fall,2268,1,CHEM,298,016,1.0,3.0,SUS,N,0
103000,2026,Fall,2268,1,CHEM,298,017,1.0,3.0,SUS,N,0
103000,2026,Fall,2268,1,CHEM,298,018,1.0,3.0,SUS,N,0
103000,2026,Fall,2268,1,CHEM,298,019,1.0,3.0,SUS,N,0
103000,2026,Fall,2268,1,CHEM,298,021,1.0,3.0,SUS,N,0
103000,2026,Fall,2268,1,CHEM,298,023,1.0,3.0,SUS,N,0
103000,2026,Fall,2268,1,CHEM,298,024,1.0,3.0,SUS,N,0
103000,2026,Fall,2268,1,CHEM,298,025,1.0,3.0,SUS,N,0
103000,2026,Fall,2268,1,CHEM,298,026,1.0,3.0,SUS,N,0
103000,2026,Fall,2268,1,CHEM,298,027,1.0,3.0,SUS,N,0
103000,2026,Fall,2268,1,CHEM,298,028,1.0,3.0,SUS,N,0
103000,2026,Fall,2268,1,CHEM,298,029,1.0,3.0,SUS,N,0
103000,2026,Fall,2268,1,CHEM,298,030,1.0,3.0,SUS,N,1
103000,2026,Fall,2268,1,CHEM,298,031,1.0,3.0,SUS,N,0
103000,2026,Fall,2268,1,CHEM,298,032,1.0,3.0,SUS,N,1
103000,2026,Fall,2268,1,CHEM,298,033,1.0,3.0,SUS,N,1
103000,2026,Fall,2268,1,CHEM,298,034,1.0,3.0,SUS,N,0
103000,2026,Fall,2268,1,CHEM,298,035,1.0,3.0,SUS,N,0
103000,2026,Fall,2268,1,CHEM,298,036,1.0,3.0,SUS,N,0
103000,2026,Fall,2268,1,CHEM,298,037,1.0,3.0,SUS,N,0
103000,2026,Fall,2268,1,CHEM,298,038,1.0,3.0,SUS,N,1
103000,2026,Fall,2268,1,CHEM,298,039,1.0,3.0,SUS,N,0
103000,2026,Fall,2268,1,CHEM,298,040,1.0,3.0,SUS,N,0
103000,2026,Fall,2268,1,CHEM,298,041,1.0,3.0,SUS,N,0
103000,2026,Fall,2268,1,CHEM,298,043,1.0,3.0,SUS,N,1
103000,2026,Fall,2268,1,CHEM,298,045,1.0,3.0,SUS,N,0
103000,2026,Fall,2268,1,CHEM,298,046,1.0,3.0,SUS,N,0
103000,2026,Fall,2268,1,CHEM,298,047,1.0,3.0,SUS,N,0
103000,2026,Fall,2268,1,CHEM,298,049,1.0,3.0,SUS,N,0
103000,2026,Fall,2268,1,CHEM,298,050,1.0,3.0,SUS,N,0
103000,2026,Fall,2268,1,CHEM,298,051,1.0,3.0,SUS,N,1
103000,2026,Fall,2268,1,CHEM,298,052,1.0,3.0,SUS,N,0
103000,2026,Fall,2268,1,CHEM,298,053,1.0,3.0,SUS,N,0
103000,2026,Fall,2268,1,CHEM,298,054,1.0,3.0,SUS,N,0
103000,2026,Fall,2268,1,CHEM,298,055,1.0,3.0,SUS,N,0
103000,2026,Fall,2268,1,CHEM,298,056,1.0,3.0,SUS,N,0
103000,2026,Fall,2268,1,CHEM,298,057,1.0,3.0,SUS,N,1
103000,2026,Fall,2268,1,CHEM,298,058,1.0,3.0,SUS,N,0
103000,2026,Fall,2268,1,CHEM,298,059,1.0,3.0,SUS,N,0
103000,2026,Fall,2268,1,CHEM,298,060,1.0,3.0,SUS,N,0
103000,2026,Fall,2268,1,CHEM,298,061,1.0,3.0,SUS,N,0
103000,2026,Fall,2268,1,CHEM,298,063,1.0,3.0,SUS,N,0
103000,2026,Fall,2268,1,CHEM,298,065,1.0,3.0,SUS,N,1
103000,2026,Fall,2268,1,CHEM,298,066,1.0,3.0,SUS,N,0
103000,2026,Fall,2268,1,CHEM,298,067,1.0,3.0,SUS,N,1
103000,2026,Fall,2268,1,CHEM,298,068,1.0,3.0,SUS,N,0
103000,2026,Fall,2268,1,CHEM,298,069,1.0,3.0,SUS,N,0
103000,2026,Fall,2268,1,CHEM,298,070,1.0,3.0,SUS,N,0
103000,2026,Fall,2268,1,CHEM,298,071,1.0,3.0,SUS,N,0
103000,2026,Fall,2268,1,CHEM,298,072,1.0,3.0,SUS,N,2
103000,2026,Fall,2268,1,CHEM,298,073,1.0,3.0,SUS,N,0
103000,2026,Fall,2268,1,CHEM,298,075,1.0,3.0,SUS,N,1
103000,2026,Fall,2268,1,CHEM,298,076,1.0,3.0,SUS,N,2
103000,2026,Fall,2268,1,CHEM,298,077,1.0,3.0,SUS,N,1
103000,2026,Fall,2268,1,CHEM,298,078,1.0,3.0,SUS,N,0
103000,2026,Fall,2268,1,CHEM,298,079,1.0,3.0,SUS,N,0
103000,2026,Fall,2268,1,CHEM,298,080,1.0,3.0,SUS,N,2
103000,2026,Fall,2268,1,CHEM,298,082,1.0,3.0,SUS,N,0
103000,2026,Fall,2268,1,CHEM,298,083,1.0,3.0,SUS,N,0
103000,2026,Fall,2268,1,CHEM,298,084,1.0,3.0,SUS,N,0
103000,2026,Fall,2268,1,CHEM,298,085,1.0,3.0,SUS,N,0
103000,2026,Fall,2268,1,CHEM,298,086,1.0,3.0,SUS,N,0
103000,2026,Fall,2268,1,CHEM,298,087,1.0,3.0,SUS,N,0
103000,2026,Fall,2268,1,CHEM,298,088,1.0,3.0,SUS,N,0
103000,2026,Fall,2268,1,CHEM,298,089,1.0,3.0,SUS,N,0
103000,2026,Fall,2268,1,CHEM,298,090,1.0,3.0,SUS,N,0
103000,2026,Fall,2268,1,CHEM,298,091,1.0,3.0,SUS,N,0
103000,2026,Fall,2268,1,CHEM,298,092,1.0,3.0,SUS,N,0
103000,2026,Fall,2268,1,CHEM,298,093,1.0,3.0,SUS,N,0
103000,2026,Fall,2268,1,CHEM,298,094,1.0,3.0,SUS,N,0
103000,2026,Fall,2268,1,CHEM,298,095,1.0,3.0,SUS,N,0
103000,2026,Fall,2268,1,CHEM,298,096,1.0,3.0,SUS,N,0
103000,2026,Fall,2268,1,CHEM,298,097,1.0,3.0,SUS,N,0
103000,2026,Fall,2268,1,CHEM,298,098,1.0,3.0,SUS,N,0
103000,2026,Fall,2268,1,CHEM,298,099,1.0,3.0,SUS,N,1
103000,2026,Fall,2268,1,CHEM,298,100,1.0,3.0,SUS,N,0
103000,2026,Fall,2268,1,CHEM,298,101,1.0,3.0,SUS,N,0
103000,2026,Fall,2268,1,CHEM,298,102,1.0,3.0,SUS,N,0
103000,2026,Fall,2268,1,CHEM,298,103,1.0,3.0,SUS,N,0
103000,2026,Fall,2268,1,CHEM,298,104,1.0,3.0,SUS,N,0
103000,2026,Fall,2268,1,CHEM,298,105,1.0,3.0,SUS,N,0
103000,2026,Fall,2268,1,CHEM,298,106,1.0,3.0,SUS,N,0
103000,2026,Fall,2268,1,CHEM,298,107,1.0,3.0,SUS,N,0
103000,2026,Fall,2268,1,CHEM,298,108,1.0,3.0,SUS,N,0
103000,2026,Fall,2268,1,CHEM,298,109,1.0,3.0,SUS,N,0
103000,2026,Fall,2268,1,CHEM,298,888,1.0,3.0,SUS,N,0
103000,2026,Fall,2268,1,CHEM,298,999,1.0,3.0,SUS,N,0
103001,2026,Fall,2268,1,CHEM,299,001,1.0,9.0,OPT,N,0
103001,2026,Fall,2268,1,CHEM,299,002,1.0,9.0,OPT,N,4
103001,2026,Fall,2268,1,CHEM,299,003,1.0,9.0,OPT,N,0
103001,2026,Fall,2268,1,CHEM,299,004,1.0,9.0,OPT,N,0
103001,2026,Fall,2268,1,CHEM,299,005,1.0,9.0,OPT,N,1
103001,2026,Fall,2268,1,CHEM,299,006,1.0,9.0,OPT,N,1
103001,2026,Fall,2268,1,CHEM,299,007,1.0,9.0,OPT,N,0
103001,2026,Fall,2268,1,CHEM,299,009,1.0,9.0,OPT,N,0
103001,2026,Fall,2268,1,CHEM,299,010,1.0,9.0,OPT,N,0
103001,2026,Fall,2268,1,CHEM,299,011,1.0,9.0,OPT,N,0
103001,2026,Fall,2268,1,CHEM,299,012,1.0,9.0,OPT,N,1
103001,2026,Fall,2268,1,CHEM,299,015,1.0,9.0,OPT,N,0
103001,2026,Fall,2268,1,CHEM,299,017,1.0,9.0,OPT,N,0
103001,2026,Fall,2268,1,CHEM,299,018,1.0,9.0,OPT,N,0
103001,2026,Fall,2268,1,CHEM,299,019,1.0,9.0,OPT,N,0
103001,2026,Fall,2268,1,CHEM,299,020,1.0,9.0,OPT,N,0
103001,2026,Fall,2268,1,CHEM,299,021,1.0,9.0,OPT,N,0
103001,2026,Fall,2268,1,CHEM,299,022,1.0,9.0,OPT,N,0
103001,2026,Fall,2268,1,CHEM,299,023,1.0,9.0,OPT,N,0
103001,2026,Fall,2268,1,CHEM,299,024,1.0,9.0,OPT,N,0
103001,2026,Fall,2268,1,CHEM,299,025,1.0,9.0,OPT,N,0
103001,2026,Fall,2268,1,CHEM,299,026,1.0,9.0,OPT,N,1
103001,2026,Fall,2268,1,CHEM,299,027,1.0,9.0,OPT,N,0
103001,2026,Fall,2268,1,CHEM,299,028,1.0,9.0,OPT,N,0
103001,2026,Fall,2268,1,CHEM,299,029,1.0,9.0,OPT,N,0
103001,2026,Fall,2268,1,CHEM,299,030,1.0,9.0,OPT,N,0
103001,2026,Fall,2268,1,CHEM,299,031,1.0,9.0,OPT,N,0
103001,2026,Fall,2268,1,CHEM,299,032,1.0,9.0,OPT,N,0
103001,2026,Fall,2268,1,CHEM,299,033,1.0,9.0,OPT,N,0
103001,2026,Fall,2268,1,CHEM,299,034,1.0,9.0,OPT,N,0
103001,2026,Fall,2268,1,CHEM,299,035,1.0,9.0,OPT,N,0
103001,2026,Fall,2268,1,CHEM,299,036,1.0,9.0,OPT,N,0
103001,2026,Fall,2268,1,CHEM,299,037,1.0,9.0,OPT,N,0
103001,2026,Fall,2268,1,CHEM,299,039,1.0,9.0,OPT,N,0
103001,2026,Fall,2268,1,CHEM,299,041,1.0,9.0,OPT,N,0
103001,2026,Fall,2268,1,CHEM,299,042,1.0,9.0,OPT,N,0
103001,2026,Fall,2268,1,CHEM,299,044,1.0,9.0,OPT,N,0
103001,2026,Fall,2268,1,CHEM,299,045,1.0,9.0,OPT,N,0
103001,2026,Fall,2268,1,CHEM,299,049,1.0,9.0,OPT,N,0
103001,2026,Fall,2268,1,CHEM,299,050,1.0,9.0,OPT,N,0
103001,2026,Fall,2268,1,CHEM,299,051,1.0,9.0,OPT,N,0
103001,2026,Fall,2268,1,CHEM,299,052,1.0,9.0,OPT,N,0
103001,2026,Fall,2268,1,CHEM,299,053,1.0,9.0,OPT,N,0
103001,2026,Fall,2268,1,CHEM,299,054,1.0,9.0,OPT,N,0
103001,2026,Fall,2268,1,CHEM,299,055,1.0,9.0,OPT,N,0
103001,2026,Fall,2268,1,CHEM,299,056,1.0,9.0,OPT,N,0
103001,2026,Fall,2268,1,CHEM,299,057,1.0,9.0,OPT,N,0
103001,2026,Fall,2268,1,CHEM,299,058,1.0,9.0,OPT,N,0
103001,2026,Fall,2268,1,CHEM,299,060,1.0,9.0,OPT,N,0
103001,2026,Fall,2268,1,CHEM,299,061,1.0,9.0,OPT,N,2
103001,2026,Fall,2268,1,CHEM,299,063,1.0,9.0,OPT,N,0
103001,2026,Fall,2268,1,CHEM,299,064,1.0,9.0,OPT,N,0
103001,2026,Fall,2268,1,CHEM,299,065,1.0,9.0,OPT,N,0
103001,2026,Fall,2268,1,CHEM,299,066,1.0,9.0,OPT,N,0
103001,2026,Fall,2268,1,CHEM,299,067,1.0,9.0,OPT,N,0
103001,2026,Fall,2268,1,CHEM,299,068,1.0,9.0,OPT,N,0
103001,2026,Fall,2268,1,CHEM,299,069,1.0,9.0,OPT,N,0
103001,2026,Fall,2268,1,CHEM,299,070,1.0,9.0,OPT,N,0
103001,2026,Fall,2268,1,CHEM,299,071,1.0,9.0,OPT,N,0
103001,2026,Fall,2268,1,CHEM,299,072,1.0,9.0,OPT,N,0
103001,2026,Fall,2268,1,CHEM,299,073,1.0,9.0,OPT,N,0
103001,2026,Fall,2268,1,CHEM,299,074,1.0,9.0,OPT,N,0
103001,2026,Fall,2268,1,CHEM,299,075,1.0,9.0,OPT,N,0
103001,2026,Fall,2268,1,CHEM,299,076,1.0,9.0,OPT,N,0
103001,2026,Fall,2268,1,CHEM,299,077,1.0,9.0,OPT,N,0
103001,2026,Fall,2268,1,CHEM,299,078,1.0,9.0,OPT,N,0
103001,2026,Fall,2268,1,CHEM,299,079,1.0,9.0,OPT,N,0
103001,2026,Fall,2268,1,CHEM,299,080,1.0,9.0,OPT,N,0
103001,2026,Fall,2268,1,CHEM,299,081,1.0,9.0,OPT,N,0
103001,2026,Fall,2268,1,CHEM,299,089,1.0,9.0,OPT,N,0
103001,2026,Fall,2268,1,CHEM,299,090,1.0,9.0,OPT,N,0
103001,2026,Fall,2268,1,CHEM,299,091,1.0,9.0,OPT,N,0
103001,2026,Fall,2268,1,CHEM,299,092,1.0,9.0,OPT,N,0
103001,2026,Fall,2268,1,CHEM,299,093,1.0,9.0,OPT,N,0
103001,2026,Fall,2268,1,CHEM,299,094,1.0,9.0,OPT,N,0
103001,2026,Fall,2268,1,CHEM,299,095,1.0,9.0,OPT,N,0
103001,2026,Fall,2268,1,CHEM,299,096,1.0,9.0,OPT,N,0
103001,2026,Fall,2268,1,CHEM,299,097,1.0,9.0,OPT,N,0
103001,2026,Fall,2268,1,CHEM,299,098,1.0,9.0,OPT,N,0
103001,2026,Fall,2268,1,CHEM,299,099,1.0,9.0,OPT,N,0
103001,2026,Fall,2268,1,CHEM,299,100,1.0,9.0,OPT,N,0
103001,2026,Fall,2268,1,CHEM,299,101,1.0,9.0,OPT,N,0
103001,2026,Fall,2268,1,CHEM,299,102,1.0,9.0,OPT,N,0
103001,2026,Fall,2268,1,CHEM,299,103,1.0,9.0,OPT,N,0
103001,2026,Fall,2268,1,CHEM,299,104,1.0,9.0,OPT,N,0
103001,2026,Fall,2268,1,CHEM,299,105,1.0,9.0,OPT,N,0
103001,2026,Fall,2268,1,CHEM,299,106,1.0,9.0,OPT,N,0
103001,2026,Fall,2268,1,CHEM,299,107,1.0,9.0,OPT,N,0
103001,2026,Fall,2268,1,CHEM,299,108,1.0,9.0,OPT,N,0
103001,2026,Fall,2268,1,CHEM,299,109,1.0,9.0,OPT,N,0
103007,2026,Fall,2268,1,CHEM,300,001,2.0,2.0,OPT,N,0
103007,2026,Fall,2268,1,CHEM,300,002,2.0,2.0,OPT,N,0
103007,2026,Fall,2268,1,CHEM,300,003,2.0,2.0,OPT,N,6
103007,2026,Fall,2268,1,CHEM,300,004,2.0,2.0,OPT,N,1
103007,2026,Fall,2268,1,CHEM,300,005,2.0,2.0,OPT,N,2
103007,2026,Fall,2268,1,CHEM,300,006,2.0,2.0,OPT,N,1
103007,2026,Fall,2268,1,CHEM,300,007,2.0,2.0,OPT,N,1
103007,2026,Fall,2268,1,CHEM,300,008,2.0,2.0,OPT,N,0
103007,2026,Fall,2268,1,CHEM,300,009,2.0,2.0,OPT,N,1
103007,2026,Fall,2268,1,CHEM,300,010,2.0,2.0,OPT,N,1
103007,2026,Fall,2268,1,CHEM,300,011,2.0,2.0,OPT,N,2
103007,2026,Fall,2268,1,CHEM,300,012,2.0,2.0,OPT,N,2
103007,2026,Fall,2268,1,CHEM,300,013,2.0,2.0,OPT,N,1
103007,2026,Fall,2268,1,CHEM,300,014,2.0,2.0,OPT,N,0
103007,2026,Fall,2268,1,CHEM,300,015,2.0,2.0,OPT,N,1
103007,2026,Fall,2268,1,CHEM,300,016,2.0,2.0,OPT,N,4
103007,2026,Fall,2268,1,CHEM,300,017,2.0,2.0,OPT,N,0
103007,2026,Fall,2268,1,CHEM,300,018,2.0,2.0,OPT,N,1
103007,2026,Fall,2268,1,CHEM,300,019,2.0,2.0,OPT,N,0
103007,2026,Fall,2268,1,CHEM,300,021,2.0,2.0,OPT,N,0
103007,2026,Fall,2268,1,CHEM,300,022,2.0,2.0,OPT,N,0
103007,2026,Fall,2268,1,CHEM,300,023,2.0,2.0,OPT,N,0
103007,2026,Fall,2268,1,CHEM,300,026,2.0,2.0,OPT,N,1
103007,2026,Fall,2268,1,CHEM,300,027,2.0,2.0,OPT,N,0
103007,2026,Fall,2268,1,CHEM,300,029,2.0,2.0,OPT,N,0
103007,2026,Fall,2268,1,CHEM,300,030,2.0,2.0,OPT,N,0
103007,2026,Fall,2268,1,CHEM,300,032,2.0,2.0,OPT,N,0
103007,2026,Fall,2268,1,CHEM,300,033,2.0,2.0,OPT,N,1
103007,2026,Fall,2268,1,CHEM,300,034,2.0,2.0,OPT,N,0
103007,2026,Fall,2268,1,CHEM,300,035,2.0,2.0,OPT,N,2
103007,2026,Fall,2268,1,CHEM,300,036,2.0,2.0,OPT,N,0
103007,2026,Fall,2268,1,CHEM,300,037,2.0,2.0,OPT,N,0
103007,2026,Fall,2268,1,CHEM,300,038,2.0,2.0,OPT,N,0
103007,2026,Fall,2268,1,CHEM,300,039,2.0,2.0,OPT,N,0
103007,2026,Fall,2268,1,CHEM,300,040,2.0,2.0,OPT,N,0
103007,2026,Fall,2268,1,CHEM,300,041,2.0,2.0,OPT,N,0
103007,2026,Fall,2268,1,CHEM,300,042,2.0,2.0,OPT,N,0
103007,2026,Fall,2268,1,CHEM,300,044,2.0,2.0,OPT,N,0
103007,2026,Fall,2268,1,CHEM,300,045,2.0,2.0,OPT,N,0
103007,2026,Fall,2268,1,CHEM,300,046,2.0,2.0,OPT,N,0
103007,2026,Fall,2268,1,CHEM,300,047,2.0,2.0,OPT,N,0
103007,2026,Fall,2268,1,CHEM,300,048,2.0,2.0,OPT,N,0
103007,2026,Fall,2268,1,CHEM,300,049,2.0,2.0,OPT,N,0
103007,2026,Fall,2268,1,CHEM,300,050,2.0,2.0,OPT,N,0
103007,2026,Fall,2268,1,CHEM,300,051,2.0,2.0,OPT,N,0
103007,2026,Fall,2268,1,CHEM,300,053,2.0,2.0,OPT,N,0
103007,2026,Fall,2268,1,CHEM,300,054,2.0,2.0,OPT,N,0
103007,2026,Fall,2268,1,CHEM,300,055,2.0,2.0,OPT,N,1
103007,2026,Fall,2268,1,CHEM,300,056,2.0,2.0,OPT,N,0
103007,2026,Fall,2268,1,CHEM,300,057,2.0,2.0,OPT,N,0
103007,2026,Fall,2268,1,CHEM,300,058,2.0,2.0,OPT,N,0
103007,2026,Fall,2268,1,CHEM,300,059,2.0,2.0,OPT,N,0
103007,2026,Fall,2268,1,CHEM,300,060,2.0,2.0,OPT,N,0
103007,2026,Fall,2268,1,CHEM,300,061,2.0,2.0,OPT,N,0
103007,2026,Fall,2268,1,CHEM,300,062,2.0,2.0,OPT,N,0
103007,2026,Fall,2268,1,CHEM,300,063,2.0,2.0,OPT,N,0
103007,2026,Fall,2268,1,CHEM,300,064,2.0,2.0,OPT,N,0
103007,2026,Fall,2268,1,CHEM,300,065,2.0,2.0,OPT,N,0
103007,2026,Fall,2268,1,CHEM,300,067,2.0,2.0,OPT,N,0
103007,2026,Fall,2268,1,CHEM,300,068,2.0,2.0,OPT,N,0
103007,2026,Fall,2268,1,CHEM,300,069,2.0,2.0,OPT,N,0
103007,2026,Fall,2268,1,CHEM,300,070,2.0,2.0,OPT,N,0
103008,2026,Fall,2268,1,CHEM,301,001,1.0,1.0,SUS,N,36
103011,2026,Fall,2268,1,CHEM,301C,001,2.0,2.0,PNP,N,14
103011,2026,Fall,2268,1,CHEM,301C,002,2.0,2.0,PNP,N,7
103016,2026,Fall,2268,1,CHEM,375,001,2.0,2.0,OPT,N,0
103016,2026,Fall,2268,1,CHEM,375,002,2.0,2.0,OPT,N,0
103002,2026,Fall,2268,1,CHEM,3A,001,4.0,4.0,OPT,Y,814
103002,2026,Fall,2268,1,CHEM,3A,002,4.0,4.0,OPT,Y,460
103003,2026,Fall,2268,1,CHEM,3AL,001,2.0,2.0,OPT,N,539
103003,2026,Fall,2268,1,CHEM,3AL,002,2.0,2.0,OPT,N,219
103004,2026,Fall,2268,1,CHEM,3B,001,4.0,4.0,OPT,Y,490
103004,2026,Fall,2268,1,CHEM,3B,002,4.0,4.0,OPT,Y,201
103005,2026,Fall,2268,1,CHEM,3BL,001,2.0,2.0,OPT,N,344
103005,2026,Fall,2268,1,CHEM,3BL,002,2.0,2.0,OPT,N,154
103019,2026,Fall,2268,1,CHEM,49,001,1.0,4.0,OPT,N,0
103019,2026,Fall,2268,1,CHEM,49,002,1.0,4.0,OPT,N,0
103019,2026,Fall,2268,1,CHEM,49,003,2.0,2.0,OPT,N,0
103017,2026,Fall,2268,1,CHEM,4A,001,5.0,5.0,OPT,Y,802
103025,2026,Fall,2268,1,CHEM,96,001,1.0,1.0,PNP,Y,175
103027,2026,Fall,2268,1,CHEM,98,002,2.0,2.0,PNP,N,150
103029,2026,Fall,2268,1,CHEM,98W,001,1.0,1.0,PNP,N,0
103029,2026,Fall,2268,1,CHEM,98W,002,1.0,1.0,PNP,N,0
103029,2026,Fall,2268,1,CHEM,98W,003,1.0,1.0,PNP,N,0
103029,2026,Fall,2268,1,CHEM,98W,004,1.0,1.0,PNP,N,0
124450,2026,Fall,2268,1,CHEM,C110L,001,4.0,4.0,OPT,N,155
124354,2026,Fall,2268,1,CHEM,C130,001,4.0,4.0,OPT,Y,288
124342,2026,Fall,2268,1,CHEM,C150,001,3.0,3.0,OPT,Y,139
166746,2026,Fall,2268,1,CHEM,C191A,001,4.0,4.0,OPT,A,156
103031,2026,Fall,2268,1,CHEM,H193,001,3.0,3.0,OPT,A,0
103031,2026,Fall,2268,1,CHEM,H193,004,3.0,3.0,OPT,A,0
103031,2026,Fall,2268,1,CHEM,H193,005,3.0,3.0,OPT,A,0
103031,2026,Fall,2268,1,CHEM,H193,006,3.0,3.0,OPT,A,0
103031,2026,Fall,2268,1,CHEM,H193,007,3.0,3.0,OPT,A,0
103031,2026,Fall,2268,1,CHEM,H193,008,3.0,3.0,OPT,A,0
103031,2026,Fall,2268,1,CHEM,H193,009,3.0,3.0,OPT,A,0
103031,2026,Fall,2268,1,CHEM,H193,012,3.0,3.0,OPT,A,0
103031,2026,Fall,2268,1,CHEM,H193,013,3.0,3.0,OPT,A,0
103031,2026,Fall,2268,1,CHEM,H193,014,3.0,3.0,OPT,A,0
103031,2026,Fall,2268,1,CHEM,H193,016,3.0,3.0,OPT,A,0
103031,2026,Fall,2268,1,CHEM,H193,017,3.0,3.0,OPT,A,0
103031,2026,Fall,2268,1,CHEM,H193,018,3.0,3.0,OPT,A,0
103031,2026,Fall,2268,1,CHEM,H193,019,3.0,3.0,OPT,A,0
103031,2026,Fall,2268,1,CHEM,H193,021,3.0,3.0,OPT,A,0
103031,2026,Fall,2268,1,CHEM,H193,022,3.0,3.0,OPT,A,0
103031,2026,Fall,2268,1,CHEM,H193,025,3.0,3.0,OPT,A,0
103031,2026,Fall,2268,1,CHEM,H193,026,3.0,3.0,OPT,A,0
103031,2026,Fall,2268,1,CHEM,H193,027,3.0,3.0,OPT,A,0
103031,2026,Fall,2268,1,CHEM,H193,028,3.0,3.0,OPT,A,0
103031,2026,Fall,2268,1,CHEM,H193,029,3.0,3.0,OPT,A,0
103031,2026,Fall,2268,1,CHEM,H193,030,3.0,3.0,OPT,A,0
103031,2026,Fall,2268,1,CHEM,H193,032,3.0,3.0,OPT,A,0
103031,2026,Fall,2268,1,CHEM,H193,033,3.0,3.0,OPT,A,0
103031,2026,Fall,2268,1,CHEM,H193,034,3.0,3.0,OPT,A,0
103031,2026,Fall,2268,1,CHEM,H193,035,3.0,3.0,OPT,A,0
103031,2026,Fall,2268,1,CHEM,H193,036,3.0,3.0,OPT,A,0
103031,2026,Fall,2268,1,CHEM,H193,037,3.0,3.0,OPT,A,0
103031,2026,Fall,2268,1,CHEM,H193,040,3.0,3.0,OPT,A,0
103031,2026,Fall,2268,1,CHEM,H193,041,3.0,3.0,OPT,A,0
103031,2026,Fall,2268,1,CHEM,H193,042,3.0,3.0,OPT,A,0
103031,2026,Fall,2268,1,CHEM,H193,043,3.0,3.0,OPT,A,0
103031,2026,Fall,2268,1,CHEM,H193,044,3.0,3.0,OPT,A,0
103031,2026,Fall,2268,1,CHEM,H193,045,3.0,3.0,OPT,A,0
103031,2026,Fall,2268,1,CHEM,H193,046,3.0,3.0,OPT,A,0
103031,2026,Fall,2268,1,CHEM,H193,047,3.0,3.0,OPT,A,0
103031,2026,Fall,2268,1,CHEM,H193,049,3.0,3.0,OPT,A,0
103031,2026,Fall,2268,1,CHEM,H193,051,3.0,3.0,OPT,A,0
103031,2026,Fall,2268,1,CHEM,H193,053,3.0,3.0,OPT,A,0
103031,2026,Fall,2268,1,CHEM,H193,055,3.0,3.0,OPT,A,0
103031,2026,Fall,2268,1,CHEM,H193,056,3.0,3.0,OPT,A,0
103031,2026,Fall,2268,1,CHEM,H193,057,3.0,3.0,OPT,A,0
103031,2026,Fall,2268,1,CHEM,H193,058,3.0,3.0,OPT,A,0
103031,2026,Fall,2268,1,CHEM,H193,059,3.0,3.0,OPT,A,0
103031,2026,Fall,2268,1,CHEM,H193,060,3.0,3.0,OPT,A,0
103031,2026,Fall,2268,1,CHEM,H193,061,3.0,3.0,OPT,A,0
103032,2026,Fall,2268,1,CHEM,H194,002,2.0,6.0,OPT,N,0
103032,2026,Fall,2268,1,CHEM,H194,003,2.0,6.0,OPT,N,0
103032,2026,Fall,2268,1,CHEM,H194,005,2.0,6.0,OPT,N,0
103032,2026,Fall,2268,1,CHEM,H194,006,2.0,6.0,OPT,N,0
103032,2026,Fall,2268,1,CHEM,H194,007,2.0,6.0,OPT,N,0
103032,2026,Fall,2268,1,CHEM,H194,008,2.0,6.0,OPT,N,0
103032,2026,Fall,2268,1,CHEM,H194,009,2.0,6.0,OPT,N,0
103032,2026,Fall,2268,1,CHEM,H194,010,2.0,6.0,OPT,N,0
103032,2026,Fall,2268,1,CHEM,H194,011,2.0,6.0,OPT,N,0
103032,2026,Fall,2268,1,CHEM,H194,012,2.0,6.0,OPT,N,0
103032,2026,Fall,2268,1,CHEM,H194,013,2.0,6.0,OPT,N,0
103032,2026,Fall,2268,1,CHEM,H194,014,2.0,6.0,OPT,N,0
103032,2026,Fall,2268,1,CHEM,H194,015,2.0,6.0,OPT,N,0
103032,2026,Fall,2268,1,CHEM,H194,016,2.0,6.0,OPT,N,0
103032,2026,Fall,2268,1,CHEM,H194,017,2.0,6.0,OPT,N,0
103032,2026,Fall,2268,1,CHEM,H194,019,2.0,6.0,OPT,N,0
103032,2026,Fall,2268,1,CHEM,H194,020,2.0,6.0,OPT,N,0
103032,2026,Fall,2268,1,CHEM,H194,021,2.0,6.0,OPT,N,0
103032,2026,Fall,2268,1,CHEM,H194,022,2.0,6.0,OPT,N,0
103032,2026,Fall,2268,1,CHEM,H194,023,2.0,6.0,OPT,N,0
103032,2026,Fall,2268,1,CHEM,H194,026,2.0,6.0,OPT,N,0
103032,2026,Fall,2268,1,CHEM,H194,027,2.0,6.0,OPT,N,0
103032,2026,Fall,2268,1,CHEM,H194,035,2.0,6.0,OPT,N,0
103032,2026,Fall,2268,1,CHEM,H194,036,2.0,6.0,OPT,N,0
103032,2026,Fall,2268,1,CHEM,H194,037,2.0,6.0,OPT,N,0
103032,2026,Fall,2268,1,CHEM,H194,039,2.0,6.0,OPT,N,0
103032,2026,Fall,2268,1,CHEM,H194,042,2.0,6.0,OPT,N,0
103032,2026,Fall,2268,1,CHEM,H194,044,2.0,6.0,OPT,N,0
103032,2026,Fall,2268,1,CHEM,H194,045,2.0,6.0,OPT,N,0
103032,2026,Fall,2268,1,CHEM,H194,046,2.0,6.0,OPT,N,0
103032,2026,Fall,2268,1,CHEM,H194,047,2.0,6.0,OPT,N,0
103032,2026,Fall,2268,1,CHEM,H194,049,2.0,6.0,OPT,N,0
103032,2026,Fall,2268,1,CHEM,H194,050,2.0,6.0,OPT,N,0
103032,2026,Fall,2268,1,CHEM,H194,051,2.0,6.0,OPT,N,0
103032,2026,Fall,2268,1,CHEM,H194,052,2.0,6.0,OPT,N,0
103032,2026,Fall,2268,1,CHEM,H194,053,2.0,6.0,OPT,N,0
103032,2026,Fall,2268,1,CHEM,H194,055,2.0,6.0,OPT,N,0
103032,2026,Fall,2268,1,CHEM,H194,056,2.0,6.0,OPT,N,0
103032,2026,Fall,2268,1,CHEM,H194,058,2.0,6.0,OPT,N,0
103032,2026,Fall,2268,1,CHEM,H194,059,2.0,6.0,OPT,N,0
103032,2026,Fall,2268,1,CHEM,H194,060,2.0,6.0,OPT,N,0
103032,2026,Fall,2268,1,CHEM,H194,062,2.0,6.0,OPT,N,0
103032,2026,Fall,2268,1,CHEM,H194,063,2.0,6.0,OPT,N,0
103032,2026,Fall,2268,1,CHEM,H194,064,2.0,6.0,OPT,N,0
103032,2026,Fall,2268,1,CHEM,H194,065,2.0,6.0,OPT,N,0
103032,2026,Fall,2268,1,CHEM,H194,066,2.0,6.0,OPT,N,0
103032,2026,Fall,2268,1,CHEM,H194,067,2.0,6.0,OPT,N,0
103032,2026,Fall,2268,1,CHEM,H194,068,2.0,6.0,OPT,N,0
103032,2026,Fall,2268,1,CHEM,H194,069,2.0,6.0,OPT,N,0
103032,2026,Fall,2268,1,CHEM,H194,070,2.0,6.0,OPT,N,0
103032,2026,Fall,2268,1,CHEM,H194,071,2.0,6.0,OPT,N,0
103032,2026,Fall,2268,1,CHEM,H194,072,2.0,6.0,OPT,N,0
103032,2026,Fall,2268,1,CHEM,H194,073,2.0,6.0,OPT,N,0
103032,2026,Fall,2268,1,CHEM,H194,074,2.0,6.0,OPT,N,0
103032,2026,Fall,2268,1,CHEM,H194,075,2.0,6.0,OPT,N,0
103032,2026,Fall,2268,1,CHEM,H194,076,2.0,6.0,OPT,N,0
103032,2026,Fall,2268,1,CHEM,H194,077,2.0,6.0,OPT,N,0
103032,2026,Fall,2268,1,CHEM,H194,078,2.0,6.0,OPT,N,0
103032,2026,Fall,2268,1,CHEM,H194,080,2.0,6.0,OPT,N,0
103064,2026,Fall,2268,1,CHICANO,130,001,3.0,3.0,OPT,Y,386
162103,2026,Fall,2268,1,CHICANO,132,001,4.0,4.0,GRD,A,131
103067,2026,Fall,2268,1,CHICANO,135A,001,4.0,4.0,OPT,Y,0
103068,2026,Fall,2268,1,CHICANO,135B,001,4.0,4.0,OPT,Y,303
103070,2026,Fall,2268,1,CHICANO,141,001,4.0,4.0,OPT,Y,67
103079,2026,Fall,2268,1,CHICANO,159,001,4.0,4.0,OPT,Y,0
103081,2026,Fall,2268,1,CHICANO,161,001,4.0,4.0,OPT,Y,137
103083,2026,Fall,2268,1,CHICANO,163,001,4.0,4.0,OPT,Y,0
103084,2026,Fall,2268,1,CHICANO,165,001,4.0,4.0,OPT,Y,0
161732,2026,Fall,2268,1,CHICANO,175,001,4.0,4.0,OPT,A,4
103088,2026,Fall,2268,1,CHICANO,176,001,3.0,3.0,OPT,Y,0
103090,2026,Fall,2268,1,CHICANO,180,001,4.0,4.0,OPT,A,81
103090,2026,Fall,2268,1,CHICANO,180,002,4.0,4.0,OPT,N,56
103090,2026,Fall,2268,1,CHICANO,180,003,1.0,4.0,OPT,A,0
161284,2026,Fall,2268,1,CHICANO,190,001,4.0,4.0,OPT,A,17
161284,2026,Fall,2268,1,CHICANO,190,002,4.0,4.0,OPT,A,32
147891,2026,Fall,2268,1,CHICANO,194A,001,2.0,2.0,BMT,N,0
103094,2026,Fall,2268,1,CHICANO,195,001,4.0,4.0,OPT,N,0
103094,2026,Fall,2268,1,CHICANO,195,002,4.0,4.0,OPT,N,0
103094,2026,Fall,2268,1,CHICANO,195,003,4.0,4.0,OPT,N,0
103095,2026,Fall,2268,1,CHICANO,197,001,1.0,3.0,PNP,A,0
103095,2026,Fall,2268,1,CHICANO,197,002,1.0,3.0,PNP,A,0
103095,2026,Fall,2268,1,CHICANO,197,003,1.0,3.0,PNP,A,0
103095,2026,Fall,2268,1,CHICANO,197,004,1.0,3.0,PNP,A,0
103095,2026,Fall,2268,1,CHICANO,197,005,1.0,3.0,PNP,A,0
103095,2026,Fall,2268,1,CHICANO,197,006,1.0,3.0,PNP,A,0
103095,2026,Fall,2268,1,CHICANO,197,007,1.0,3.0,PNP,A,0
103095,2026,Fall,2268,1,CHICANO,197,008,1.0,3.0,PNP,A,0
103095,2026,Fall,2268,1,CHICANO,197,009,1.0,3.0,PNP,A,0
103095,2026,Fall,2268,1,CHICANO,197,010,1.0,3.0,PNP,A,0
103095,2026,Fall,2268,1,CHICANO,197,011,1.0,3.0,PNP,A,0
103095,2026,Fall,2268,1,CHICANO,197,012,1.0,3.0,PNP,A,0
103095,2026,Fall,2268,1,CHICANO,197,013,1.0,3.0,PNP,A,0
103097,2026,Fall,2268,1,CHICANO,199,001,1.0,4.0,PNP,N,0
103097,2026,Fall,2268,1,CHICANO,199,002,1.0,4.0,PNP,N,0
103097,2026,Fall,2268,1,CHICANO,199,003,1.0,4.0,PNP,N,0
103097,2026,Fall,2268,1,CHICANO,199,004,1.0,4.0,PNP,N,0
103097,2026,Fall,2268,1,CHICANO,199,005,1.0,4.0,PNP,N,0
103097,2026,Fall,2268,1,CHICANO,199,006,1.0,4.0,PNP,N,0
103097,2026,Fall,2268,1,CHICANO,199,007,1.0,4.0,PNP,N,0
103097,2026,Fall,2268,1,CHICANO,199,008,1.0,4.0,PNP,N,0
103097,2026,Fall,2268,1,CHICANO,199,009,1.0,4.0,PNP,N,0
103098,2026,Fall,2268,1,CHICANO,20,001,4.0,4.0,OPT,Y,0
103099,2026,Fall,2268,1,CHICANO,24,001,1.0,1.0,OPT,Y,0
103101,2026,Fall,2268,1,CHICANO,39,001,1.5,2.0,OPT,Y,0
103128,2026,Fall,2268,1,CHICANO,40,001,4.0,4.0,OPT,Y,0
103130,2026,Fall,2268,1,CHICANO,50,001,4.0,4.0,OPT,Y,554
103133,2026,Fall,2268,1,CHICANO,70,001,4.0,4.0,OPT,Y,0
103136,2026,Fall,2268,1,CHICANO,97,001,1.0,3.0,PNP,N,0
103136,2026,Fall,2268,1,CHICANO,97,002,1.0,3.0,PNP,N,0
103136,2026,Fall,2268,1,CHICANO,97,003,1.0,3.0,PNP,N,0
103136,2026,Fall,2268,1,CHICANO,97,004,1.0,3.0,PNP,N,0
103136,2026,Fall,2268,1,CHICANO,97,005,1.0,3.0,PNP,N,0
103136,2026,Fall,2268,1,CHICANO,97,006,1.0,3.0,PNP,N,0
103136,2026,Fall,2268,1,CHICANO,97,007,1.0,3.0,PNP,N,0
103136,2026,Fall,2268,1,CHICANO,97,008,1.0,3.0,PNP,N,0
103136,2026,Fall,2268,1,CHICANO,97,009,1.0,3.0,PNP,N,0
103136,2026,Fall,2268,1,CHICANO,97,010,1.0,3.0,PNP,N,0
103136,2026,Fall,2268,1,CHICANO,97,011,1.0,3.0,PNP,N,0
103136,2026,Fall,2268,1,CHICANO,97,012,1.0,3.0,PNP,N,0
103136,2026,Fall,2268,1,CHICANO,97,013,1.0,3.0,PNP,N,0
103138,2026,Fall,2268,1,CHICANO,99,001,1.0,4.0,PNP,N,0
103138,2026,Fall,2268,1,CHICANO,99,002,1.0,4.0,PNP,N,0
103138,2026,Fall,2268,1,CHICANO,99,003,1.0,4.0,PNP,N,0
103138,2026,Fall,2268,1,CHICANO,99,004,1.0,4.0,PNP,N,0
103138,2026,Fall,2268,1,CHICANO,99,005,1.0,4.0,PNP,N,0
103138,2026,Fall,2268,1,CHICANO,99,006,1.0,4.0,PNP,N,0
103138,2026,Fall,2268,1,CHICANO,99,007,1.0,4.0,PNP,N,0
103138,2026,Fall,2268,1,CHICANO,99,008,1.0,4.0,PNP,N,0
103138,2026,Fall,2268,1,CHICANO,99,009,1.0,4.0,PNP,N,0
161265,2026,Fall,2268,1,CHICANO,C144L,001,4.0,4.0,OPT,C,10
103140,2026,Fall,2268,1,CHICANO,H195A,001,3.0,3.0,BMT,N,0
103142,2026,Fall,2268,1,CHICANO,R1A,001,4.0,4.0,GRD,N,223
103144,2026,Fall,2268,1,CHICANO,R1B,001,4.0,4.0,GRD,N,0
103169,2026,Fall,2268,1,CHINESE,100A,001,5.0,5.0,OPT,N,126
103175,2026,Fall,2268,1,CHINESE,100XA,001,4.0,4.0,OPT,N,206
103180,2026,Fall,2268,1,CHINESE,102,001,4.0,4.0,OPT,N,289
103162,2026,Fall,2268,1,CHINESE,10A,001,5.0,5.0,OPT,N,202
103162,2026,Fall,2268,1,CHINESE,10A,002,5.0,5.0,OPT,N,150
103189,2026,Fall,2268,1,CHINESE,110A,001,4.0,4.0,OPT,Y,206
103192,2026,Fall,2268,1,CHINESE,111,001,4.0,4.0,OPT,N,186
103198,2026,Fall,2268,1,CHINESE,134,001,4.0,4.0,OPT,Y,206
103219,2026,Fall,2268,1,CHINESE,156,001,4.0,4.0,OPT,Y,237
103244,2026,Fall,2268,1,CHINESE,188,001,4.0,4.0,OPT,Y,264
103247,2026,Fall,2268,1,CHINESE,199,001,1.0,4.0,PNP,N,2
103153,2026,Fall,2268,1,CHINESE,1A,001,5.0,5.0,OPT,N,171
103153,2026,Fall,2268,1,CHINESE,1A,002,5.0,5.0,OPT,N,86
103153,2026,Fall,2268,1,CHINESE,1A,003,5.0,5.0,OPT,N,66
103156,2026,Fall,2268,1,CHINESE,1B,001,5.0,5.0,OPT,N,164
103159,2026,Fall,2268,1,CHINESE,1X,001,4.0,4.0,OPT,N,119
103159,2026,Fall,2268,1,CHINESE,1X,002,4.0,4.0,OPT,N,80
103257,2026,Fall,2268,1,CHINESE,234,001,2.0,4.0,OPT,N,23
103264,2026,Fall,2268,1,CHINESE,255,001,2.0,4.0,OPT,N,38
103269,2026,Fall,2268,1,CHINESE,298,001,1.0,12.0,OPT,N,0
103269,2026,Fall,2268,1,CHINESE,298,002,1.0,12.0,OPT,N,0
103269,2026,Fall,2268,1,CHINESE,298,003,1.0,12.0,OPT,N,0
103269,2026,Fall,2268,1,CHINESE,298,004,1.0,12.0,OPT,N,0
103269,2026,Fall,2268,1,CHINESE,298,005,1.0,12.0,OPT,N,0
103269,2026,Fall,2268,1,CHINESE,298,006,1.0,12.0,OPT,N,0
103269,2026,Fall,2268,1,CHINESE,298,007,1.0,12.0,OPT,N,0
103270,2026,Fall,2268,1,CHINESE,299,001,1.0,12.0,SUS,N,0
103270,2026,Fall,2268,1,CHINESE,299,002,1.0,12.0,SUS,N,0
103270,2026,Fall,2268,1,CHINESE,299,003,1.0,12.0,SUS,N,0
103270,2026,Fall,2268,1,CHINESE,299,004,1.0,12.0,SUS,N,0
103270,2026,Fall,2268,1,CHINESE,299,005,1.0,12.0,SUS,N,0
103270,2026,Fall,2268,1,CHINESE,299,006,1.0,12.0,SUS,N,0
103270,2026,Fall,2268,1,CHINESE,299,007,1.0,12.0,SUS,N,0
166058,2026,Fall,2268,1,CHINESE,30A,001,4.0,4.0,OPT,A,260
103271,2026,Fall,2268,1,CHINESE,3A,001,4.0,4.0,OPT,N,31
160154,2026,Fall,2268,1,CHINESE,3X,001,4.0,4.0,OPT,A,99
163300,2026,Fall,2268,1,CHINESE,4A,001,4.0,4.0,OPT,A,126
163293,2026,Fall,2268,1,CHINESE,4B,001,4.0,4.0,OPT,A,48
103307,2026,Fall,2268,1,CHINESE,7A,001,4.0,4.0,OPT,Y,299
124494,2026,Fall,2268,1,CHINESE,C116,001,4.0,4.0,OPT,Y,77
124429,2026,Fall,2268,1,CHINESE,C223,001,2.0,4.0,OPT,N,14
161958,2026,Fall,2268,1,CHMENG,130,001,4.0,4.0,OPT,Y,166
103322,2026,Fall,2268,1,CHMENG,140,001,4.0,4.0,OPT,Y,153
103324,2026,Fall,2268,1,CHMENG,142,001,4.0,4.0,OPT,Y,143
103326,2026,Fall,2268,1,CHMENG,150B,001,4.0,4.0,OPT,Y,97
103330,2026,Fall,2268,1,CHMENG,154,001,4.0,4.0,OPT,Y,118
103332,2026,Fall,2268,1,CHMENG,160,001,4.0,4.0,OPT,Y,101
103334,2026,Fall,2268,1,CHMENG,162,001,4.0,4.0,OPT,Y,69
103336,2026,Fall,2268,1,CHMENG,170A,001,4.0,4.0,OPT,Y,112
103348,2026,Fall,2268,1,CHMENG,179,001,3.0,3.0,OPT,Y,0
103352,2026,Fall,2268,1,CHMENG,195,005,2.0,4.0,OPT,Y,0
103352,2026,Fall,2268,1,CHMENG,195,007,2.0,4.0,OPT,Y,0
103352,2026,Fall,2268,1,CHMENG,195,009,2.0,4.0,OPT,Y,0
103352,2026,Fall,2268,1,CHMENG,195,013,2.0,4.0,OPT,Y,0
103352,2026,Fall,2268,1,CHMENG,195,015,2.0,4.0,OPT,Y,0
103352,2026,Fall,2268,1,CHMENG,195,016,2.0,4.0,OPT,Y,0
103352,2026,Fall,2268,1,CHMENG,195,017,2.0,4.0,OPT,Y,0
103352,2026,Fall,2268,1,CHMENG,195,018,2.0,4.0,OPT,Y,0
103352,2026,Fall,2268,1,CHMENG,195,019,2.0,4.0,OPT,Y,0
103352,2026,Fall,2268,1,CHMENG,195,022,2.0,4.0,OPT,Y,0
103352,2026,Fall,2268,1,CHMENG,195,023,2.0,4.0,OPT,Y,0
103352,2026,Fall,2268,1,CHMENG,195,031,2.0,4.0,OPT,Y,0
103352,2026,Fall,2268,1,CHMENG,195,033,2.0,4.0,OPT,Y,0
103352,2026,Fall,2268,1,CHMENG,195,034,2.0,4.0,OPT,Y,0
103352,2026,Fall,2268,1,CHMENG,195,035,2.0,4.0,OPT,Y,0
103352,2026,Fall,2268,1,CHMENG,195,036,2.0,4.0,OPT,Y,0
103352,2026,Fall,2268,1,CHMENG,195,037,2.0,4.0,OPT,Y,0
103353,2026,Fall,2268,1,CHMENG,196,001,2.0,4.0,OPT,N,0
103353,2026,Fall,2268,1,CHMENG,196,003,2.0,4.0,OPT,N,0
103353,2026,Fall,2268,1,CHMENG,196,005,2.0,4.0,OPT,N,0
103353,2026,Fall,2268,1,CHMENG,196,007,2.0,4.0,OPT,N,0
103353,2026,Fall,2268,1,CHMENG,196,008,2.0,4.0,OPT,N,0
103353,2026,Fall,2268,1,CHMENG,196,009,2.0,4.0,OPT,N,0
103353,2026,Fall,2268,1,CHMENG,196,010,2.0,4.0,OPT,N,0
103353,2026,Fall,2268,1,CHMENG,196,011,2.0,4.0,OPT,N,0
103353,2026,Fall,2268,1,CHMENG,196,012,2.0,4.0,OPT,N,0
103353,2026,Fall,2268,1,CHMENG,196,013,2.0,4.0,OPT,N,0
103353,2026,Fall,2268,1,CHMENG,196,015,2.0,4.0,OPT,N,0
103353,2026,Fall,2268,1,CHMENG,196,017,2.0,4.0,OPT,N,0
103353,2026,Fall,2268,1,CHMENG,196,019,2.0,4.0,OPT,N,0
103353,2026,Fall,2268,1,CHMENG,196,020,2.0,4.0,OPT,N,0
103353,2026,Fall,2268,1,CHMENG,196,021,2.0,4.0,OPT,N,0
103353,2026,Fall,2268,1,CHMENG,196,026,2.0,4.0,OPT,N,0
103353,2026,Fall,2268,1,CHMENG,196,029,2.0,4.0,OPT,N,0
103353,2026,Fall,2268,1,CHMENG,196,031,2.0,4.0,OPT,N,0
103353,2026,Fall,2268,1,CHMENG,196,032,2.0,4.0,OPT,N,0
103353,2026,Fall,2268,1,CHMENG,196,033,2.0,4.0,OPT,N,0
103353,2026,Fall,2268,1,CHMENG,196,035,2.0,4.0,OPT,N,0
103353,2026,Fall,2268,1,CHMENG,196,036,2.0,4.0,OPT,N,0
103353,2026,Fall,2268,1,CHMENG,196,037,2.0,4.0,OPT,N,0
103353,2026,Fall,2268,1,CHMENG,196,038,2.0,4.0,OPT,N,0
103354,2026,Fall,2268,1,CHMENG,197,001,1.0,4.0,PNP,N,0
103356,2026,Fall,2268,1,CHMENG,199,001,1.0,4.0,PNP,N,0
163305,2026,Fall,2268,1,CHMENG,236,001,3.0,3.0,OPT,N,40
103361,2026,Fall,2268,1,CHMENG,240,001,3.0,3.0,OPT,Y,42
103363,2026,Fall,2268,1,CHMENG,244,001,3.0,3.0,OPT,Y,23
103368,2026,Fall,2268,1,CHMENG,250,001,3.0,3.0,OPT,Y,33
168564,2026,Fall,2268,1,CHMENG,270A,001,4.0,4.0,OPT,Y,6
103391,2026,Fall,2268,1,CHMENG,295P,001,3.0,3.0,OPT,N,14
103402,2026,Fall,2268,1,CHMENG,298,001,1.0,1.0,SUS,N,0
103402,2026,Fall,2268,1,CHMENG,298,002,1.0,1.0,SUS,N,0
103402,2026,Fall,2268,1,CHMENG,298,003,1.0,1.0,SUS,N,0
103402,2026,Fall,2268,1,CHMENG,298,004,1.0,1.0,SUS,N,0
103402,2026,Fall,2268,1,CHMENG,298,005,1.0,1.0,SUS,N,0
103402,2026,Fall,2268,1,CHMENG,298,006,1.0,1.0,SUS,N,0
103402,2026,Fall,2268,1,CHMENG,298,007,1.0,1.0,SUS,N,0
103402,2026,Fall,2268,1,CHMENG,298,008,1.0,1.0,SUS,N,0
103402,2026,Fall,2268,1,CHMENG,298,009,1.0,1.0,SUS,N,0
103402,2026,Fall,2268,1,CHMENG,298,010,1.0,1.0,SUS,N,0
103402,2026,Fall,2268,1,CHMENG,298,011,1.0,1.0,SUS,N,0
103402,2026,Fall,2268,1,CHMENG,298,012,1.0,1.0,SUS,N,0
103402,2026,Fall,2268,1,CHMENG,298,013,1.0,1.0,SUS,N,0
103402,2026,Fall,2268,1,CHMENG,298,014,1.0,1.0,SUS,N,0
103402,2026,Fall,2268,1,CHMENG,298,015,1.0,1.0,SUS,N,0
103402,2026,Fall,2268,1,CHMENG,298,016,1.0,1.0,SUS,N,0
103402,2026,Fall,2268,1,CHMENG,298,017,1.0,1.0,SUS,N,0
103402,2026,Fall,2268,1,CHMENG,298,018,1.0,1.0,SUS,N,0
103402,2026,Fall,2268,1,CHMENG,298,019,1.0,1.0,SUS,N,0
103402,2026,Fall,2268,1,CHMENG,298,020,1.0,1.0,SUS,N,0
103402,2026,Fall,2268,1,CHMENG,298,021,1.0,1.0,SUS,N,0
103402,2026,Fall,2268,1,CHMENG,298,022,1.0,1.0,SUS,N,0
103402,2026,Fall,2268,1,CHMENG,298,023,1.0,1.0,SUS,N,0
103402,2026,Fall,2268,1,CHMENG,298,024,1.0,1.0,SUS,N,20
103402,2026,Fall,2268,1,CHMENG,298,025,1.0,1.0,SUS,N,10
103402,2026,Fall,2268,1,CHMENG,298,026,1.0,1.0,SUS,N,0
160665,2026,Fall,2268,1,CHMENG,298B,001,1.0,1.0,SUS,N,14
125550,2026,Fall,2268,1,CHMENG,298C,001,1.0,2.0,SUS,N,13
125550,2026,Fall,2268,1,CHMENG,298C,002,1.0,2.0,SUS,N,13
125550,2026,Fall,2268,1,CHMENG,298C,003,1.0,2.0,SUS,N,6
103403,2026,Fall,2268,1,CHMENG,299,001,1.0,12.0,OPT,N,0
103403,2026,Fall,2268,1,CHMENG,299,002,1.0,12.0,OPT,N,0
103403,2026,Fall,2268,1,CHMENG,299,003,1.0,12.0,OPT,N,0
103403,2026,Fall,2268,1,CHMENG,299,004,1.0,12.0,OPT,N,0
103403,2026,Fall,2268,1,CHMENG,299,005,1.0,12.0,OPT,N,0
103403,2026,Fall,2268,1,CHMENG,299,006,1.0,12.0,OPT,N,0
103403,2026,Fall,2268,1,CHMENG,299,007,1.0,12.0,OPT,N,0
103403,2026,Fall,2268,1,CHMENG,299,008,1.0,12.0,OPT,N,0
103403,2026,Fall,2268,1,CHMENG,299,009,1.0,12.0,OPT,N,0
103403,2026,Fall,2268,1,CHMENG,299,010,1.0,12.0,OPT,N,0
103403,2026,Fall,2268,1,CHMENG,299,011,1.0,12.0,OPT,N,0
103403,2026,Fall,2268,1,CHMENG,299,012,1.0,12.0,OPT,N,0
103403,2026,Fall,2268,1,CHMENG,299,013,1.0,12.0,OPT,N,0
103403,2026,Fall,2268,1,CHMENG,299,015,1.0,12.0,OPT,N,0
103403,2026,Fall,2268,1,CHMENG,299,017,1.0,12.0,OPT,N,0
103403,2026,Fall,2268,1,CHMENG,299,018,1.0,12.0,OPT,N,0
103403,2026,Fall,2268,1,CHMENG,299,019,1.0,12.0,OPT,N,0
103403,2026,Fall,2268,1,CHMENG,299,020,1.0,12.0,OPT,N,0
103403,2026,Fall,2268,1,CHMENG,299,021,1.0,12.0,OPT,N,0
103403,2026,Fall,2268,1,CHMENG,299,022,1.0,12.0,OPT,N,0
103403,2026,Fall,2268,1,CHMENG,299,023,1.0,12.0,OPT,N,0
103403,2026,Fall,2268,1,CHMENG,299,027,1.0,12.0,OPT,N,0
103403,2026,Fall,2268,1,CHMENG,299,028,1.0,12.0,OPT,N,0
103403,2026,Fall,2268,1,CHMENG,299,029,1.0,12.0,OPT,N,0
103403,2026,Fall,2268,1,CHMENG,299,030,1.0,12.0,OPT,N,0
103403,2026,Fall,2268,1,CHMENG,299,031,1.0,12.0,OPT,N,0
103403,2026,Fall,2268,1,CHMENG,299,42X,3.0,3.0,OPT,N,9
103404,2026,Fall,2268,1,CHMENG,300,001,2.0,2.0,SUS,N,0
103404,2026,Fall,2268,1,CHMENG,300,003,2.0,2.0,SUS,N,0
103404,2026,Fall,2268,1,CHMENG,300,004,2.0,2.0,SUS,N,0
103404,2026,Fall,2268,1,CHMENG,300,005,2.0,2.0,SUS,N,0
103404,2026,Fall,2268,1,CHMENG,300,006,2.0,2.0,SUS,N,0
103404,2026,Fall,2268,1,CHMENG,300,007,2.0,2.0,SUS,N,0
103404,2026,Fall,2268,1,CHMENG,300,008,2.0,2.0,SUS,N,0
103404,2026,Fall,2268,1,CHMENG,300,009,2.0,2.0,SUS,N,0
103404,2026,Fall,2268,1,CHMENG,300,010,2.0,2.0,SUS,N,0
103404,2026,Fall,2268,1,CHMENG,300,011,2.0,2.0,SUS,N,0
103404,2026,Fall,2268,1,CHMENG,300,012,2.0,2.0,SUS,N,0
103404,2026,Fall,2268,1,CHMENG,300,013,2.0,2.0,SUS,N,0
103404,2026,Fall,2268,1,CHMENG,300,014,2.0,2.0,SUS,N,0
103404,2026,Fall,2268,1,CHMENG,300,015,2.0,2.0,SUS,N,0
103404,2026,Fall,2268,1,CHMENG,300,017,2.0,2.0,SUS,N,0
103404,2026,Fall,2268,1,CHMENG,300,018,2.0,2.0,SUS,N,0
103404,2026,Fall,2268,1,CHMENG,300,019,2.0,2.0,SUS,N,0
103404,2026,Fall,2268,1,CHMENG,300,020,2.0,2.0,SUS,N,0
103404,2026,Fall,2268,1,CHMENG,300,021,2.0,2.0,SUS,N,0
103404,2026,Fall,2268,1,CHMENG,300,022,2.0,2.0,SUS,N,0
103404,2026,Fall,2268,1,CHMENG,300,023,2.0,2.0,SUS,N,0
103404,2026,Fall,2268,1,CHMENG,300,027,2.0,2.0,SUS,N,0
103404,2026,Fall,2268,1,CHMENG,300,028,2.0,2.0,SUS,N,0
103405,2026,Fall,2268,1,CHMENG,375,001,2.0,2.0,SUS,N,0
103407,2026,Fall,2268,1,CHMENG,602,001,1.0,8.0,SUS,N,0
103407,2026,Fall,2268,1,CHMENG,602,003,1.0,8.0,SUS,N,0
103407,2026,Fall,2268,1,CHMENG,602,004,1.0,8.0,SUS,N,0
103407,2026,Fall,2268,1,CHMENG,602,005,1.0,8.0,SUS,N,0
103407,2026,Fall,2268,1,CHMENG,602,006,1.0,8.0,SUS,N,0
103407,2026,Fall,2268,1,CHMENG,602,007,1.0,8.0,SUS,N,0
103407,2026,Fall,2268,1,CHMENG,602,008,1.0,8.0,SUS,N,0
103407,2026,Fall,2268,1,CHMENG,602,009,1.0,8.0,SUS,N,0
103407,2026,Fall,2268,1,CHMENG,602,010,1.0,8.0,SUS,N,0
103407,2026,Fall,2268,1,CHMENG,602,011,1.0,8.0,SUS,N,0
103407,2026,Fall,2268,1,CHMENG,602,012,1.0,8.0,SUS,N,0
103407,2026,Fall,2268,1,CHMENG,602,013,1.0,8.0,SUS,N,0
103407,2026,Fall,2268,1,CHMENG,602,014,1.0,8.0,SUS,N,0
103407,2026,Fall,2268,1,CHMENG,602,015,1.0,8.0,SUS,N,0
103407,2026,Fall,2268,1,CHMENG,602,016,1.0,8.0,SUS,N,0
103407,2026,Fall,2268,1,CHMENG,602,017,1.0,8.0,SUS,N,0
103407,2026,Fall,2268,1,CHMENG,602,018,1.0,8.0,SUS,N,0
103407,2026,Fall,2268,1,CHMENG,602,019,1.0,8.0,SUS,N,0
103407,2026,Fall,2268,1,CHMENG,602,020,1.0,8.0,SUS,N,0
103407,2026,Fall,2268,1,CHMENG,602,021,1.0,8.0,SUS,N,0
103407,2026,Fall,2268,1,CHMENG,602,023,1.0,8.0,SUS,N,0
103407,2026,Fall,2268,1,CHMENG,602,024,1.0,8.0,SUS,N,0
103407,2026,Fall,2268,1,CHMENG,602,025,1.0,8.0,SUS,N,0
103411,2026,Fall,2268,1,CHMENG,98W,001,1.0,1.0,PNP,N,0
124355,2026,Fall,2268,1,CHMENG,C170L,102,3.0,3.0,OPT,Y,23
124161,2026,Fall,2268,1,CHMENG,C178,001,3.0,3.0,OPT,Y,113
103413,2026,Fall,2268,1,CHMENG,H193,001,3.0,3.0,OPT,N,0
103413,2026,Fall,2268,1,CHMENG,H193,002,3.0,3.0,OPT,N,0
103413,2026,Fall,2268,1,CHMENG,H193,004,3.0,3.0,OPT,N,0
103413,2026,Fall,2268,1,CHMENG,H193,005,3.0,3.0,OPT,N,0
103413,2026,Fall,2268,1,CHMENG,H193,007,3.0,3.0,OPT,N,0
103413,2026,Fall,2268,1,CHMENG,H193,008,3.0,3.0,OPT,N,0
103413,2026,Fall,2268,1,CHMENG,H193,009,3.0,3.0,OPT,N,0
103413,2026,Fall,2268,1,CHMENG,H193,010,3.0,3.0,OPT,N,0
103413,2026,Fall,2268,1,CHMENG,H193,011,3.0,3.0,OPT,N,0
103413,2026,Fall,2268,1,CHMENG,H193,012,3.0,3.0,OPT,N,0
103413,2026,Fall,2268,1,CHMENG,H193,013,3.0,3.0,OPT,N,0
103413,2026,Fall,2268,1,CHMENG,H193,015,3.0,3.0,OPT,N,0
103413,2026,Fall,2268,1,CHMENG,H193,016,3.0,3.0,OPT,N,0
103413,2026,Fall,2268,1,CHMENG,H193,017,3.0,3.0,OPT,N,0
103413,2026,Fall,2268,1,CHMENG,H193,018,3.0,3.0,OPT,N,0
103413,2026,Fall,2268,1,CHMENG,H193,019,3.0,3.0,OPT,N,0
103413,2026,Fall,2268,1,CHMENG,H193,020,3.0,3.0,OPT,N,0
103413,2026,Fall,2268,1,CHMENG,H193,021,3.0,3.0,OPT,N,0
103414,2026,Fall,2268,1,CHMENG,H194,001,2.0,4.0,OPT,N,0
103414,2026,Fall,2268,1,CHMENG,H194,002,2.0,4.0,OPT,N,0
103414,2026,Fall,2268,1,CHMENG,H194,004,2.0,4.0,OPT,N,0
103414,2026,Fall,2268,1,CHMENG,H194,005,2.0,4.0,OPT,N,0
103414,2026,Fall,2268,1,CHMENG,H194,006,2.0,4.0,OPT,N,0
103414,2026,Fall,2268,1,CHMENG,H194,007,2.0,4.0,OPT,N,0
103414,2026,Fall,2268,1,CHMENG,H194,008,2.0,4.0,OPT,N,0
103414,2026,Fall,2268,1,CHMENG,H194,009,2.0,4.0,OPT,N,0
103414,2026,Fall,2268,1,CHMENG,H194,010,2.0,4.0,OPT,N,0
103414,2026,Fall,2268,1,CHMENG,H194,011,2.0,4.0,OPT,N,0
103414,2026,Fall,2268,1,CHMENG,H194,012,2.0,4.0,OPT,N,0
103414,2026,Fall,2268,1,CHMENG,H194,013,2.0,4.0,OPT,N,0
103414,2026,Fall,2268,1,CHMENG,H194,015,2.0,4.0,OPT,N,0
103414,2026,Fall,2268,1,CHMENG,H194,017,2.0,4.0,OPT,N,0
103414,2026,Fall,2268,1,CHMENG,H194,019,2.0,4.0,OPT,N,0
103414,2026,Fall,2268,1,CHMENG,H194,020,2.0,4.0,OPT,N,0
103414,2026,Fall,2268,1,CHMENG,H194,021,2.0,4.0,OPT,N,0
103414,2026,Fall,2268,1,CHMENG,H194,023,2.0,4.0,OPT,N,0
103414,2026,Fall,2268,1,CHMENG,H194,024,2.0,4.0,OPT,N,0
103414,2026,Fall,2268,1,CHMENG,H194,026,2.0,4.0,OPT,N,0
103414,2026,Fall,2268,1,CHMENG,H194,027,2.0,4.0,OPT,N,0
103414,2026,Fall,2268,1,CHMENG,H194,028,2.0,4.0,OPT,N,0
103414,2026,Fall,2268,1,CHMENG,H194,029,2.0,4.0,OPT,N,0
103414,2026,Fall,2268,1,CHMENG,H194,031,2.0,4.0,OPT,N,0
103414,2026,Fall,2268,1,CHMENG,H194,032,2.0,4.0,OPT,N,0
103414,2026,Fall,2268,1,CHMENG,H194,033,2.0,4.0,OPT,N,0
103414,2026,Fall,2268,1,CHMENG,H194,034,2.0,4.0,OPT,N,0
103414,2026,Fall,2268,1,CHMENG,H194,035,2.0,4.0,OPT,N,0
103414,2026,Fall,2268,1,CHMENG,H194,036,2.0,4.0,OPT,N,0
103414,2026,Fall,2268,1,CHMENG,H194,038,2.0,4.0,OPT,N,0
103414,2026,Fall,2268,1,CHMENG,H194,039,2.0,4.0,OPT,N,0
103414,2026,Fall,2268,1,CHMENG,H194,040,2.0,4.0,OPT,N,0
103414,2026,Fall,2268,1,CHMENG,H194,081,2.0,4.0,OPT,N,0
103423,2026,Fall,2268,1,CIVENG,100,001,4.0,4.0,OPT,Y,225
103432,2026,Fall,2268,1,CIVENG,108,001,3.0,3.0,OPT,A,315
103434,2026,Fall,2268,1,CIVENG,11,001,3.0,3.0,OPT,Y,299
103436,2026,Fall,2268,1,CIVENG,111,001,3.0,3.0,OPT,Y,217
103437,2026,Fall,2268,1,CIVENG,111L,001,1.0,1.0,OPT,Y,144
103438,2026,Fall,2268,1,CIVENG,112,001,3.0,3.0,OPT,A,217
103443,2026,Fall,2268,1,CIVENG,115,001,3.0,3.0,OPT,Y,123
160642,2026,Fall,2268,1,CIVENG,122,001,3.0,3.0,OPT,Y,87
103461,2026,Fall,2268,1,CIVENG,124,001,3.0,3.0,OPT,Y,167
158541,2026,Fall,2268,1,CIVENG,126,001,3.0,3.0,OPT,Y,92
103480,2026,Fall,2268,1,CIVENG,155,001,3.0,3.0,OPT,Y,217
103487,2026,Fall,2268,1,CIVENG,167,001,3.0,3.0,OPT,Y,209
160653,2026,Fall,2268,1,CIVENG,170A,001,3.0,3.0,OPT,A,119
103497,2026,Fall,2268,1,CIVENG,173,001,3.0,3.0,OPT,Y,22
103500,2026,Fall,2268,1,CIVENG,176,001,3.0,3.0,OPT,Y,92
103507,2026,Fall,2268,1,CIVENG,186,001,3.0,3.0,OPT,A,245
166029,2026,Fall,2268,1,CIVENG,187,001,3.0,3.0,OPT,Y,76
166029,2026,Fall,2268,1,CIVENG,187,002,3.0,3.0,OPT,Y,47
103515,2026,Fall,2268,1,CIVENG,193,001,3.0,3.0,OPT,Y,175
103516,2026,Fall,2268,1,CIVENG,197,001,1.0,4.0,PNP,N,5
103518,2026,Fall,2268,1,CIVENG,199,001,1.0,4.0,PNP,N,4
103518,2026,Fall,2268,1,CIVENG,199,002,1.0,4.0,PNP,N,4
103518,2026,Fall,2268,1,CIVENG,199,003,1.0,4.0,PNP,N,0
103518,2026,Fall,2268,1,CIVENG,199,004,1.0,4.0,PNP,N,1
103518,2026,Fall,2268,1,CIVENG,199,005,1.0,4.0,PNP,N,0
103518,2026,Fall,2268,1,CIVENG,199,006,1.0,4.0,PNP,N,0
103520,2026,Fall,2268,1,CIVENG,200A,001,3.0,3.0,OPT,Y,49
103546,2026,Fall,2268,1,CIVENG,211A,001,3.0,3.0,OPT,Y,57
103559,2026,Fall,2268,1,CIVENG,218A,001,3.0,3.0,OPT,Y,46
103563,2026,Fall,2268,1,CIVENG,220,001,3.0,3.0,OPT,Y,23
103572,2026,Fall,2268,1,CIVENG,225,001,3.0,3.0,OPT,Y,29
103600,2026,Fall,2268,1,CIVENG,24,001,1.0,1.0,OPT,Y,160
103602,2026,Fall,2268,1,CIVENG,241,001,3.0,3.0,OPT,Y,30
103605,2026,Fall,2268,1,CIVENG,244,001,3.0,3.0,OPT,Y,13
103619,2026,Fall,2268,1,CIVENG,251,001,3.0,3.0,OPT,Y,24
103620,2026,Fall,2268,1,CIVENG,252,001,3.0,3.0,OPT,Y,31
161282,2026,Fall,2268,1,CIVENG,254G,001,3.0,3.0,OPT,N,15
103627,2026,Fall,2268,1,CIVENG,256,001,3.0,3.0,OPT,Y,24
103637,2026,Fall,2268,1,CIVENG,262,001,3.0,3.0,OPT,N,37
103654,2026,Fall,2268,1,CIVENG,268A,001,3.0,3.0,OPT,Y,21
103658,2026,Fall,2268,1,CIVENG,268E,001,3.0,3.0,OPT,N,28
103661,2026,Fall,2268,1,CIVENG,268H,001,3.0,3.0,OPT,N,17
103665,2026,Fall,2268,1,CIVENG,270,001,3.0,3.0,OPT,Y,26
103673,2026,Fall,2268,1,CIVENG,275,001,3.0,3.0,OPT,Y,22
164852,2026,Fall,2268,1,CIVENG,278,001,3.0,3.0,OPT,N,44
103678,2026,Fall,2268,1,CIVENG,281,001,3.0,3.0,OPT,Y,27
168553,2026,Fall,2268,1,CIVENG,282,001,3.0,3.0,OPT,N,1
103697,2026,Fall,2268,1,CIVENG,290I,001,3.0,3.0,OPT,N,37
162758,2026,Fall,2268,1,CIVENG,291D,001,3.0,3.0,OPT,N,30
164791,2026,Fall,2268,1,CIVENG,292B,101,3.0,3.0,OPT,N,16
168545,2026,Fall,2268,1,CIVENG,293A,001,3.0,3.0,OPT,Y,0
103719,2026,Fall,2268,1,CIVENG,297,001,1.0,12.0,SUS,N,2
103719,2026,Fall,2268,1,CIVENG,297,002,1.0,12.0,SUS,N,1
103720,2026,Fall,2268,1,CIVENG,298,001,1.0,6.0,SUS,N,8
103720,2026,Fall,2268,1,CIVENG,298,002,1.0,6.0,SUS,N,8
103720,2026,Fall,2268,1,CIVENG,298,003,1.0,6.0,SUS,N,0
103720,2026,Fall,2268,1,CIVENG,298,004,1.0,6.0,SUS,N,7
103720,2026,Fall,2268,1,CIVENG,298,005,1.0,1.0,SUS,N,1
103720,2026,Fall,2268,1,CIVENG,298,006,1.0,6.0,SUS,N,2
103721,2026,Fall,2268,1,CIVENG,299,001,1.0,12.0,SUS,N,2
103721,2026,Fall,2268,1,CIVENG,299,002,1.0,12.0,SUS,N,2
103721,2026,Fall,2268,1,CIVENG,299,003,1.0,12.0,SUS,N,1
103721,2026,Fall,2268,1,CIVENG,299,004,1.0,12.0,SUS,N,3
103721,2026,Fall,2268,1,CIVENG,299,005,1.0,12.0,SUS,N,1
103721,2026,Fall,2268,1,CIVENG,299,007,1.0,12.0,SUS,N,1
103721,2026,Fall,2268,1,CIVENG,299,008,1.0,12.0,SUS,N,1
103721,2026,Fall,2268,1,CIVENG,299,009,1.0,12.0,SUS,N,2
103721,2026,Fall,2268,1,CIVENG,299,010,1.0,12.0,SUS,N,1
103721,2026,Fall,2268,1,CIVENG,299,011,1.0,12.0,SUS,N,0
103721,2026,Fall,2268,1,CIVENG,299,012,1.0,12.0,SUS,N,0
103721,2026,Fall,2268,1,CIVENG,299,013,1.0,12.0,SUS,N,0
103721,2026,Fall,2268,1,CIVENG,299,014,1.0,12.0,SUS,N,0
103721,2026,Fall,2268,1,CIVENG,299,015,1.0,12.0,SUS,N,0
103721,2026,Fall,2268,1,CIVENG,299,021,1.0,12.0,SUS,N,0
103721,2026,Fall,2268,1,CIVENG,299,022,1.0,12.0,SUS,N,0
103721,2026,Fall,2268,1,CIVENG,299,023,1.0,12.0,SUS,N,0
103721,2026,Fall,2268,1,CIVENG,299,025,1.0,12.0,SUS,N,0
103721,2026,Fall,2268,1,CIVENG,299,027,1.0,12.0,SUS,N,0
103721,2026,Fall,2268,1,CIVENG,299,028,1.0,12.0,SUS,N,1
103721,2026,Fall,2268,1,CIVENG,299,029,1.0,12.0,SUS,N,2
103721,2026,Fall,2268,1,CIVENG,299,030,1.0,12.0,SUS,N,0
103721,2026,Fall,2268,1,CIVENG,299,031,1.0,12.0,SUS,N,0
103721,2026,Fall,2268,1,CIVENG,299,032,1.0,12.0,SUS,N,0
103721,2026,Fall,2268,1,CIVENG,299,033,1.0,12.0,SUS,N,0
103721,2026,Fall,2268,1,CIVENG,299,034,1.0,12.0,SUS,N,0
103721,2026,Fall,2268,1,CIVENG,299,035,1.0,12.0,SUS,N,0
103721,2026,Fall,2268,1,CIVENG,299,036,1.0,12.0,SUS,N,0
103721,2026,Fall,2268,1,CIVENG,299,038,1.0,12.0,SUS,N,0
103721,2026,Fall,2268,1,CIVENG,299,039,1.0,12.0,SUS,N,0
103721,2026,Fall,2268,1,CIVENG,299,040,1.0,12.0,SUS,N,0
103721,2026,Fall,2268,1,CIVENG,299,041,1.0,12.0,SUS,N,0
103721,2026,Fall,2268,1,CIVENG,299,042,1.0,12.0,SUS,N,0
103721,2026,Fall,2268,1,CIVENG,299,043,1.0,12.0,SUS,N,4
103721,2026,Fall,2268,1,CIVENG,299,044,1.0,12.0,SUS,N,0
103721,2026,Fall,2268,1,CIVENG,299,045,1.0,12.0,SUS,N,0
103721,2026,Fall,2268,1,CIVENG,299,047,1.0,12.0,SUS,N,0
103721,2026,Fall,2268,1,CIVENG,299,048,1.0,12.0,SUS,N,0
103721,2026,Fall,2268,1,CIVENG,299,049,1.0,12.0,SUS,N,2
103721,2026,Fall,2268,1,CIVENG,299,050,1.0,12.0,SUS,N,0
103721,2026,Fall,2268,1,CIVENG,299,051,1.0,12.0,SUS,N,0
103721,2026,Fall,2268,1,CIVENG,299,052,1.0,12.0,SUS,N,0
103721,2026,Fall,2268,1,CIVENG,299,053,1.0,12.0,SUS,N,0
103721,2026,Fall,2268,1,CIVENG,299,056,1.0,12.0,SUS,N,0
103721,2026,Fall,2268,1,CIVENG,299,057,1.0,12.0,SUS,N,0
103721,2026,Fall,2268,1,CIVENG,299,058,1.0,12.0,SUS,N,0
103721,2026,Fall,2268,1,CIVENG,299,059,1.0,12.0,SUS,N,0
103721,2026,Fall,2268,1,CIVENG,299,060,1.0,12.0,SUS,N,0
103721,2026,Fall,2268,1,CIVENG,299,061,1.0,12.0,SUS,N,0
103721,2026,Fall,2268,1,CIVENG,299,062,1.0,12.0,SUS,N,0
103721,2026,Fall,2268,1,CIVENG,299,063,1.0,12.0,SUS,N,0
103721,2026,Fall,2268,1,CIVENG,299,064,1.0,12.0,SUS,N,0
103721,2026,Fall,2268,1,CIVENG,299,065,1.0,12.0,SUS,N,0
103721,2026,Fall,2268,1,CIVENG,299,066,1.0,12.0,SUS,N,0
103721,2026,Fall,2268,1,CIVENG,299,067,1.0,12.0,SUS,N,0
103721,2026,Fall,2268,1,CIVENG,299,068,1.0,12.0,SUS,N,1
103721,2026,Fall,2268,1,CIVENG,299,069,1.0,12.0,SUS,N,0
103721,2026,Fall,2268,1,CIVENG,299,080,1.0,12.0,SUS,N,1
103721,2026,Fall,2268,1,CIVENG,299,081,1.0,12.0,SUS,N,0
103721,2026,Fall,2268,1,CIVENG,299,082,1.0,12.0,SUS,N,1
103721,2026,Fall,2268,1,CIVENG,299,083,1.0,12.0,SUS,N,0
103721,2026,Fall,2268,1,CIVENG,299,084,1.0,12.0,SUS,N,1
103721,2026,Fall,2268,1,CIVENG,299,090,1.0,12.0,SUS,N,0
103721,2026,Fall,2268,1,CIVENG,299,091,1.0,12.0,SUS,N,0
103721,2026,Fall,2268,1,CIVENG,299,092,1.0,12.0,SUS,N,0
103722,2026,Fall,2268,1,CIVENG,375,001,2.0,2.0,SUS,N,18
103724,2026,Fall,2268,1,CIVENG,60,001,3.0,3.0,OPT,Y,193
103725,2026,Fall,2268,1,CIVENG,601,001,1.0,6.0,SUS,N,3
103726,2026,Fall,2268,1,CIVENG,602,001,1.0,6.0,SUS,N,1
103727,2026,Fall,2268,1,CIVENG,70,001,3.0,3.0,OPT,Y,157
103732,2026,Fall,2268,1,CIVENG,93,001,3.0,3.0,OPT,Y,266
103734,2026,Fall,2268,1,CIVENG,99,001,1.0,4.0,PNP,N,17
103734,2026,Fall,2268,1,CIVENG,99,002,1.0,4.0,PNP,N,0
124482,2026,Fall,2268,1,CIVENG,C103N,001,4.0,4.0,OPT,A,0
160222,2026,Fall,2268,1,CIVENG,C172,001,4.0,4.0,OPT,Y,5
123645,2026,Fall,2268,1,CIVENG,C231,001,3.0,3.0,OPT,Y,20
162715,2026,Fall,2268,1,CIVENG,C263H,001,3.0,3.0,OPT,N,41
123597,2026,Fall,2268,1,CIVENG,C290U,001,3.0,3.0,OPT,Y,7
124408,2026,Fall,2268,1,CIVENG,C30,001,3.0,3.0,OPT,Y,48
124408,2026,Fall,2268,1,CIVENG,C30,002,3.0,3.0,OPT,Y,170
103794,2026,Fall,2268,1,CLASSIC,202A,001,4.0,4.0,OPT,N,7
103840,2026,Fall,2268,1,CLASSIC,230,001,2.0,4.0,OPT,N,7
103866,2026,Fall,2268,1,CLASSIC,239,001,2.0,4.0,OPT,N,15
103877,2026,Fall,2268,1,CLASSIC,270,001,2.0,4.0,OPT,N,18
103883,2026,Fall,2268,1,CLASSIC,298,001,2.0,12.0,OPT,N,0
103883,2026,Fall,2268,1,CLASSIC,298,002,2.0,12.0,OPT,N,0
103883,2026,Fall,2268,1,CLASSIC,298,003,2.0,12.0,OPT,N,0
103883,2026,Fall,2268,1,CLASSIC,298,004,2.0,12.0,OPT,N,0
103883,2026,Fall,2268,1,CLASSIC,298,005,2.0,12.0,OPT,N,1
103884,2026,Fall,2268,1,CLASSIC,299,001,1.0,4.0,OPT,N,0
103884,2026,Fall,2268,1,CLASSIC,299,002,1.0,4.0,OPT,N,0
103886,2026,Fall,2268,1,CLASSIC,302,001,3.0,6.0,SUS,N,0
103886,2026,Fall,2268,1,CLASSIC,302,002,3.0,6.0,SUS,N,0
103886,2026,Fall,2268,1,CLASSIC,302,003,3.0,6.0,SUS,N,0
103886,2026,Fall,2268,1,CLASSIC,302,004,3.0,6.0,SUS,N,0
103886,2026,Fall,2268,1,CLASSIC,302,005,3.0,6.0,SUS,N,0
103890,2026,Fall,2268,1,CLASSIC,375,001,3.0,3.0,SUS,N,4
103919,2026,Fall,2268,1,CLASSIC,602,001,1.0,12.0,SUS,N,0
103919,2026,Fall,2268,1,CLASSIC,602,002,1.0,12.0,SUS,N,0
157856,2026,Fall,2268,1,CMPBIO,156,001,4.0,4.0,OPT,Y,0
147975,2026,Fall,2268,1,CMPBIO,175,1,3.0,3.0,OPT,A,0
103940,2026,Fall,2268,1,CMPBIO,198BC,001,1.0,1.0,PNP,N,70
103940,2026,Fall,2268,1,CMPBIO,198BC,002,1.0,1.0,PNP,N,0
103941,2026,Fall,2268,1,CMPBIO,201,001,3.0,3.0,OPT,N,0
160661,2026,Fall,2268,1,CMPBIO,275,001,1.0,1.0,SUS,N,27
162176,2026,Fall,2268,1,CMPBIO,276,1,4.0,4.0,OPT,Y,0
103942,2026,Fall,2268,1,CMPBIO,290,002,3.0,3.0,OPT,N,15
147880,2026,Fall,2268,1,CMPBIO,293,001,2.0,2.0,OPT,N,13
103943,2026,Fall,2268,1,CMPBIO,294A,001,2.0,12.0,OPT,N,17
103944,2026,Fall,2268,1,CMPBIO,294B,001,2.0,12.0,OPT,N,0
103946,2026,Fall,2268,1,CMPBIO,477,001,1.5,1.5,SUS,N,0
103947,2026,Fall,2268,1,CMPBIO,98BC,001,1.0,1.0,PNP,N,83
103947,2026,Fall,2268,1,CMPBIO,98BC,002,1.0,1.0,PNP,N,0
158769,2026,Fall,2268,1,CMPBIO,C131,001,4.0,4.0,OPT,Y,80
163668,2026,Fall,2268,1,CMPBIO,C149,001,4.0,4.0,OPT,A,66
162170,2026,Fall,2268,1,CMPBIO,C176,1,4.0,4.0,OPT,Y,0
158760,2026,Fall,2268,1,CMPBIO,C231,001,4.0,4.0,OPT,Y,14
163669,2026,Fall,2268,1,CMPBIO,C249,001,4.0,4.0,OPT,N,16
156070,2026,Fall,2268,1,CMPBIO,C256,1,4.0,4.0,OPT,Y,0
156717,2026,Fall,2268,1,CMPBIO,C293,001,2.0,2.0,OPT,N,0
103954,2026,Fall,2268,1,COGSCI,1,001,4.0,4.0,OPT,Y,1758
162553,2026,Fall,2268,1,COGSCI,115,001,3.0,3.0,OPT,Y,670
103956,2026,Fall,2268,1,COGSCI,131,001,4.0,4.0,OPT,A,766
103956,2026,Fall,2268,1,COGSCI,131,002,4.0,4.0,OPT,A,333
161508,2026,Fall,2268,1,COGSCI,132,001,4.0,4.0,OPT,A,437
162516,2026,Fall,2268,1,COGSCI,146,001,3.0,3.0,OPT,A,0
166724,2026,Fall,2268,1,COGSCI,151,001,3.0,3.0,OPT,Y,0
167907,2026,Fall,2268,1,COGSCI,175,001,3.0,3.0,OPT,Y,1084
158049,2026,Fall,2268,1,COGSCI,180,001,3.0,3.0,OPT,Y,705
103957,2026,Fall,2268,1,COGSCI,190,001,3.0,3.0,OPT,N,0
103957,2026,Fall,2268,1,COGSCI,190,002,3.0,3.0,OPT,N,0
147976,2026,Fall,2268,1,COGSCI,197,001,0.5,4.0,PNP,N,0
147976,2026,Fall,2268,1,COGSCI,197,002,0.5,4.0,PNP,N,0
147976,2026,Fall,2268,1,COGSCI,197,003,0.5,4.0,PNP,N,0
147976,2026,Fall,2268,1,COGSCI,197,004,0.5,4.0,PNP,N,0
147976,2026,Fall,2268,1,COGSCI,197,005,0.5,4.0,PNP,N,0
147976,2026,Fall,2268,1,COGSCI,197,006,0.5,4.0,PNP,N,0
147976,2026,Fall,2268,1,COGSCI,197,007,0.5,4.0,PNP,N,0
147976,2026,Fall,2268,1,COGSCI,197,008,0.5,4.0,PNP,N,0
147976,2026,Fall,2268,1,COGSCI,197,009,0.5,4.0,PNP,N,0
147976,2026,Fall,2268,1,COGSCI,197,010,0.5,4.0,PNP,N,0
147976,2026,Fall,2268,1,COGSCI,197,011,0.5,4.0,PNP,N,0
103958,2026,Fall,2268,1,COGSCI,198,002,1.0,1.0,PNP,N,89
103959,2026,Fall,2268,1,COGSCI,199,001,1.0,4.0,PNP,N,0
103959,2026,Fall,2268,1,COGSCI,199,002,1.0,4.0,PNP,N,0
103959,2026,Fall,2268,1,COGSCI,199,003,1.0,4.0,PNP,N,0
103959,2026,Fall,2268,1,COGSCI,199,004,1.0,4.0,PNP,N,0
103959,2026,Fall,2268,1,COGSCI,199,005,1.0,4.0,PNP,N,0
103959,2026,Fall,2268,1,COGSCI,199,006,1.0,4.0,PNP,N,0
103959,2026,Fall,2268,1,COGSCI,199,007,1.0,4.0,PNP,N,0
103959,2026,Fall,2268,1,COGSCI,199,008,1.0,4.0,PNP,N,0
103959,2026,Fall,2268,1,COGSCI,199,009,1.0,4.0,PNP,N,0
103959,2026,Fall,2268,1,COGSCI,199,010,1.0,4.0,PNP,N,0
103959,2026,Fall,2268,1,COGSCI,199,011,1.0,4.0,PNP,N,0
103959,2026,Fall,2268,1,COGSCI,199,012,1.0,4.0,PNP,N,0
103959,2026,Fall,2268,1,COGSCI,199,013,1.0,4.0,PNP,N,0
124126,2026,Fall,2268,1,COGSCI,C100,001,3.0,3.0,OPT,Y,69
123635,2026,Fall,2268,1,COGSCI,C126,001,3.0,3.0,OPT,Y,0
123950,2026,Fall,2268,1,COGSCI,C127,001,3.0,3.0,OPT,Y,591
124257,2026,Fall,2268,1,COGSCI,C131,001,4.0,4.0,OPT,A,41
124323,2026,Fall,2268,1,COGSCI,C140,001,4.0,4.0,OPT,Y,0
124218,2026,Fall,2268,1,COGSCI,C142,001,3.0,3.0,OPT,Y,476
162512,2026,Fall,2268,1,COGSCI,H195,001,1.0,6.0,OPT,N,0
162512,2026,Fall,2268,1,COGSCI,H195,002,1.0,6.0,OPT,N,0
162512,2026,Fall,2268,1,COGSCI,H195,003,1.0,6.0,OPT,N,0
162512,2026,Fall,2268,1,COGSCI,H195,004,1.0,6.0,OPT,N,0
162512,2026,Fall,2268,1,COGSCI,H195,005,1.0,6.0,OPT,N,0
162512,2026,Fall,2268,1,COGSCI,H195,006,1.0,6.0,OPT,N,0
162512,2026,Fall,2268,1,COGSCI,H195,007,1.0,6.0,OPT,N,0
162512,2026,Fall,2268,1,COGSCI,H195,008,1.0,6.0,OPT,N,0
162512,2026,Fall,2268,1,COGSCI,H195,009,1.0,6.0,OPT,N,0
162512,2026,Fall,2268,1,COGSCI,H195,010,1.0,6.0,OPT,N,0
162512,2026,Fall,2268,1,COGSCI,H195,011,1.0,6.0,OPT,N,0
162512,2026,Fall,2268,1,COGSCI,H195,012,1.0,6.0,OPT,N,0
162512,2026,Fall,2268,1,COGSCI,H195,013,1.0,6.0,OPT,N,0
162512,2026,Fall,2268,1,COGSCI,H195,014,1.0,6.0,OPT,N,0
162512,2026,Fall,2268,1,COGSCI,H195,015,1.0,6.0,OPT,N,0
162512,2026,Fall,2268,1,COGSCI,H195,016,1.0,6.0,OPT,N,0
162512,2026,Fall,2268,1,COGSCI,H195,017,1.0,6.0,OPT,N,0
162512,2026,Fall,2268,1,COGSCI,H195,018,1.0,6.0,OPT,N,0
162512,2026,Fall,2268,1,COGSCI,H195,019,1.0,6.0,OPT,N,0
162512,2026,Fall,2268,1,COGSCI,H195,020,1.0,6.0,OPT,N,0
162512,2026,Fall,2268,1,COGSCI,H195,021,1.0,6.0,OPT,N,0
103972,2026,Fall,2268,1,COLWRIT,10A,001,3.0,3.0,OPT,A,181
161335,2026,Fall,2268,1,COLWRIT,11,001,1.0,2.0,OPT,A,198
161335,2026,Fall,2268,1,COLWRIT,11,002,1.0,2.0,OPT,A,150
103979,2026,Fall,2268,1,COLWRIT,130,001,4.0,4.0,OPT,A,89
103980,2026,Fall,2268,1,COLWRIT,131,001,3.0,3.0,OPT,A,88
125350,2026,Fall,2268,1,COLWRIT,143A,001,3.0,3.0,OPT,A,54
125350,2026,Fall,2268,1,COLWRIT,143A,002,3.0,3.0,OPT,A,28
103990,2026,Fall,2268,1,COLWRIT,161,001,3.0,3.0,OPT,N,0
158568,2026,Fall,2268,1,COLWRIT,175,001,3.0,3.0,OPT,A,0
103994,2026,Fall,2268,1,COLWRIT,199,001,1.0,4.0,PNP,N,0
103994,2026,Fall,2268,1,COLWRIT,199,002,1.0,4.0,PNP,N,0
103994,2026,Fall,2268,1,COLWRIT,199,003,1.0,4.0,PNP,N,0
103994,2026,Fall,2268,1,COLWRIT,199,004,1.0,4.0,PNP,N,0
103994,2026,Fall,2268,1,COLWRIT,199,005,1.0,4.0,PNP,N,0
103997,2026,Fall,2268,1,COLWRIT,25AC,001,3.0,3.0,OPT,N,787
104035,2026,Fall,2268,1,COLWRIT,43A,001,3.0,3.0,OPT,N,59
104035,2026,Fall,2268,1,COLWRIT,43A,002,3.0,3.0,OPT,N,41
104060,2026,Fall,2268,1,COLWRIT,99,001,1.0,4.0,PNP,N,0
104060,2026,Fall,2268,1,COLWRIT,99,002,1.0,4.0,PNP,N,0
104060,2026,Fall,2268,1,COLWRIT,99,003,1.0,4.0,PNP,N,0
104060,2026,Fall,2268,1,COLWRIT,99,004,1.0,4.0,PNP,N,0
104060,2026,Fall,2268,1,COLWRIT,99,005,1.0,4.0,PNP,N,0
104065,2026,Fall,2268,1,COLWRIT,R1A,001,6.0,6.0,GRD,N,633
104065,2026,Fall,2268,1,COLWRIT,R1A,002,6.0,6.0,GRD,N,425
104065,2026,Fall,2268,1,COLWRIT,R1A,003,6.0,6.0,GRD,N,454
104065,2026,Fall,2268,1,COLWRIT,R1A,004,6.0,6.0,GRD,N,318
104065,2026,Fall,2268,1,COLWRIT,R1A,005,6.0,6.0,GRD,N,298
104065,2026,Fall,2268,1,COLWRIT,R1A,006,6.0,6.0,GRD,N,244
104065,2026,Fall,2268,1,COLWRIT,R1A,007,6.0,6.0,GRD,N,45
104065,2026,Fall,2268,1,COLWRIT,R1A,008,6.0,6.0,GRD,N,215
104065,2026,Fall,2268,1,COLWRIT,R1A,009,6.0,6.0,GRD,N,192
104065,2026,Fall,2268,1,COLWRIT,R1A,010,6.0,6.0,GRD,N,233
104065,2026,Fall,2268,1,COLWRIT,R1A,011,6.0,6.0,GRD,N,108
104065,2026,Fall,2268,1,COLWRIT,R1A,012,6.0,6.0,GRD,N,382
104065,2026,Fall,2268,1,COLWRIT,R1A,013,6.0,6.0,GRD,N,257
104065,2026,Fall,2268,1,COLWRIT,R1A,014,6.0,6.0,GRD,N,307
104065,2026,Fall,2268,1,COLWRIT,R1A,015,6.0,6.0,GRD,N,149
104065,2026,Fall,2268,1,COLWRIT,R1A,016,6.0,6.0,GRD,N,324
104065,2026,Fall,2268,1,COLWRIT,R1A,017,6.0,6.0,GRD,N,162
104065,2026,Fall,2268,1,COLWRIT,R1A,018,6.0,6.0,GRD,N,131
104065,2026,Fall,2268,1,COLWRIT,R1A,019,6.0,6.0,GRD,N,140
104065,2026,Fall,2268,1,COLWRIT,R1A,020,6.0,6.0,GRD,N,29
104065,2026,Fall,2268,1,COLWRIT,R1A,021,6.0,6.0,GRD,N,110
104065,2026,Fall,2268,1,COLWRIT,R1A,022,6.0,6.0,GRD,N,107
104065,2026,Fall,2268,1,COLWRIT,R1A,023,6.0,6.0,GRD,N,110
104065,2026,Fall,2268,1,COLWRIT,R1A,024,6.0,6.0,GRD,N,159
104065,2026,Fall,2268,1,COLWRIT,R1A,025,6.0,6.0,GRD,N,132
104065,2026,Fall,2268,1,COLWRIT,R1A,026,6.0,6.0,GRD,N,137
104065,2026,Fall,2268,1,COLWRIT,R1A,027,6.0,6.0,GRD,N,105
104065,2026,Fall,2268,1,COLWRIT,R1A,028,6.0,6.0,GRD,N,99
104065,2026,Fall,2268,1,COLWRIT,R1A,029,6.0,6.0,GRD,N,96
104065,2026,Fall,2268,1,COLWRIT,R1A,030,6.0,6.0,GRD,N,91
104065,2026,Fall,2268,1,COLWRIT,R1A,031,6.0,6.0,GRD,N,131
104065,2026,Fall,2268,1,COLWRIT,R1A,032,6.0,6.0,GRD,N,111
104065,2026,Fall,2268,1,COLWRIT,R1A,033,6.0,6.0,GRD,N,212
104065,2026,Fall,2268,1,COLWRIT,R1A,034,6.0,6.0,GRD,N,79
104065,2026,Fall,2268,1,COLWRIT,R1A,035,6.0,6.0,GRD,N,254
104065,2026,Fall,2268,1,COLWRIT,R1A,036,6.0,6.0,GRD,N,123
104065,2026,Fall,2268,1,COLWRIT,R1A,037,6.0,6.0,GRD,N,198
104065,2026,Fall,2268,1,COLWRIT,R1A,038,6.0,6.0,GRD,N,1
104065,2026,Fall,2268,1,COLWRIT,R1A,039,6.0,6.0,GRD,N,6
104065,2026,Fall,2268,1,COLWRIT,R1A,040,6.0,6.0,GRD,N,0
104065,2026,Fall,2268,1,COLWRIT,R1A,041,6.0,6.0,GRD,N,0
104065,2026,Fall,2268,1,COLWRIT,R1A,042,6.0,6.0,GRD,N,0
104065,2026,Fall,2268,1,COLWRIT,R1A,043,6.0,6.0,GRD,N,0
104065,2026,Fall,2268,1,COLWRIT,R1A,044,6.0,6.0,GRD,N,0
104066,2026,Fall,2268,1,COLWRIT,R4A,001,4.0,4.0,GRD,A,157
104066,2026,Fall,2268,1,COLWRIT,R4A,002,4.0,4.0,GRD,A,310
104066,2026,Fall,2268,1,COLWRIT,R4A,003,4.0,4.0,GRD,A,276
104066,2026,Fall,2268,1,COLWRIT,R4A,004,4.0,4.0,GRD,A,200
104066,2026,Fall,2268,1,COLWRIT,R4A,005,4.0,4.0,GRD,A,135
104066,2026,Fall,2268,1,COLWRIT,R4A,006,4.0,4.0,GRD,A,141
104066,2026,Fall,2268,1,COLWRIT,R4A,007,4.0,4.0,GRD,A,109
104066,2026,Fall,2268,1,COLWRIT,R4A,008,4.0,4.0,GRD,A,118
104066,2026,Fall,2268,1,COLWRIT,R4A,009,4.0,4.0,GRD,A,249
104066,2026,Fall,2268,1,COLWRIT,R4A,010,4.0,4.0,GRD,A,181
104066,2026,Fall,2268,1,COLWRIT,R4A,011,4.0,4.0,GRD,A,123
104066,2026,Fall,2268,1,COLWRIT,R4A,012,4.0,4.0,GRD,A,113
104066,2026,Fall,2268,1,COLWRIT,R4A,013,4.0,4.0,GRD,A,0
104066,2026,Fall,2268,1,COLWRIT,R4A,014,4.0,4.0,GRD,A,0
104066,2026,Fall,2268,1,COLWRIT,R4A,015,4.0,4.0,GRD,A,0
104066,2026,Fall,2268,1,COLWRIT,R4A,016,4.0,4.0,GRD,A,0
104066,2026,Fall,2268,1,COLWRIT,R4A,017,4.0,4.0,GRD,A,0
104067,2026,Fall,2268,1,COLWRIT,R4B,001,4.0,4.0,GRD,Y,358
104067,2026,Fall,2268,1,COLWRIT,R4B,002,4.0,4.0,GRD,Y,388
104067,2026,Fall,2268,1,COLWRIT,R4B,003,4.0,4.0,GRD,Y,69
104067,2026,Fall,2268,1,COLWRIT,R4B,004,4.0,4.0,GRD,Y,343
104067,2026,Fall,2268,1,COLWRIT,R4B,005,4.0,4.0,GRD,Y,1
104067,2026,Fall,2268,1,COLWRIT,R4B,006,4.0,4.0,GRD,Y,225
104067,2026,Fall,2268,1,COLWRIT,R4B,007,4.0,4.0,GRD,Y,162
104067,2026,Fall,2268,1,COLWRIT,R4B,008,4.0,4.0,GRD,Y,376
104067,2026,Fall,2268,1,COLWRIT,R4B,009,4.0,4.0,GRD,Y,4
104067,2026,Fall,2268,1,COLWRIT,R4B,010,4.0,4.0,GRD,Y,1
104067,2026,Fall,2268,1,COLWRIT,R4B,011,4.0,4.0,GRD,Y,502
104067,2026,Fall,2268,1,COLWRIT,R4B,012,4.0,4.0,GRD,Y,132
104067,2026,Fall,2268,1,COLWRIT,R4B,013,4.0,4.0,GRD,Y,312
104067,2026,Fall,2268,1,COLWRIT,R4B,014,4.0,4.0,GRD,Y,313
104067,2026,Fall,2268,1,COLWRIT,R4B,015,4.0,4.0,GRD,Y,0
104067,2026,Fall,2268,1,COLWRIT,R4B,016,4.0,4.0,GRD,Y,205
104067,2026,Fall,2268,1,COLWRIT,R4B,017,4.0,4.0,GRD,Y,200
104067,2026,Fall,2268,1,COLWRIT,R4B,018,4.0,4.0,GRD,Y,97
104067,2026,Fall,2268,1,COLWRIT,R4B,019,4.0,4.0,GRD,Y,102
104067,2026,Fall,2268,1,COLWRIT,R4B,020,4.0,4.0,GRD,Y,181
104067,2026,Fall,2268,1,COLWRIT,R4B,021,4.0,4.0,GRD,Y,128
104067,2026,Fall,2268,1,COLWRIT,R4B,022,4.0,4.0,GRD,Y,91
104067,2026,Fall,2268,1,COLWRIT,R4B,023,4.0,4.0,GRD,Y,118
104067,2026,Fall,2268,1,COLWRIT,R4B,024,4.0,4.0,GRD,Y,181
104067,2026,Fall,2268,1,COLWRIT,R4B,025,4.0,4.0,GRD,Y,199
104067,2026,Fall,2268,1,COLWRIT,R4B,026,4.0,4.0,GRD,Y,174
104067,2026,Fall,2268,1,COLWRIT,R4B,027,4.0,4.0,GRD,Y,114
104067,2026,Fall,2268,1,COLWRIT,R4B,028,4.0,4.0,GRD,Y,238
104067,2026,Fall,2268,1,COLWRIT,R4B,029,4.0,4.0,GRD,Y,217
104067,2026,Fall,2268,1,COLWRIT,R4B,030,4.0,4.0,GRD,Y,173
104067,2026,Fall,2268,1,COLWRIT,R4B,031,4.0,4.0,GRD,Y,21
104067,2026,Fall,2268,1,COLWRIT,R4B,032,4.0,4.0,GRD,Y,267
104067,2026,Fall,2268,1,COLWRIT,R4B,033,4.0,4.0,GRD,Y,281
104067,2026,Fall,2268,1,COLWRIT,R4B,034,4.0,4.0,GRD,Y,172
104067,2026,Fall,2268,1,COLWRIT,R4B,035,4.0,4.0,GRD,Y,0
104067,2026,Fall,2268,1,COLWRIT,R4B,036,4.0,4.0,GRD,Y,0
104079,2026,Fall,2268,1,COMLIT,100,001,4.0,4.0,OPT,Y,109
104079,2026,Fall,2268,1,COMLIT,100,002,4.0,4.0,OPT,Y,84
104079,2026,Fall,2268,1,COMLIT,100,003,4.0,4.0,OPT,Y,61
104079,2026,Fall,2268,1,COMLIT,100,004,4.0,4.0,OPT,Y,1
154874,2026,Fall,2268,1,COMLIT,100A,001,4.0,4.0,OPT,Y,249
154858,2026,Fall,2268,1,COMLIT,100B,001,4.0,4.0,OPT,A,0
154867,2026,Fall,2268,1,COMLIT,100C,001,4.0,4.0,OPT,A,0
154862,2026,Fall,2268,1,COMLIT,100D,001,4.0,4.0,OPT,Y,0
104089,2026,Fall,2268,1,COMLIT,151,001,4.0,4.0,OPT,Y,0
104091,2026,Fall,2268,1,COMLIT,153,001,4.0,4.0,OPT,Y,0
104091,2026,Fall,2268,1,COMLIT,153,002,4.0,4.0,OPT,Y,0
104092,2026,Fall,2268,1,COMLIT,154,001,4.0,4.0,OPT,Y,99
104093,2026,Fall,2268,1,COMLIT,155,001,4.0,4.0,OPT,Y,0
104093,2026,Fall,2268,1,COMLIT,155,002,4.0,4.0,OPT,Y,48
104101,2026,Fall,2268,1,COMLIT,170,001,4.0,4.0,OPT,N,108
104102,2026,Fall,2268,1,COMLIT,171,001,4.0,4.0,OPT,Y,481
104105,2026,Fall,2268,1,COMLIT,190,001,4.0,4.0,OPT,Y,33
104105,2026,Fall,2268,1,COMLIT,190,003,4.0,4.0,OPT,Y,32
158801,2026,Fall,2268,1,COMLIT,198BC,001,1.0,1.0,PNP,N,32
104107,2026,Fall,2268,1,COMLIT,199,001,1.0,4.0,PNP,N,0
104107,2026,Fall,2268,1,COMLIT,199,002,1.0,4.0,PNP,N,0
104107,2026,Fall,2268,1,COMLIT,199,003,1.0,4.0,PNP,N,0
104107,2026,Fall,2268,1,COMLIT,199,004,1.0,4.0,PNP,N,0
104107,2026,Fall,2268,1,COMLIT,199,005,1.0,4.0,PNP,N,0
104107,2026,Fall,2268,1,COMLIT,199,006,1.0,4.0,PNP,N,0
104107,2026,Fall,2268,1,COMLIT,199,007,1.0,4.0,PNP,N,0
104110,2026,Fall,2268,1,COMLIT,20,001,4.0,4.0,OPT,Y,8
104110,2026,Fall,2268,1,COMLIT,20,002,4.0,4.0,OPT,Y,308
104111,2026,Fall,2268,1,COMLIT,200,001,4.0,4.0,OPT,N,35
104112,2026,Fall,2268,1,COMLIT,201,001,1.0,1.0,SUS,N,3
104115,2026,Fall,2268,1,COMLIT,202B,001,4.0,4.0,OPT,N,0
104116,2026,Fall,2268,1,COMLIT,202C,001,4.0,4.0,OPT,N,11
154872,2026,Fall,2268,1,COMLIT,20A,001,4.0,4.0,OPT,A,0
154864,2026,Fall,2268,1,COMLIT,20B,001,4.0,4.0,OPT,Y,0
104123,2026,Fall,2268,1,COMLIT,223,001,4.0,4.0,OPT,N,7
104125,2026,Fall,2268,1,COMLIT,225,001,4.0,4.0,OPT,N,0
104130,2026,Fall,2268,1,COMLIT,24,001,1.0,1.0,OPT,Y,0
104131,2026,Fall,2268,1,COMLIT,240,001,4.0,4.0,OPT,N,0
104131,2026,Fall,2268,1,COMLIT,240,002,4.0,4.0,OPT,N,0
104134,2026,Fall,2268,1,COMLIT,250,001,4.0,4.0,OPT,N,0
104134,2026,Fall,2268,1,COMLIT,250,002,4.0,4.0,OPT,N,209
104140,2026,Fall,2268,1,COMLIT,258,001,4.0,4.0,OPT,N,0
104140,2026,Fall,2268,1,COMLIT,258,002,4.0,4.0,OPT,N,42
104141,2026,Fall,2268,1,COMLIT,260,001,4.0,4.0,OPT,N,0
104142,2026,Fall,2268,1,COMLIT,265,001,4.0,4.0,OPT,N,0
104154,2026,Fall,2268,1,COMLIT,298,001,1.0,4.0,OPT,N,0
104154,2026,Fall,2268,1,COMLIT,298,002,1.0,4.0,OPT,N,0
104154,2026,Fall,2268,1,COMLIT,298,003,1.0,4.0,OPT,N,0
104154,2026,Fall,2268,1,COMLIT,298,004,1.0,4.0,OPT,N,0
104154,2026,Fall,2268,1,COMLIT,298,005,1.0,4.0,OPT,N,0
104154,2026,Fall,2268,1,COMLIT,298,006,1.0,4.0,OPT,N,0
104154,2026,Fall,2268,1,COMLIT,298,007,1.0,4.0,OPT,N,0
104155,2026,Fall,2268,1,COMLIT,299,001,1.0,12.0,SUS,N,0
104160,2026,Fall,2268,1,COMLIT,300,001,1.0,4.0,SUS,N,0
104171,2026,Fall,2268,1,COMLIT,375,001,2.0,2.0,SUS,N,22
104214,2026,Fall,2268,1,COMLIT,601,001,1.0,8.0,SUS,N,0
104214,2026,Fall,2268,1,COMLIT,601,002,1.0,8.0,SUS,N,0
104214,2026,Fall,2268,1,COMLIT,601,003,1.0,8.0,SUS,N,0
104214,2026,Fall,2268,1,COMLIT,601,004,1.0,8.0,SUS,N,0
104214,2026,Fall,2268,1,COMLIT,601,005,1.0,8.0,SUS,N,0
104214,2026,Fall,2268,1,COMLIT,601,006,1.0,8.0,SUS,N,0
104214,2026,Fall,2268,1,COMLIT,601,007,1.0,8.0,SUS,N,0
104214,2026,Fall,2268,1,COMLIT,601,008,1.0,8.0,SUS,N,0
104214,2026,Fall,2268,1,COMLIT,601,009,1.0,8.0,SUS,N,0
104214,2026,Fall,2268,1,COMLIT,601,010,1.0,8.0,SUS,N,0
104214,2026,Fall,2268,1,COMLIT,601,011,1.0,8.0,SUS,N,0
104214,2026,Fall,2268,1,COMLIT,601,012,1.0,8.0,SUS,N,0
104215,2026,Fall,2268,1,COMLIT,602,001,1.0,8.0,SUS,N,0
104215,2026,Fall,2268,1,COMLIT,602,002,1.0,8.0,SUS,N,0
104215,2026,Fall,2268,1,COMLIT,602,003,1.0,8.0,SUS,N,0
104215,2026,Fall,2268,1,COMLIT,602,004,1.0,8.0,SUS,N,0
104215,2026,Fall,2268,1,COMLIT,602,005,1.0,8.0,SUS,N,0
104215,2026,Fall,2268,1,COMLIT,602,006,1.0,8.0,SUS,N,0
104215,2026,Fall,2268,1,COMLIT,602,007,1.0,8.0,SUS,N,0
104215,2026,Fall,2268,1,COMLIT,602,008,1.0,8.0,SUS,N,0
104215,2026,Fall,2268,1,COMLIT,602,009,1.0,8.0,SUS,N,0
104215,2026,Fall,2268,1,COMLIT,602,010,1.0,8.0,SUS,N,0
104215,2026,Fall,2268,1,COMLIT,602,011,1.0,8.0,SUS,N,0
104215,2026,Fall,2268,1,COMLIT,602,012,1.0,8.0,SUS,N,0
104215,2026,Fall,2268,1,COMLIT,602,013,1.0,8.0,SUS,N,0
104215,2026,Fall,2268,1,COMLIT,602,014,1.0,8.0,SUS,N,0
104215,2026,Fall,2268,1,COMLIT,602,015,1.0,8.0,SUS,N,0
104213,2026,Fall,2268,1,COMLIT,60AC,001,4.0,4.0,OPT,Y,2415
161456,2026,Fall,2268,1,COMLIT,80AC,001,4.0,4.0,OPT,Y,0
158520,2026,Fall,2268,1,COMLIT,98BC,101,1.0,1.0,PNP,N,60
124292,2026,Fall,2268,1,COMLIT,C221,001,4.0,4.0,OPT,N,0
104222,2026,Fall,2268,1,COMLIT,H195,001,1.0,4.0,OPT,N,0
104222,2026,Fall,2268,1,COMLIT,H195,002,1.0,4.0,OPT,N,0
104222,2026,Fall,2268,1,COMLIT,H195,003,1.0,4.0,OPT,N,0
104222,2026,Fall,2268,1,COMLIT,H195,004,1.0,4.0,OPT,N,0
104222,2026,Fall,2268,1,COMLIT,H195,005,1.0,4.0,OPT,N,0
104222,2026,Fall,2268,1,COMLIT,H195,006,1.0,4.0,OPT,N,0
104222,2026,Fall,2268,1,COMLIT,H195,007,1.0,4.0,OPT,N,0
104222,2026,Fall,2268,1,COMLIT,H195,008,1.0,4.0,OPT,N,0
104222,2026,Fall,2268,1,COMLIT,H195,009,1.0,4.0,OPT,N,0
104222,2026,Fall,2268,1,COMLIT,H195,010,1.0,4.0,OPT,N,0
104222,2026,Fall,2268,1,COMLIT,H195,011,1.0,4.0,OPT,N,0
104222,2026,Fall,2268,1,COMLIT,H195,012,1.0,4.0,OPT,N,0
104240,2026,Fall,2268,1,COMLIT,R1A,001,4.0,4.0,GRD,N,264
104240,2026,Fall,2268,1,COMLIT,R1A,002,4.0,4.0,GRD,N,363
104240,2026,Fall,2268,1,COMLIT,R1A,003,4.0,4.0,GRD,N,252
104240,2026,Fall,2268,1,COMLIT,R1A,004,4.0,4.0,GRD,N,561
104240,2026,Fall,2268,1,COMLIT,R1A,005,4.0,4.0,GRD,N,156
104241,2026,Fall,2268,1,COMLIT,R1B,001,4.0,4.0,GRD,N,15
104241,2026,Fall,2268,1,COMLIT,R1B,002,4.0,4.0,GRD,N,36
104241,2026,Fall,2268,1,COMLIT,R1B,003,4.0,4.0,GRD,N,316
104241,2026,Fall,2268,1,COMLIT,R1B,004,4.0,4.0,GRD,N,380
104241,2026,Fall,2268,1,COMLIT,R1B,005,4.0,4.0,GRD,N,13
104241,2026,Fall,2268,1,COMLIT,R1B,006,4.0,4.0,GRD,N,279
104241,2026,Fall,2268,1,COMLIT,R1B,007,4.0,4.0,GRD,N,476
104241,2026,Fall,2268,1,COMLIT,R1B,008,4.0,4.0,GRD,N,592
104241,2026,Fall,2268,1,COMLIT,R1B,009,4.0,4.0,GRD,N,424
104241,2026,Fall,2268,1,COMLIT,R1B,010,4.0,4.0,GRD,N,437
104245,2026,Fall,2268,1,COMLIT,R3B,001,4.0,4.0,GRD,A,3
104245,2026,Fall,2268,1,COMLIT,R3B,002,4.0,4.0,GRD,A,169
104266,2026,Fall,2268,1,COMPBIO,294,001,1.0,1.0,SUS,N,0
104267,2026,Fall,2268,1,COMPBIO,299,001,1.0,12.0,OPT,N,11
104268,2026,Fall,2268,1,COMPSCI,10,001,4.0,4.0,OPT,Y,875
104272,2026,Fall,2268,1,COMPSCI,152,001,4.0,4.0,OPT,N,583
104274,2026,Fall,2268,1,COMPSCI,160,001,4.0,4.0,OPT,Y,705
104275,2026,Fall,2268,1,COMPSCI,161,001,4.0,4.0,OPT,Y,895
104276,2026,Fall,2268,1,COMPSCI,162,001,4.0,4.0,OPT,Y,854
104277,2026,Fall,2268,1,COMPSCI,164,001,4.0,4.0,OPT,Y,459
104279,2026,Fall,2268,1,COMPSCI,168,001,4.0,4.0,OPT,Y,1127
159628,2026,Fall,2268,1,COMPSCI,169A,001,4.0,4.0,OPT,Y,587
104281,2026,Fall,2268,1,COMPSCI,170,001,4.0,4.0,OPT,Y,1217
158566,2026,Fall,2268,1,COMPSCI,171,001,4.0,4.0,OPT,Y,305
104282,2026,Fall,2268,1,COMPSCI,172,001,4.0,4.0,OPT,Y,11
163492,2026,Fall,2268,1,COMPSCI,180,001,4.0,4.0,OPT,Y,819
104285,2026,Fall,2268,1,COMPSCI,184,001,4.0,4.0,OPT,Y,373
104286,2026,Fall,2268,1,COMPSCI,186,001,4.0,4.0,OPT,Y,792
104287,2026,Fall,2268,1,COMPSCI,188,001,4.0,4.0,OPT,Y,2199
104288,2026,Fall,2268,1,COMPSCI,189,001,4.0,4.0,OPT,Y,3554
104291,2026,Fall,2268,1,COMPSCI,194,061A,1.0,4.0,OPT,Y,0
104291,2026,Fall,2268,1,COMPSCI,194,177,1.0,4.0,OPT,Y,0
104291,2026,Fall,2268,1,COMPSCI,194,196,1.0,4.0,OPT,Y,0
104291,2026,Fall,2268,1,COMPSCI,194,244,3.0,3.0,OPT,Y,229
104291,2026,Fall,2268,1,COMPSCI,194,245,3.0,3.0,OPT,Y,75
104291,2026,Fall,2268,1,COMPSCI,194,302,3.0,3.0,OPT,Y,174
104292,2026,Fall,2268,1,COMPSCI,195,001,1.0,1.0,PNP,N,7
104293,2026,Fall,2268,1,COMPSCI,197,001,1.0,4.0,PNP,N,0
104293,2026,Fall,2268,1,COMPSCI,197,002,1.0,4.0,PNP,N,0
104293,2026,Fall,2268,1,COMPSCI,197,070,1.0,4.0,PNP,N,0
104293,2026,Fall,2268,1,COMPSCI,197,231,1.0,4.0,PNP,N,0
104293,2026,Fall,2268,1,COMPSCI,197,233,1.0,4.0,PNP,N,0
104293,2026,Fall,2268,1,COMPSCI,197,370,1.0,4.0,PNP,N,0
104293,2026,Fall,2268,1,COMPSCI,197,555,1.0,4.0,PNP,N,0
104295,2026,Fall,2268,1,COMPSCI,199,001,1.0,4.0,PNP,N,0
104295,2026,Fall,2268,1,COMPSCI,199,002,1.0,4.0,PNP,N,0
104295,2026,Fall,2268,1,COMPSCI,199,003,1.0,4.0,PNP,N,0
104295,2026,Fall,2268,1,COMPSCI,199,004,1.0,4.0,PNP,N,0
104295,2026,Fall,2268,1,COMPSCI,199,005,1.0,4.0,PNP,N,0
104295,2026,Fall,2268,1,COMPSCI,199,006,1.0,4.0,PNP,N,0
104295,2026,Fall,2268,1,COMPSCI,199,007,1.0,4.0,PNP,N,0
104295,2026,Fall,2268,1,COMPSCI,199,008,1.0,4.0,PNP,N,0
104295,2026,Fall,2268,1,COMPSCI,199,009,1.0,4.0,PNP,N,0
104295,2026,Fall,2268,1,COMPSCI,199,010,1.0,4.0,PNP,N,0
104295,2026,Fall,2268,1,COMPSCI,199,011,1.0,4.0,PNP,N,0
104295,2026,Fall,2268,1,COMPSCI,199,012,1.0,4.0,PNP,N,0
104295,2026,Fall,2268,1,COMPSCI,199,013,1.0,4.0,PNP,N,0
104295,2026,Fall,2268,1,COMPSCI,199,014,1.0,4.0,PNP,N,0
104295,2026,Fall,2268,1,COMPSCI,199,015,1.0,4.0,PNP,N,0
104295,2026,Fall,2268,1,COMPSCI,199,016,1.0,4.0,PNP,N,0
104295,2026,Fall,2268,1,COMPSCI,199,017,1.0,4.0,PNP,N,0
104295,2026,Fall,2268,1,COMPSCI,199,018,1.0,4.0,PNP,N,0
104295,2026,Fall,2268,1,COMPSCI,199,019,1.0,4.0,PNP,N,0
104295,2026,Fall,2268,1,COMPSCI,199,020,1.0,4.0,PNP,N,0
104295,2026,Fall,2268,1,COMPSCI,199,021,1.0,4.0,PNP,N,0
104295,2026,Fall,2268,1,COMPSCI,199,022,1.0,4.0,PNP,N,0
104295,2026,Fall,2268,1,COMPSCI,199,023,1.0,4.0,PNP,N,0
104295,2026,Fall,2268,1,COMPSCI,199,024,1.0,4.0,PNP,N,0
104295,2026,Fall,2268,1,COMPSCI,199,025,1.0,4.0,PNP,N,0
104295,2026,Fall,2268,1,COMPSCI,199,026,1.0,4.0,PNP,N,0
104295,2026,Fall,2268,1,COMPSCI,199,027,1.0,4.0,PNP,N,0
104295,2026,Fall,2268,1,COMPSCI,199,028,1.0,4.0,PNP,N,0
104295,2026,Fall,2268,1,COMPSCI,199,029,1.0,4.0,PNP,N,0
104295,2026,Fall,2268,1,COMPSCI,199,030,1.0,4.0,PNP,N,0
104295,2026,Fall,2268,1,COMPSCI,199,031,1.0,4.0,PNP,N,0
104295,2026,Fall,2268,1,COMPSCI,199,032,1.0,4.0,PNP,N,0
104295,2026,Fall,2268,1,COMPSCI,199,033,1.0,4.0,PNP,N,0
104295,2026,Fall,2268,1,COMPSCI,199,034,1.0,4.0,PNP,N,0
104295,2026,Fall,2268,1,COMPSCI,199,035,1.0,4.0,PNP,N,0
104295,2026,Fall,2268,1,COMPSCI,199,036,1.0,4.0,PNP,N,0
104295,2026,Fall,2268,1,COMPSCI,199,037,1.0,4.0,PNP,N,0
104295,2026,Fall,2268,1,COMPSCI,199,038,1.0,4.0,PNP,N,0
104295,2026,Fall,2268,1,COMPSCI,199,039,1.0,4.0,PNP,N,0
104295,2026,Fall,2268,1,COMPSCI,199,040,1.0,4.0,PNP,N,0
104295,2026,Fall,2268,1,COMPSCI,199,041,1.0,4.0,PNP,N,0
104295,2026,Fall,2268,1,COMPSCI,199,042,1.0,4.0,PNP,N,0
104295,2026,Fall,2268,1,COMPSCI,199,043,1.0,4.0,PNP,N,0
104295,2026,Fall,2268,1,COMPSCI,199,044,1.0,4.0,PNP,N,0
104295,2026,Fall,2268,1,COMPSCI,199,045,1.0,4.0,PNP,N,0
104295,2026,Fall,2268,1,COMPSCI,199,047,1.0,4.0,PNP,N,0
104295,2026,Fall,2268,1,COMPSCI,199,048,1.0,4.0,PNP,N,0
104295,2026,Fall,2268,1,COMPSCI,199,049,1.0,4.0,PNP,N,0
104295,2026,Fall,2268,1,COMPSCI,199,050,1.0,4.0,PNP,N,0
104295,2026,Fall,2268,1,COMPSCI,199,051,1.0,4.0,PNP,N,0
104295,2026,Fall,2268,1,COMPSCI,199,052,1.0,4.0,PNP,N,0
104295,2026,Fall,2268,1,COMPSCI,199,053,1.0,4.0,PNP,N,0
104295,2026,Fall,2268,1,COMPSCI,199,054,1.0,4.0,PNP,N,0
104295,2026,Fall,2268,1,COMPSCI,199,055,1.0,4.0,PNP,N,0
104295,2026,Fall,2268,1,COMPSCI,199,056,1.0,4.0,PNP,N,0
104295,2026,Fall,2268,1,COMPSCI,199,057,1.0,4.0,PNP,N,0
104295,2026,Fall,2268,1,COMPSCI,199,058,1.0,4.0,PNP,N,0
104295,2026,Fall,2268,1,COMPSCI,199,059,1.0,4.0,PNP,N,0
104295,2026,Fall,2268,1,COMPSCI,199,062,1.0,4.0,PNP,N,0
104295,2026,Fall,2268,1,COMPSCI,199,063,1.0,4.0,PNP,N,0
104295,2026,Fall,2268,1,COMPSCI,199,064,1.0,4.0,PNP,N,0
104295,2026,Fall,2268,1,COMPSCI,199,065,1.0,4.0,PNP,N,0
104295,2026,Fall,2268,1,COMPSCI,199,066,1.0,4.0,PNP,N,0
104295,2026,Fall,2268,1,COMPSCI,199,067,1.0,4.0,PNP,N,0
104295,2026,Fall,2268,1,COMPSCI,199,068,1.0,4.0,PNP,N,0
104295,2026,Fall,2268,1,COMPSCI,199,070,1.0,4.0,PNP,N,0
104295,2026,Fall,2268,1,COMPSCI,199,071,1.0,4.0,PNP,N,0
104295,2026,Fall,2268,1,COMPSCI,199,072,1.0,4.0,PNP,N,0
104295,2026,Fall,2268,1,COMPSCI,199,073,1.0,4.0,PNP,N,0
104295,2026,Fall,2268,1,COMPSCI,199,074,1.0,4.0,PNP,N,0
104295,2026,Fall,2268,1,COMPSCI,199,075,1.0,4.0,PNP,N,0
104295,2026,Fall,2268,1,COMPSCI,199,077,1.0,4.0,PNP,N,0
104295,2026,Fall,2268,1,COMPSCI,199,078,1.0,4.0,PNP,N,0
104295,2026,Fall,2268,1,COMPSCI,199,079,1.0,4.0,PNP,N,0
104295,2026,Fall,2268,1,COMPSCI,199,080,1.0,4.0,PNP,N,0
104295,2026,Fall,2268,1,COMPSCI,199,081,1.0,4.0,PNP,N,0
104295,2026,Fall,2268,1,COMPSCI,199,082,1.0,4.0,PNP,N,0
104295,2026,Fall,2268,1,COMPSCI,199,083,1.0,4.0,PNP,N,0
104295,2026,Fall,2268,1,COMPSCI,199,084,1.0,4.0,PNP,N,0
104295,2026,Fall,2268,1,COMPSCI,199,085,1.0,4.0,PNP,N,0
104295,2026,Fall,2268,1,COMPSCI,199,086,1.0,4.0,PNP,N,0
104295,2026,Fall,2268,1,COMPSCI,199,087,1.0,4.0,PNP,N,0
104295,2026,Fall,2268,1,COMPSCI,199,088,1.0,4.0,PNP,N,0
104295,2026,Fall,2268,1,COMPSCI,199,089,1.0,4.0,PNP,N,0
104295,2026,Fall,2268,1,COMPSCI,199,090,1.0,4.0,PNP,N,0
104295,2026,Fall,2268,1,COMPSCI,199,091,1.0,4.0,PNP,N,0
104295,2026,Fall,2268,1,COMPSCI,199,098,1.0,4.0,PNP,N,0
104295,2026,Fall,2268,1,COMPSCI,199,100,1.0,4.0,PNP,N,0
104295,2026,Fall,2268,1,COMPSCI,199,102,1.0,4.0,PNP,N,0
104295,2026,Fall,2268,1,COMPSCI,199,104,1.0,4.0,PNP,N,0
104295,2026,Fall,2268,1,COMPSCI,199,106,1.0,4.0,PNP,N,0
104295,2026,Fall,2268,1,COMPSCI,199,108,1.0,4.0,PNP,N,0
104295,2026,Fall,2268,1,COMPSCI,199,109,1.0,4.0,PNP,N,0
104295,2026,Fall,2268,1,COMPSCI,199,110,1.0,4.0,PNP,N,0
104295,2026,Fall,2268,1,COMPSCI,199,111,1.0,4.0,PNP,N,0
104295,2026,Fall,2268,1,COMPSCI,199,112,1.0,4.0,PNP,N,0
104295,2026,Fall,2268,1,COMPSCI,199,113,1.0,4.0,PNP,N,0
104295,2026,Fall,2268,1,COMPSCI,199,114,1.0,4.0,PNP,N,0
104295,2026,Fall,2268,1,COMPSCI,199,115,1.0,4.0,PNP,N,0
104295,2026,Fall,2268,1,COMPSCI,199,116,1.0,4.0,PNP,N,0
104295,2026,Fall,2268,1,COMPSCI,199,117,1.0,4.0,PNP,N,0
104295,2026,Fall,2268,1,COMPSCI,199,118,1.0,4.0,PNP,N,0
104295,2026,Fall,2268,1,COMPSCI,199,119,1.0,4.0,PNP,N,0
104295,2026,Fall,2268,1,COMPSCI,199,120,1.0,4.0,PNP,N,0
104295,2026,Fall,2268,1,COMPSCI,199,121,1.0,4.0,PNP,N,0
104295,2026,Fall,2268,1,COMPSCI,199,122,1.0,4.0,PNP,N,0
104295,2026,Fall,2268,1,COMPSCI,199,123,1.0,4.0,PNP,N,0
104295,2026,Fall,2268,1,COMPSCI,199,124,1.0,4.0,PNP,N,0
104295,2026,Fall,2268,1,COMPSCI,199,125,1.0,4.0,PNP,N,0
104295,2026,Fall,2268,1,COMPSCI,199,126,1.0,4.0,PNP,N,0
104295,2026,Fall,2268,1,COMPSCI,199,127,1.0,4.0,PNP,N,0
104295,2026,Fall,2268,1,COMPSCI,199,128,1.0,4.0,PNP,N,0
104295,2026,Fall,2268,1,COMPSCI,199,129,1.0,4.0,PNP,N,0
104295,2026,Fall,2268,1,COMPSCI,199,130,1.0,4.0,PNP,N,0
104295,2026,Fall,2268,1,COMPSCI,199,131,1.0,4.0,PNP,N,0
104295,2026,Fall,2268,1,COMPSCI,199,132,1.0,4.0,PNP,N,0
104295,2026,Fall,2268,1,COMPSCI,199,133,1.0,4.0,PNP,N,0
104295,2026,Fall,2268,1,COMPSCI,199,134,1.0,4.0,PNP,N,0
104295,2026,Fall,2268,1,COMPSCI,199,135,1.0,4.0,PNP,N,0
104295,2026,Fall,2268,1,COMPSCI,199,136,1.0,4.0,PNP,N,0
104295,2026,Fall,2268,1,COMPSCI,199,137,1.0,4.0,PNP,N,0
104295,2026,Fall,2268,1,COMPSCI,199,138,1.0,4.0,PNP,N,0
104295,2026,Fall,2268,1,COMPSCI,199,139,1.0,4.0,PNP,N,0
104295,2026,Fall,2268,1,COMPSCI,199,140,1.0,4.0,PNP,N,0
104295,2026,Fall,2268,1,COMPSCI,199,141,1.0,4.0,PNP,N,0
104295,2026,Fall,2268,1,COMPSCI,199,142,1.0,4.0,PNP,N,0
104295,2026,Fall,2268,1,COMPSCI,199,143,1.0,4.0,PNP,N,0
104295,2026,Fall,2268,1,COMPSCI,199,144,1.0,4.0,PNP,N,0
104299,2026,Fall,2268,1,COMPSCI,252A,001,4.0,4.0,OPT,N,71
104308,2026,Fall,2268,1,COMPSCI,260A,001,4.0,4.0,OPT,N,86
104309,2026,Fall,2268,1,COMPSCI,260B,001,3.0,3.0,OPT,N,88
104314,2026,Fall,2268,1,COMPSCI,262A,001,4.0,4.0,OPT,N,114
104317,2026,Fall,2268,1,COMPSCI,264,001,4.0,4.0,OPT,N,58
104323,2026,Fall,2268,1,COMPSCI,270,001,3.0,3.0,OPT,N,95
104324,2026,Fall,2268,1,COMPSCI,271,001,3.0,3.0,OPT,N,117
164360,2026,Fall,2268,1,COMPSCI,272,001,4.0,4.0,OPT,N,1
104331,2026,Fall,2268,1,COMPSCI,278,001,3.0,3.0,OPT,N,4
163494,2026,Fall,2268,1,COMPSCI,280A,001,4.0,4.0,OPT,Y,147
157292,2026,Fall,2268,1,COMPSCI,282A,001,4.0,4.0,OPT,N,170
104339,2026,Fall,2268,1,COMPSCI,284A,001,4.0,4.0,OPT,Y,56
104349,2026,Fall,2268,1,COMPSCI,289A,001,4.0,4.0,OPT,Y,204
104373,2026,Fall,2268,1,COMPSCI,294,019,1.0,4.0,OPT,N,0
104373,2026,Fall,2268,1,COMPSCI,294,043,1.0,4.0,OPT,N,0
104373,2026,Fall,2268,1,COMPSCI,294,066,3.0,3.0,OPT,N,54
104373,2026,Fall,2268,1,COMPSCI,294,137,1.0,4.0,OPT,N,0
104373,2026,Fall,2268,1,COMPSCI,294,150,3.0,3.0,OPT,N,132
104373,2026,Fall,2268,1,COMPSCI,294,162,1.0,4.0,OPT,N,0
104373,2026,Fall,2268,1,COMPSCI,294,166,1.0,4.0,OPT,N,0
104373,2026,Fall,2268,1,COMPSCI,294,173,1.0,4.0,OPT,N,0
104373,2026,Fall,2268,1,COMPSCI,294,177,1.0,4.0,OPT,N,0
104373,2026,Fall,2268,1,COMPSCI,294,180,1.0,4.0,OPT,N,0
104373,2026,Fall,2268,1,COMPSCI,294,189,1.0,4.0,OPT,N,0
104373,2026,Fall,2268,1,COMPSCI,294,196,1.0,4.0,OPT,N,0
104373,2026,Fall,2268,1,COMPSCI,294,244,3.0,3.0,OPT,N,54
104373,2026,Fall,2268,1,COMPSCI,294,245,3.0,3.0,OPT,N,31
104373,2026,Fall,2268,1,COMPSCI,294,252,1.0,4.0,OPT,N,0
104373,2026,Fall,2268,1,COMPSCI,294,254,3.0,3.0,OPT,N,202
104373,2026,Fall,2268,1,COMPSCI,294,262,1.0,4.0,OPT,N,0
104373,2026,Fall,2268,1,COMPSCI,294,264,1.0,4.0,OPT,N,0
104373,2026,Fall,2268,1,COMPSCI,294,282,1.0,4.0,OPT,N,0
104373,2026,Fall,2268,1,COMPSCI,294,286,3.0,3.0,OPT,N,153
104373,2026,Fall,2268,1,COMPSCI,294,288,3.0,3.0,OPT,N,127
104373,2026,Fall,2268,1,COMPSCI,294,302,3.0,3.0,OPT,N,71
104373,2026,Fall,2268,1,COMPSCI,294,306,1.0,4.0,OPT,N,0
104373,2026,Fall,2268,1,COMPSCI,294,310,1.0,4.0,OPT,N,0
104373,2026,Fall,2268,1,COMPSCI,294,314,4.0,4.0,OPT,N,73
104373,2026,Fall,2268,1,COMPSCI,294,316,4.0,4.0,OPT,N,63
104373,2026,Fall,2268,1,COMPSCI,294,318,3.0,3.0,OPT,N,250
104373,2026,Fall,2268,1,COMPSCI,294,320,2.0,2.0,OPT,N,163
104374,2026,Fall,2268,1,COMPSCI,297,001,0.0,12.0,SUS,N,0
104374,2026,Fall,2268,1,COMPSCI,297,002,0.0,12.0,SUS,N,0
104374,2026,Fall,2268,1,COMPSCI,297,003,0.0,12.0,SUS,N,0
104374,2026,Fall,2268,1,COMPSCI,297,200,0.0,12.0,SUS,N,0
104374,2026,Fall,2268,1,COMPSCI,297,201,0.0,12.0,SUS,N,0
104375,2026,Fall,2268,1,COMPSCI,298,002,1.0,4.0,OPT,N,0
104375,2026,Fall,2268,1,COMPSCI,298,003,1.0,4.0,OPT,N,185
104375,2026,Fall,2268,1,COMPSCI,298,012,1.0,4.0,OPT,N,0
104376,2026,Fall,2268,1,COMPSCI,299,001,1.0,12.0,SUS,N,0
104376,2026,Fall,2268,1,COMPSCI,299,002,1.0,12.0,SUS,N,0
104376,2026,Fall,2268,1,COMPSCI,299,003,1.0,12.0,SUS,N,0
104376,2026,Fall,2268,1,COMPSCI,299,004,1.0,12.0,SUS,N,0
104376,2026,Fall,2268,1,COMPSCI,299,005,1.0,12.0,SUS,N,0
104376,2026,Fall,2268,1,COMPSCI,299,006,1.0,12.0,SUS,N,0
104376,2026,Fall,2268,1,COMPSCI,299,007,1.0,12.0,SUS,N,0
104376,2026,Fall,2268,1,COMPSCI,299,008,1.0,12.0,SUS,N,0
104376,2026,Fall,2268,1,COMPSCI,299,009,1.0,12.0,SUS,N,0
104376,2026,Fall,2268,1,COMPSCI,299,010,1.0,12.0,SUS,N,0
104376,2026,Fall,2268,1,COMPSCI,299,011,1.0,12.0,SUS,N,0
104376,2026,Fall,2268,1,COMPSCI,299,012,1.0,12.0,SUS,N,0
104376,2026,Fall,2268,1,COMPSCI,299,013,1.0,12.0,SUS,N,0
104376,2026,Fall,2268,1,COMPSCI,299,014,1.0,12.0,SUS,N,0
104376,2026,Fall,2268,1,COMPSCI,299,015,1.0,12.0,SUS,N,0
104376,2026,Fall,2268,1,COMPSCI,299,016,1.0,12.0,SUS,N,0
104376,2026,Fall,2268,1,COMPSCI,299,017,1.0,12.0,SUS,N,0
104376,2026,Fall,2268,1,COMPSCI,299,018,1.0,12.0,SUS,N,0
104376,2026,Fall,2268,1,COMPSCI,299,019,1.0,12.0,SUS,N,0
104376,2026,Fall,2268,1,COMPSCI,299,020,1.0,12.0,SUS,N,0
104376,2026,Fall,2268,1,COMPSCI,299,021,1.0,12.0,SUS,N,0
104376,2026,Fall,2268,1,COMPSCI,299,022,1.0,12.0,SUS,N,0
104376,2026,Fall,2268,1,COMPSCI,299,023,1.0,12.0,SUS,N,0
104376,2026,Fall,2268,1,COMPSCI,299,024,1.0,12.0,SUS,N,0
104376,2026,Fall,2268,1,COMPSCI,299,025,1.0,12.0,SUS,N,0
104376,2026,Fall,2268,1,COMPSCI,299,026,1.0,12.0,SUS,N,0
104376,2026,Fall,2268,1,COMPSCI,299,027,1.0,12.0,SUS,N,0
104376,2026,Fall,2268,1,COMPSCI,299,028,1.0,12.0,SUS,N,0
104376,2026,Fall,2268,1,COMPSCI,299,029,1.0,12.0,SUS,N,0
104376,2026,Fall,2268,1,COMPSCI,299,030,1.0,12.0,SUS,N,0
104376,2026,Fall,2268,1,COMPSCI,299,031,1.0,12.0,SUS,N,0
104376,2026,Fall,2268,1,COMPSCI,299,032,1.0,12.0,SUS,N,0
104376,2026,Fall,2268,1,COMPSCI,299,033,1.0,12.0,SUS,N,0
104376,2026,Fall,2268,1,COMPSCI,299,034,1.0,12.0,SUS,N,0
104376,2026,Fall,2268,1,COMPSCI,299,035,1.0,12.0,SUS,N,0
104376,2026,Fall,2268,1,COMPSCI,299,036,1.0,12.0,SUS,N,0
104376,2026,Fall,2268,1,COMPSCI,299,037,1.0,12.0,SUS,N,0
104376,2026,Fall,2268,1,COMPSCI,299,038,1.0,12.0,SUS,N,0
104376,2026,Fall,2268,1,COMPSCI,299,040,1.0,12.0,SUS,N,0
104376,2026,Fall,2268,1,COMPSCI,299,041,1.0,12.0,SUS,N,0
104376,2026,Fall,2268,1,COMPSCI,299,042,1.0,12.0,SUS,N,0
104376,2026,Fall,2268,1,COMPSCI,299,043,1.0,12.0,SUS,N,0
104376,2026,Fall,2268,1,COMPSCI,299,044,1.0,12.0,SUS,N,0
104376,2026,Fall,2268,1,COMPSCI,299,045,1.0,12.0,SUS,N,0
104376,2026,Fall,2268,1,COMPSCI,299,046,1.0,12.0,SUS,N,0
104376,2026,Fall,2268,1,COMPSCI,299,047,1.0,12.0,SUS,N,0
104376,2026,Fall,2268,1,COMPSCI,299,048,1.0,12.0,SUS,N,0
104376,2026,Fall,2268,1,COMPSCI,299,049,1.0,12.0,SUS,N,0
104376,2026,Fall,2268,1,COMPSCI,299,050,1.0,12.0,SUS,N,0
104376,2026,Fall,2268,1,COMPSCI,299,051,1.0,12.0,SUS,N,0
104376,2026,Fall,2268,1,COMPSCI,299,052,1.0,12.0,SUS,N,0
104376,2026,Fall,2268,1,COMPSCI,299,053,1.0,12.0,SUS,N,0
104376,2026,Fall,2268,1,COMPSCI,299,054,1.0,12.0,SUS,N,0
104376,2026,Fall,2268,1,COMPSCI,299,055,1.0,12.0,SUS,N,0
104376,2026,Fall,2268,1,COMPSCI,299,056,1.0,12.0,SUS,N,0
104376,2026,Fall,2268,1,COMPSCI,299,057,1.0,12.0,SUS,N,0
104376,2026,Fall,2268,1,COMPSCI,299,058,1.0,12.0,SUS,N,0
104376,2026,Fall,2268,1,COMPSCI,299,059,1.0,12.0,SUS,N,0
104376,2026,Fall,2268,1,COMPSCI,299,061,1.0,12.0,SUS,N,0
104376,2026,Fall,2268,1,COMPSCI,299,062,1.0,12.0,SUS,N,0
104376,2026,Fall,2268,1,COMPSCI,299,063,1.0,12.0,SUS,N,0
104376,2026,Fall,2268,1,COMPSCI,299,064,1.0,12.0,SUS,N,0
104376,2026,Fall,2268,1,COMPSCI,299,065,1.0,12.0,SUS,N,0
104376,2026,Fall,2268,1,COMPSCI,299,067,1.0,12.0,SUS,N,0
104376,2026,Fall,2268,1,COMPSCI,299,068,1.0,12.0,SUS,N,0
104376,2026,Fall,2268,1,COMPSCI,299,069,1.0,12.0,SUS,N,0
104376,2026,Fall,2268,1,COMPSCI,299,070,1.0,12.0,SUS,N,0
104376,2026,Fall,2268,1,COMPSCI,299,073,1.0,12.0,SUS,N,0
104376,2026,Fall,2268,1,COMPSCI,299,075,1.0,12.0,SUS,N,0
104376,2026,Fall,2268,1,COMPSCI,299,076,1.0,12.0,SUS,N,0
104376,2026,Fall,2268,1,COMPSCI,299,077,1.0,12.0,SUS,N,0
104376,2026,Fall,2268,1,COMPSCI,299,078,1.0,12.0,SUS,N,0
104376,2026,Fall,2268,1,COMPSCI,299,079,1.0,12.0,SUS,N,0
104376,2026,Fall,2268,1,COMPSCI,299,080,1.0,12.0,SUS,N,0
104376,2026,Fall,2268,1,COMPSCI,299,082,1.0,12.0,SUS,N,0
104376,2026,Fall,2268,1,COMPSCI,299,083,1.0,12.0,SUS,N,0
104376,2026,Fall,2268,1,COMPSCI,299,084,1.0,12.0,SUS,N,0
104376,2026,Fall,2268,1,COMPSCI,299,085,1.0,12.0,SUS,N,0
104376,2026,Fall,2268,1,COMPSCI,299,086,1.0,12.0,SUS,N,0
104376,2026,Fall,2268,1,COMPSCI,299,089,1.0,12.0,SUS,N,0
104376,2026,Fall,2268,1,COMPSCI,299,090,1.0,12.0,SUS,N,0
104376,2026,Fall,2268,1,COMPSCI,299,091,1.0,12.0,SUS,N,0
104376,2026,Fall,2268,1,COMPSCI,299,092,1.0,12.0,SUS,N,0
104376,2026,Fall,2268,1,COMPSCI,299,093,1.0,12.0,SUS,N,0
104376,2026,Fall,2268,1,COMPSCI,299,094,1.0,12.0,SUS,N,0
104376,2026,Fall,2268,1,COMPSCI,299,095,1.0,12.0,SUS,N,0
104376,2026,Fall,2268,1,COMPSCI,299,096,1.0,12.0,SUS,N,0
104376,2026,Fall,2268,1,COMPSCI,299,097,1.0,12.0,SUS,N,0
104376,2026,Fall,2268,1,COMPSCI,299,098,1.0,12.0,SUS,N,0
104376,2026,Fall,2268,1,COMPSCI,299,099,1.0,12.0,SUS,N,0
104376,2026,Fall,2268,1,COMPSCI,299,100,1.0,12.0,SUS,N,0
104376,2026,Fall,2268,1,COMPSCI,299,101,1.0,12.0,SUS,N,0
104376,2026,Fall,2268,1,COMPSCI,299,102,1.0,12.0,SUS,N,0
104376,2026,Fall,2268,1,COMPSCI,299,103,1.0,12.0,SUS,N,0
104376,2026,Fall,2268,1,COMPSCI,299,104,1.0,12.0,SUS,N,0
104376,2026,Fall,2268,1,COMPSCI,299,105,1.0,12.0,SUS,N,0
104376,2026,Fall,2268,1,COMPSCI,299,106,1.0,12.0,SUS,N,0
104376,2026,Fall,2268,1,COMPSCI,299,107,1.0,12.0,SUS,N,0
104376,2026,Fall,2268,1,COMPSCI,299,108,1.0,12.0,SUS,N,0
104376,2026,Fall,2268,1,COMPSCI,299,109,1.0,12.0,SUS,N,0
104376,2026,Fall,2268,1,COMPSCI,299,110,1.0,12.0,SUS,N,0
104376,2026,Fall,2268,1,COMPSCI,299,111,1.0,12.0,SUS,N,0
104376,2026,Fall,2268,1,COMPSCI,299,112,1.0,12.0,SUS,N,0
104376,2026,Fall,2268,1,COMPSCI,299,113,1.0,12.0,SUS,N,0
104376,2026,Fall,2268,1,COMPSCI,299,116,1.0,12.0,SUS,N,0
104376,2026,Fall,2268,1,COMPSCI,299,117,1.0,12.0,SUS,N,0
104376,2026,Fall,2268,1,COMPSCI,299,118,1.0,12.0,SUS,N,0
104376,2026,Fall,2268,1,COMPSCI,299,119,1.0,12.0,SUS,N,0
104376,2026,Fall,2268,1,COMPSCI,299,120,1.0,12.0,SUS,N,0
104376,2026,Fall,2268,1,COMPSCI,299,121,1.0,12.0,SUS,N,0
104376,2026,Fall,2268,1,COMPSCI,299,123,1.0,12.0,SUS,N,0
104376,2026,Fall,2268,1,COMPSCI,299,124,1.0,12.0,SUS,N,0
104376,2026,Fall,2268,1,COMPSCI,299,125,1.0,12.0,SUS,N,0
104376,2026,Fall,2268,1,COMPSCI,299,126,1.0,12.0,SUS,N,0
104376,2026,Fall,2268,1,COMPSCI,299,127,1.0,12.0,SUS,N,0
104376,2026,Fall,2268,1,COMPSCI,299,128,1.0,12.0,SUS,N,0
104376,2026,Fall,2268,1,COMPSCI,299,129,1.0,12.0,SUS,N,0
104376,2026,Fall,2268,1,COMPSCI,299,130,1.0,12.0,SUS,N,0
104376,2026,Fall,2268,1,COMPSCI,299,131,1.0,12.0,SUS,N,0
104376,2026,Fall,2268,1,COMPSCI,299,132,1.0,12.0,SUS,N,0
104376,2026,Fall,2268,1,COMPSCI,299,133,1.0,12.0,SUS,N,0
104376,2026,Fall,2268,1,COMPSCI,299,134,1.0,12.0,SUS,N,0
104376,2026,Fall,2268,1,COMPSCI,299,135,1.0,12.0,SUS,N,0
104376,2026,Fall,2268,1,COMPSCI,299,136,1.0,12.0,SUS,N,0
104376,2026,Fall,2268,1,COMPSCI,299,137,1.0,12.0,SUS,N,0
104376,2026,Fall,2268,1,COMPSCI,299,138,1.0,12.0,SUS,N,0
104376,2026,Fall,2268,1,COMPSCI,299,139,1.0,12.0,SUS,N,0
104376,2026,Fall,2268,1,COMPSCI,299,140,1.0,12.0,SUS,N,0
104376,2026,Fall,2268,1,COMPSCI,299,141,1.0,12.0,SUS,N,0
104376,2026,Fall,2268,1,COMPSCI,299,142,1.0,12.0,SUS,N,0
104376,2026,Fall,2268,1,COMPSCI,299,143,1.0,12.0,SUS,N,0
104376,2026,Fall,2268,1,COMPSCI,299,144,1.0,12.0,SUS,N,2
104376,2026,Fall,2268,1,COMPSCI,299,145,1.0,12.0,SUS,N,0
104376,2026,Fall,2268,1,COMPSCI,299,146,1.0,12.0,SUS,N,0
104376,2026,Fall,2268,1,COMPSCI,299,147,1.0,12.0,SUS,N,0
155319,2026,Fall,2268,1,COMPSCI,36,001,2.0,2.0,PNP,A,0
155319,2026,Fall,2268,1,COMPSCI,36,002,2.0,2.0,PNP,A,0
164843,2026,Fall,2268,1,COMPSCI,365,001,2.0,4.0,SUS,N,43
155320,2026,Fall,2268,1,COMPSCI,370,001,3.0,3.0,OPT,N,0
155320,2026,Fall,2268,1,COMPSCI,370,002,3.0,3.0,OPT,N,8
104384,2026,Fall,2268,1,COMPSCI,375,001,2.0,2.0,SUS,N,47
104384,2026,Fall,2268,1,COMPSCI,375,002,2.0,2.0,SUS,N,0
104385,2026,Fall,2268,1,COMPSCI,39,001,1.5,2.0,PNP,Y,0
104412,2026,Fall,2268,1,COMPSCI,399,001,1.0,2.0,SUS,N,0
104412,2026,Fall,2268,1,COMPSCI,399,002,1.0,2.0,SUS,N,0
104412,2026,Fall,2268,1,COMPSCI,399,003,1.0,2.0,SUS,N,0
104412,2026,Fall,2268,1,COMPSCI,399,004,1.0,2.0,SUS,N,0
104412,2026,Fall,2268,1,COMPSCI,399,005,1.0,2.0,SUS,N,0
104412,2026,Fall,2268,1,COMPSCI,399,006,1.0,2.0,SUS,N,0
104412,2026,Fall,2268,1,COMPSCI,399,007,1.0,2.0,SUS,N,0
104412,2026,Fall,2268,1,COMPSCI,399,008,1.0,2.0,SUS,N,0
104412,2026,Fall,2268,1,COMPSCI,399,009,1.0,2.0,SUS,N,0
104412,2026,Fall,2268,1,COMPSCI,399,010,1.0,2.0,SUS,N,0
104412,2026,Fall,2268,1,COMPSCI,399,011,1.0,2.0,SUS,N,0
104412,2026,Fall,2268,1,COMPSCI,399,012,1.0,2.0,SUS,N,0
104412,2026,Fall,2268,1,COMPSCI,399,013,1.0,2.0,SUS,N,0
104412,2026,Fall,2268,1,COMPSCI,399,014,1.0,2.0,SUS,N,0
104412,2026,Fall,2268,1,COMPSCI,399,015,1.0,2.0,SUS,N,0
104412,2026,Fall,2268,1,COMPSCI,399,016,1.0,2.0,SUS,N,0
104412,2026,Fall,2268,1,COMPSCI,399,017,1.0,2.0,SUS,N,0
104412,2026,Fall,2268,1,COMPSCI,399,018,1.0,2.0,SUS,N,0
104412,2026,Fall,2268,1,COMPSCI,399,019,1.0,2.0,SUS,N,0
104412,2026,Fall,2268,1,COMPSCI,399,020,1.0,2.0,SUS,N,0
104412,2026,Fall,2268,1,COMPSCI,399,021,1.0,2.0,SUS,N,0
104412,2026,Fall,2268,1,COMPSCI,399,022,1.0,2.0,SUS,N,0
104412,2026,Fall,2268,1,COMPSCI,399,023,1.0,2.0,SUS,N,0
104412,2026,Fall,2268,1,COMPSCI,399,024,1.0,2.0,SUS,N,0
104412,2026,Fall,2268,1,COMPSCI,399,025,1.0,2.0,SUS,N,0
104412,2026,Fall,2268,1,COMPSCI,399,026,1.0,2.0,SUS,N,0
104412,2026,Fall,2268,1,COMPSCI,399,027,1.0,2.0,SUS,N,0
104412,2026,Fall,2268,1,COMPSCI,399,028,1.0,2.0,SUS,N,0
104412,2026,Fall,2268,1,COMPSCI,399,029,1.0,2.0,SUS,N,0
104412,2026,Fall,2268,1,COMPSCI,399,030,1.0,2.0,SUS,N,0
104412,2026,Fall,2268,1,COMPSCI,399,031,1.0,2.0,SUS,N,0
104412,2026,Fall,2268,1,COMPSCI,399,032,1.0,2.0,SUS,N,0
104412,2026,Fall,2268,1,COMPSCI,399,033,1.0,2.0,SUS,N,0
104412,2026,Fall,2268,1,COMPSCI,399,034,1.0,2.0,SUS,N,0
104412,2026,Fall,2268,1,COMPSCI,399,035,1.0,2.0,SUS,N,0
104412,2026,Fall,2268,1,COMPSCI,399,036,1.0,2.0,SUS,N,0
104412,2026,Fall,2268,1,COMPSCI,399,037,1.0,2.0,SUS,N,0
104412,2026,Fall,2268,1,COMPSCI,399,038,1.0,2.0,SUS,N,0
104412,2026,Fall,2268,1,COMPSCI,399,039,1.0,2.0,SUS,N,0
104412,2026,Fall,2268,1,COMPSCI,399,040,1.0,2.0,SUS,N,0
104412,2026,Fall,2268,1,COMPSCI,399,041,1.0,2.0,SUS,N,0
104412,2026,Fall,2268,1,COMPSCI,399,042,1.0,2.0,SUS,N,0
104412,2026,Fall,2268,1,COMPSCI,399,043,1.0,2.0,SUS,N,0
104412,2026,Fall,2268,1,COMPSCI,399,044,1.0,2.0,SUS,N,0
104412,2026,Fall,2268,1,COMPSCI,399,045,1.0,2.0,SUS,N,0
104412,2026,Fall,2268,1,COMPSCI,399,046,1.0,2.0,SUS,N,0
104412,2026,Fall,2268,1,COMPSCI,399,047,1.0,2.0,SUS,N,0
104412,2026,Fall,2268,1,COMPSCI,399,048,1.0,2.0,SUS,N,0
104412,2026,Fall,2268,1,COMPSCI,399,049,1.0,2.0,SUS,N,0
104412,2026,Fall,2268,1,COMPSCI,399,050,1.0,2.0,SUS,N,0
104412,2026,Fall,2268,1,COMPSCI,399,051,1.0,2.0,SUS,N,0
104412,2026,Fall,2268,1,COMPSCI,399,052,1.0,2.0,SUS,N,0
104412,2026,Fall,2268,1,COMPSCI,399,053,1.0,2.0,SUS,N,0
104412,2026,Fall,2268,1,COMPSCI,399,054,1.0,2.0,SUS,N,0
104412,2026,Fall,2268,1,COMPSCI,399,055,1.0,2.0,SUS,N,0
104412,2026,Fall,2268,1,COMPSCI,399,056,1.0,2.0,SUS,N,0
104412,2026,Fall,2268,1,COMPSCI,399,057,1.0,2.0,SUS,N,0
104412,2026,Fall,2268,1,COMPSCI,399,058,1.0,2.0,SUS,N,0
104412,2026,Fall,2268,1,COMPSCI,399,059,1.0,2.0,SUS,N,0
104412,2026,Fall,2268,1,COMPSCI,399,060,1.0,2.0,SUS,N,0
104412,2026,Fall,2268,1,COMPSCI,399,061,1.0,2.0,SUS,N,0
104412,2026,Fall,2268,1,COMPSCI,399,062,1.0,2.0,SUS,N,0
104412,2026,Fall,2268,1,COMPSCI,399,063,1.0,2.0,SUS,N,0
104412,2026,Fall,2268,1,COMPSCI,399,064,1.0,2.0,SUS,N,0
104412,2026,Fall,2268,1,COMPSCI,399,065,1.0,2.0,SUS,N,0
104412,2026,Fall,2268,1,COMPSCI,399,066,1.0,2.0,SUS,N,0
104412,2026,Fall,2268,1,COMPSCI,399,067,1.0,2.0,SUS,N,0
104412,2026,Fall,2268,1,COMPSCI,399,068,1.0,2.0,SUS,N,0
104412,2026,Fall,2268,1,COMPSCI,399,069,1.0,2.0,SUS,N,0
104412,2026,Fall,2268,1,COMPSCI,399,070,1.0,2.0,SUS,N,0
104412,2026,Fall,2268,1,COMPSCI,399,072,1.0,2.0,SUS,N,0
104412,2026,Fall,2268,1,COMPSCI,399,073,1.0,2.0,SUS,N,0
104412,2026,Fall,2268,1,COMPSCI,399,074,1.0,2.0,SUS,N,0
104412,2026,Fall,2268,1,COMPSCI,399,075,1.0,2.0,SUS,N,0
104412,2026,Fall,2268,1,COMPSCI,399,076,1.0,2.0,SUS,N,0
104412,2026,Fall,2268,1,COMPSCI,399,077,1.0,2.0,SUS,N,0
104412,2026,Fall,2268,1,COMPSCI,399,078,1.0,2.0,SUS,N,0
104412,2026,Fall,2268,1,COMPSCI,399,079,1.0,2.0,SUS,N,0
104412,2026,Fall,2268,1,COMPSCI,399,080,1.0,2.0,SUS,N,0
104412,2026,Fall,2268,1,COMPSCI,399,081,1.0,2.0,SUS,N,0
104412,2026,Fall,2268,1,COMPSCI,399,082,1.0,2.0,SUS,N,0
104412,2026,Fall,2268,1,COMPSCI,399,399,1.0,2.0,SUS,N,0
104413,2026,Fall,2268,1,COMPSCI,47A,001,1.0,1.0,OPT,Y,327
104414,2026,Fall,2268,1,COMPSCI,47B,002,1.0,1.0,OPT,Y,302
104415,2026,Fall,2268,1,COMPSCI,47C,001,1.0,1.0,OPT,Y,104
104424,2026,Fall,2268,1,COMPSCI,61A,001,4.0,4.0,OPT,Y,5547
104426,2026,Fall,2268,1,COMPSCI,61B,001,4.0,4.0,OPT,Y,1714
104428,2026,Fall,2268,1,COMPSCI,61C,001,4.0,4.0,OPT,Y,1454
104433,2026,Fall,2268,1,COMPSCI,70,001,4.0,4.0,OPT,Y,1876
148047,2026,Fall,2268,1,COMPSCI,C100,001,4.0,4.0,OPT,Y,310
157126,2026,Fall,2268,1,COMPSCI,C182,001,4.0,4.0,OPT,A,1094
161885,2026,Fall,2268,1,COMPSCI,C187,001,4.0,4.0,OPT,Y,334
156132,2026,Fall,2268,1,COMPSCI,C200A,001,4.0,4.0,OPT,Y,55
124391,2026,Fall,2268,1,COMPSCI,C249A,001,4.0,4.0,OPT,Y,90
123684,2026,Fall,2268,1,COMPSCI,C281A,001,3.0,3.0,OPT,N,141
124567,2026,Fall,2268,1,COMPSCI,C8,001,4.0,4.0,OPT,Y,406
124567,2026,Fall,2268,1,COMPSCI,C8,002,4.0,4.0,OPT,Y,211
125364,2026,Fall,2268,1,COMPSCI,C88C,001,3.0,3.0,OPT,Y,404
104452,2026,Fall,2268,1,COMPSCI,H195,001,3.0,3.0,PNP,N,0
104454,2026,Fall,2268,1,COMPSCI,H196A,001,1.0,4.0,OPT,Y,0
104454,2026,Fall,2268,1,COMPSCI,H196A,002,1.0,4.0,OPT,Y,0
104454,2026,Fall,2268,1,COMPSCI,H196A,003,1.0,4.0,OPT,Y,0
104454,2026,Fall,2268,1,COMPSCI,H196A,004,1.0,4.0,OPT,Y,0
104454,2026,Fall,2268,1,COMPSCI,H196A,005,1.0,4.0,OPT,Y,0
104454,2026,Fall,2268,1,COMPSCI,H196A,006,1.0,4.0,OPT,Y,0
104454,2026,Fall,2268,1,COMPSCI,H196A,007,1.0,4.0,OPT,Y,0
104454,2026,Fall,2268,1,COMPSCI,H196A,008,1.0,4.0,OPT,Y,0
104454,2026,Fall,2268,1,COMPSCI,H196A,010,1.0,4.0,OPT,Y,0
104454,2026,Fall,2268,1,COMPSCI,H196A,011,1.0,4.0,OPT,Y,0
104454,2026,Fall,2268,1,COMPSCI,H196A,012,1.0,4.0,OPT,Y,0
104454,2026,Fall,2268,1,COMPSCI,H196A,013,1.0,4.0,OPT,Y,0
104454,2026,Fall,2268,1,COMPSCI,H196A,014,1.0,4.0,OPT,Y,0
104454,2026,Fall,2268,1,COMPSCI,H196A,015,1.0,4.0,OPT,Y,0
104454,2026,Fall,2268,1,COMPSCI,H196A,016,1.0,4.0,OPT,Y,0
104454,2026,Fall,2268,1,COMPSCI,H196A,017,1.0,4.0,OPT,Y,0
104454,2026,Fall,2268,1,COMPSCI,H196A,018,1.0,4.0,OPT,Y,0
104454,2026,Fall,2268,1,COMPSCI,H196A,019,1.0,4.0,OPT,Y,0
104454,2026,Fall,2268,1,COMPSCI,H196A,020,1.0,4.0,OPT,Y,0
104454,2026,Fall,2268,1,COMPSCI,H196A,023,1.0,4.0,OPT,Y,0
104454,2026,Fall,2268,1,COMPSCI,H196A,027,1.0,4.0,OPT,Y,0
104454,2026,Fall,2268,1,COMPSCI,H196A,028,1.0,4.0,OPT,Y,0
104454,2026,Fall,2268,1,COMPSCI,H196A,030,1.0,4.0,OPT,Y,0
104454,2026,Fall,2268,1,COMPSCI,H196A,21,1.0,4.0,OPT,Y,0
104454,2026,Fall,2268,1,COMPSCI,H196A,22,1.0,4.0,OPT,Y,0
104454,2026,Fall,2268,1,COMPSCI,H196A,23,1.0,4.0,OPT,Y,0
104454,2026,Fall,2268,1,COMPSCI,H196A,24,1.0,4.0,OPT,Y,0
104454,2026,Fall,2268,1,COMPSCI,H196A,25,1.0,4.0,OPT,Y,0
104454,2026,Fall,2268,1,COMPSCI,H196A,26,1.0,4.0,OPT,Y,0
104454,2026,Fall,2268,1,COMPSCI,H196A,31,1.0,4.0,OPT,Y,0
104454,2026,Fall,2268,1,COMPSCI,H196A,32,1.0,4.0,OPT,Y,0
104455,2026,Fall,2268,1,COMPSCI,H196B,001,1.0,4.0,OPT,Y,0
164842,2026,Fall,2268,1,COMPSS,211A,001,3.0,3.0,OPT,N,2
166719,2026,Fall,2268,1,COMPSS,211B,001,3.0,3.0,OPT,N,19
164834,2026,Fall,2268,1,COMPSS,212,001,3.0,3.0,OPT,N,34
164586,2026,Fall,2268,1,COMPSS,214A,001,1.5,1.5,OPT,N,15
164792,2026,Fall,2268,1,COMPSS,215,001,1.5,1.5,OPT,N,12
168798,2026,Fall,2268,1,CPH,200A,001,3.0,3.0,OPT,N,0
163302,2026,Fall,2268,1,CPH,215,001,1.0,8.0,SUS,N,4
163302,2026,Fall,2268,1,CPH,215,002,1.0,8.0,SUS,N,1
163302,2026,Fall,2268,1,CPH,215,003,1.0,8.0,SUS,N,0
163302,2026,Fall,2268,1,CPH,215,004,1.0,8.0,SUS,N,1
163302,2026,Fall,2268,1,CPH,215,005,1.0,8.0,SUS,N,0
163302,2026,Fall,2268,1,CPH,215,006,1.0,8.0,SUS,N,1
163302,2026,Fall,2268,1,CPH,215,007,1.0,8.0,SUS,N,1
162781,2026,Fall,2268,1,CPH,270,001,2.0,2.0,SUS,N,22
164358,2026,Fall,2268,1,CPH,290,1,2.0,2.0,SUS,N,0
162751,2026,Fall,2268,1,CPH,299,001,1.0,12.0,SUS,N,0
162751,2026,Fall,2268,1,CPH,299,002,1.0,12.0,SUS,N,0
162751,2026,Fall,2268,1,CPH,299,003,1.0,12.0,SUS,N,0
162751,2026,Fall,2268,1,CPH,299,004,1.0,12.0,SUS,N,0
162751,2026,Fall,2268,1,CPH,299,005,1.0,12.0,SUS,N,0
162751,2026,Fall,2268,1,CPH,299,006,1.0,12.0,SUS,N,0
162751,2026,Fall,2268,1,CPH,299,007,1.0,12.0,SUS,N,0
162751,2026,Fall,2268,1,CPH,299,008,1.0,12.0,SUS,N,0
166715,2026,Fall,2268,1,CPH,C100,001,3.0,3.0,OPT,A,92
104532,2026,Fall,2268,1,CRITTH,205,001,4.0,4.0,OPT,N,0
104533,2026,Fall,2268,1,CRITTH,240,001,4.0,4.0,OPT,N,0
104533,2026,Fall,2268,1,CRITTH,240,002,4.0,4.0,OPT,N,0
104534,2026,Fall,2268,1,CRITTH,290,001,2.0,4.0,OPT,N,14
104534,2026,Fall,2268,1,CRITTH,290,002,2.0,4.0,OPT,N,0
104534,2026,Fall,2268,1,CRITTH,290,003,2.0,4.0,OPT,N,0
104534,2026,Fall,2268,1,CRITTH,290,004,2.0,4.0,OPT,N,0
104534,2026,Fall,2268,1,CRITTH,290,005,2.0,4.0,OPT,N,0
166624,2026,Fall,2268,1,CSOL,200,001,2.0,2.0,OPT,N,15
166623,2026,Fall,2268,1,CSOL,201,001,2.0,2.0,OPT,N,13
166665,2026,Fall,2268,1,CSOL,202,001,2.0,2.0,OPT,Y,24
166729,2026,Fall,2268,1,CSOL,203,001,2.0,2.0,OPT,N,9
166726,2026,Fall,2268,1,CSOL,204,001,2.0,2.0,OPT,N,8
166619,2026,Fall,2268,1,CSOL,205,001,2.0,2.0,OPT,N,3
166716,2026,Fall,2268,1,CSOL,206,001,1.0,1.0,OPT,N,8
167455,2026,Fall,2268,1,CSOL,208,001,2.0,2.0,OPT,N,91
168501,2026,Fall,2268,1,CSOL,212,001,1.0,1.0,OPT,N,0
167876,2026,Fall,2268,1,CSOL,299,001,1.0,4.0,OPT,N,1
104537,2026,Fall,2268,1,CUNEIF,100A,001,4.0,4.0,OPT,A,19
156139,2026,Fall,2268,1,CYBER,200,001,3.0,3.0,OPT,N,15
156139,2026,Fall,2268,1,CYBER,200,002,3.0,3.0,OPT,N,5
156139,2026,Fall,2268,1,CYBER,200,003,3.0,3.0,OPT,N,0
168555,2026,Fall,2268,1,CYBER,201,001,3.0,3.0,OPT,N,0
168555,2026,Fall,2268,1,CYBER,201,002,3.0,3.0,OPT,N,0
168555,2026,Fall,2268,1,CYBER,201,003,3.0,3.0,OPT,N,0
158119,2026,Fall,2268,1,CYBER,207,001,3.0,3.0,OPT,N,59
156604,2026,Fall,2268,1,CYBER,210,001,3.0,3.0,OPT,N,13
156604,2026,Fall,2268,1,CYBER,210,002,3.0,3.0,OPT,N,1
156631,2026,Fall,2268,1,CYBER,211,001,3.0,3.0,OPT,N,4
167811,2026,Fall,2268,1,CYBER,212,001,3.0,3.0,OPT,N,3
156614,2026,Fall,2268,1,CYBER,220,001,3.0,3.0,OPT,N,4
162728,2026,Fall,2268,1,CYBER,252,001,3.0,3.0,OPT,N,2
162732,2026,Fall,2268,1,CYBER,284,001,3.0,3.0,OPT,N,9
156617,2026,Fall,2268,1,CYBER,295,001,3.0,3.0,OPT,N,6
156617,2026,Fall,2268,1,CYBER,295,002,3.0,3.0,OPT,N,0
147931,2026,Fall,2268,1,CYPLAN,101,001,4.0,4.0,OPT,Y,997
104557,2026,Fall,2268,1,CYPLAN,110,001,4.0,4.0,OPT,Y,549
104563,2026,Fall,2268,1,CYPLAN,113A,001,3.0,3.0,OPT,Y,164
104566,2026,Fall,2268,1,CYPLAN,115,001,4.0,4.0,OPT,Y,1123
104570,2026,Fall,2268,1,CYPLAN,118AC,001,4.0,4.0,OPT,Y,0
104571,2026,Fall,2268,1,CYPLAN,119,001,4.0,4.0,OPT,Y,484
164830,2026,Fall,2268,1,CYPLAN,124,001,3.0,3.0,OPT,Y,106
161877,2026,Fall,2268,1,CYPLAN,180A,001,3.0,3.0,OPT,A,99
104575,2026,Fall,2268,1,CYPLAN,180B,001,3.0,3.0,OPT,A,33
104576,2026,Fall,2268,1,CYPLAN,190,001,1.0,4.0,OPT,N,0
104576,2026,Fall,2268,1,CYPLAN,190,002,1.0,4.0,OPT,N,0
104583,2026,Fall,2268,1,CYPLAN,197,001,1.0,3.0,PNP,N,0
104583,2026,Fall,2268,1,CYPLAN,197,002,1.0,3.0,PNP,N,0
104585,2026,Fall,2268,1,CYPLAN,199,001,1.0,4.0,PNP,N,0
104585,2026,Fall,2268,1,CYPLAN,199,002,1.0,4.0,PNP,N,0
104585,2026,Fall,2268,1,CYPLAN,199,003,1.0,4.0,PNP,N,0
104585,2026,Fall,2268,1,CYPLAN,199,004,1.0,4.0,PNP,N,0
104585,2026,Fall,2268,1,CYPLAN,199,005,1.0,4.0,PNP,N,0
104585,2026,Fall,2268,1,CYPLAN,199,006,1.0,4.0,PNP,N,0
104585,2026,Fall,2268,1,CYPLAN,199,007,1.0,4.0,PNP,N,0
104585,2026,Fall,2268,1,CYPLAN,199,008,1.0,4.0,PNP,N,0
104585,2026,Fall,2268,1,CYPLAN,199,009,1.0,4.0,PNP,N,0
104585,2026,Fall,2268,1,CYPLAN,199,010,1.0,4.0,PNP,N,0
104585,2026,Fall,2268,1,CYPLAN,199,011,1.0,4.0,PNP,N,0
104585,2026,Fall,2268,1,CYPLAN,199,012,1.0,4.0,PNP,N,0
104585,2026,Fall,2268,1,CYPLAN,199,013,1.0,4.0,PNP,N,0
104585,2026,Fall,2268,1,CYPLAN,199,014,1.0,4.0,PNP,N,0
104585,2026,Fall,2268,1,CYPLAN,199,015,1.0,4.0,PNP,N,0
104585,2026,Fall,2268,1,CYPLAN,199,016,1.0,4.0,PNP,N,0
104585,2026,Fall,2268,1,CYPLAN,199,017,1.0,4.0,PNP,N,0
104585,2026,Fall,2268,1,CYPLAN,199,018,1.0,4.0,PNP,N,0
104585,2026,Fall,2268,1,CYPLAN,199,019,1.0,4.0,PNP,N,0
104585,2026,Fall,2268,1,CYPLAN,199,020,1.0,4.0,PNP,N,0
104586,2026,Fall,2268,1,CYPLAN,200,001,4.0,4.0,OPT,N,35
104588,2026,Fall,2268,1,CYPLAN,201A,001,4.0,4.0,OPT,Y,12
104595,2026,Fall,2268,1,CYPLAN,204C,001,4.0,4.0,OPT,Y,0
104599,2026,Fall,2268,1,CYPLAN,205,001,3.0,3.0,OPT,N,52
104601,2026,Fall,2268,1,CYPLAN,207,001,3.0,3.0,OPT,Y,0
104608,2026,Fall,2268,1,CYPLAN,214,001,3.0,3.0,OPT,N,0
125747,2026,Fall,2268,1,CYPLAN,216,001,3.0,3.0,OPT,N,0
104612,2026,Fall,2268,1,CYPLAN,218,001,4.0,4.0,OPT,N,12
104616,2026,Fall,2268,1,CYPLAN,220,001,3.0,3.0,OPT,N,0
104624,2026,Fall,2268,1,CYPLAN,228,101,4.0,4.0,OPT,N,0
104626,2026,Fall,2268,1,CYPLAN,230,001,3.0,3.0,OPT,N,26
104628,2026,Fall,2268,1,CYPLAN,235,001,4.0,4.0,OPT,N,0
104631,2026,Fall,2268,1,CYPLAN,24,001,1.0,1.0,IOP,Y,113
104637,2026,Fall,2268,1,CYPLAN,248,001,5.0,5.0,OPT,N,11
164829,2026,Fall,2268,1,CYPLAN,253,001,3.0,3.0,OPT,N,4
157121,2026,Fall,2268,1,CYPLAN,257,001,4.0,4.0,OPT,N,0
104667,2026,Fall,2268,1,CYPLAN,280C,001,2.0,2.0,SUS,N,4
104671,2026,Fall,2268,1,CYPLAN,284,001,3.0,3.0,OPT,N,13
104672,2026,Fall,2268,1,CYPLAN,290,00A,3.0,3.0,OPT,N,20
104672,2026,Fall,2268,1,CYPLAN,290,00B,3.0,3.0,OPT,N,11
104672,2026,Fall,2268,1,CYPLAN,290,00C,3.0,3.0,OPT,N,2
104672,2026,Fall,2268,1,CYPLAN,290,00D,1.0,4.0,OPT,N,0
104673,2026,Fall,2268,1,CYPLAN,291,001,4.0,6.0,OPT,N,0
164787,2026,Fall,2268,1,CYPLAN,293,001,2.0,2.0,SUS,N,6
104680,2026,Fall,2268,1,CYPLAN,295,001,1.0,2.0,SUS,N,0
104680,2026,Fall,2268,1,CYPLAN,295,002,1.0,2.0,SUS,N,0
104680,2026,Fall,2268,1,CYPLAN,295,003,1.0,2.0,SUS,N,0
104680,2026,Fall,2268,1,CYPLAN,295,004,1.0,2.0,SUS,N,0
104680,2026,Fall,2268,1,CYPLAN,295,005,1.0,2.0,SUS,N,0
104680,2026,Fall,2268,1,CYPLAN,295,006,1.0,2.0,SUS,N,0
104680,2026,Fall,2268,1,CYPLAN,295,007,1.0,2.0,SUS,N,0
104680,2026,Fall,2268,1,CYPLAN,295,008,1.0,2.0,SUS,N,0
104680,2026,Fall,2268,1,CYPLAN,295,009,1.0,2.0,SUS,N,0
104680,2026,Fall,2268,1,CYPLAN,295,010,1.0,2.0,SUS,N,0
104680,2026,Fall,2268,1,CYPLAN,295,011,1.0,2.0,SUS,N,0
104680,2026,Fall,2268,1,CYPLAN,295,012,1.0,2.0,SUS,N,0
104680,2026,Fall,2268,1,CYPLAN,295,013,1.0,2.0,SUS,N,0
104680,2026,Fall,2268,1,CYPLAN,295,014,1.0,2.0,SUS,N,0
104680,2026,Fall,2268,1,CYPLAN,295,015,1.0,2.0,SUS,N,0
104680,2026,Fall,2268,1,CYPLAN,295,016,1.0,2.0,SUS,N,0
104681,2026,Fall,2268,1,CYPLAN,297,001,1.0,2.0,SUS,N,0
104681,2026,Fall,2268,1,CYPLAN,297,002,1.0,2.0,SUS,N,0
104681,2026,Fall,2268,1,CYPLAN,297,003,1.0,2.0,SUS,N,0
104681,2026,Fall,2268,1,CYPLAN,297,004,1.0,2.0,SUS,N,0
104681,2026,Fall,2268,1,CYPLAN,297,005,1.0,2.0,SUS,N,0
104681,2026,Fall,2268,1,CYPLAN,297,006,1.0,2.0,SUS,N,0
104681,2026,Fall,2268,1,CYPLAN,297,007,1.0,2.0,SUS,N,0
104681,2026,Fall,2268,1,CYPLAN,297,010,1.0,2.0,SUS,N,0
104681,2026,Fall,2268,1,CYPLAN,297,012,1.0,2.0,SUS,N,0
104681,2026,Fall,2268,1,CYPLAN,297,013,1.0,2.0,SUS,N,0
104681,2026,Fall,2268,1,CYPLAN,297,014,1.0,2.0,SUS,N,0
104681,2026,Fall,2268,1,CYPLAN,297,015,1.0,2.0,SUS,N,0
104681,2026,Fall,2268,1,CYPLAN,297,016,1.0,2.0,SUS,N,0
104681,2026,Fall,2268,1,CYPLAN,297,017,1.0,2.0,SUS,N,0
104681,2026,Fall,2268,1,CYPLAN,297,018,1.0,2.0,SUS,N,0
104681,2026,Fall,2268,1,CYPLAN,297,019,1.0,2.0,SUS,N,0
104682,2026,Fall,2268,1,CYPLAN,298,001,1.0,1.0,OPT,N,0
104682,2026,Fall,2268,1,CYPLAN,298,002,1.0,3.0,OPT,N,0
104682,2026,Fall,2268,1,CYPLAN,298,003,1.0,3.0,OPT,N,0
104682,2026,Fall,2268,1,CYPLAN,298,004,1.0,3.0,OPT,N,0
104682,2026,Fall,2268,1,CYPLAN,298,005,1.0,3.0,OPT,N,0
104682,2026,Fall,2268,1,CYPLAN,298,006,1.0,3.0,OPT,N,0
104682,2026,Fall,2268,1,CYPLAN,298,007,1.0,3.0,OPT,N,0
104682,2026,Fall,2268,1,CYPLAN,298,008,1.0,3.0,OPT,N,0
104682,2026,Fall,2268,1,CYPLAN,298,009,1.0,3.0,OPT,N,0
104683,2026,Fall,2268,1,CYPLAN,299,001,1.0,12.0,OPT,N,0
104683,2026,Fall,2268,1,CYPLAN,299,002,1.0,12.0,OPT,N,0
104683,2026,Fall,2268,1,CYPLAN,299,003,1.0,12.0,OPT,N,0
104683,2026,Fall,2268,1,CYPLAN,299,004,1.0,12.0,OPT,N,0
104683,2026,Fall,2268,1,CYPLAN,299,005,1.0,12.0,OPT,N,0
104683,2026,Fall,2268,1,CYPLAN,299,006,1.0,12.0,OPT,N,0
104683,2026,Fall,2268,1,CYPLAN,299,007,1.0,12.0,OPT,N,0
104683,2026,Fall,2268,1,CYPLAN,299,008,1.0,12.0,OPT,N,0
104683,2026,Fall,2268,1,CYPLAN,299,009,1.0,12.0,OPT,N,0
104683,2026,Fall,2268,1,CYPLAN,299,010,1.0,12.0,OPT,N,0
104683,2026,Fall,2268,1,CYPLAN,299,011,1.0,12.0,OPT,N,0
104683,2026,Fall,2268,1,CYPLAN,299,012,1.0,12.0,OPT,N,0
104683,2026,Fall,2268,1,CYPLAN,299,013,1.0,12.0,OPT,N,0
104683,2026,Fall,2268,1,CYPLAN,299,014,1.0,12.0,OPT,N,0
104683,2026,Fall,2268,1,CYPLAN,299,015,1.0,12.0,OPT,N,0
104683,2026,Fall,2268,1,CYPLAN,299,016,1.0,12.0,OPT,N,0
104685,2026,Fall,2268,1,CYPLAN,375,001,1.0,2.0,SUS,N,0
163457,2026,Fall,2268,1,CYPLAN,399,001,1.0,3.0,SUS,N,0
163457,2026,Fall,2268,1,CYPLAN,399,002,1.0,3.0,SUS,N,0
163457,2026,Fall,2268,1,CYPLAN,399,003,1.0,3.0,SUS,N,0
104713,2026,Fall,2268,1,CYPLAN,602,001,1.0,8.0,SUS,N,0
104713,2026,Fall,2268,1,CYPLAN,602,002,1.0,8.0,SUS,N,0
104713,2026,Fall,2268,1,CYPLAN,602,003,1.0,8.0,SUS,N,0
104713,2026,Fall,2268,1,CYPLAN,602,004,1.0,8.0,SUS,N,0
104713,2026,Fall,2268,1,CYPLAN,602,005,1.0,8.0,SUS,N,0
104713,2026,Fall,2268,1,CYPLAN,602,006,1.0,8.0,SUS,N,0
104713,2026,Fall,2268,1,CYPLAN,602,007,1.0,8.0,SUS,N,0
104713,2026,Fall,2268,1,CYPLAN,602,008,1.0,8.0,SUS,N,0
104713,2026,Fall,2268,1,CYPLAN,602,009,1.0,8.0,SUS,N,0
104713,2026,Fall,2268,1,CYPLAN,602,010,1.0,8.0,SUS,N,0
104713,2026,Fall,2268,1,CYPLAN,602,011,1.0,8.0,SUS,N,0
104713,2026,Fall,2268,1,CYPLAN,602,012,1.0,8.0,SUS,N,0
104713,2026,Fall,2268,1,CYPLAN,602,013,1.0,8.0,SUS,N,0
104713,2026,Fall,2268,1,CYPLAN,602,014,1.0,8.0,SUS,N,0
104713,2026,Fall,2268,1,CYPLAN,602,015,1.0,8.0,SUS,N,0
104713,2026,Fall,2268,1,CYPLAN,602,016,1.0,8.0,SUS,N,0
123597,2026,Fall,2268,1,CYPLAN,C213,001,3.0,3.0,OPT,Y,24
161370,2026,Fall,2268,1,CYPLAN,C215,001,3.0,3.0,OPT,N,20
124455,2026,Fall,2268,1,CYPLAN,C240,001,3.0,3.0,OPT,Y,17
123696,2026,Fall,2268,1,CYPLAN,C241,001,4.0,4.0,OPT,N,9
124333,2026,Fall,2268,1,CYPLAN,C243,001,6.0,6.0,OPT,N,1
124481,2026,Fall,2268,1,CYPLAN,C256,001,3.0,3.0,OPT,N,65
162715,2026,Fall,2268,1,CYPLAN,C257H,001,3.0,3.0,OPT,N,12
124303,2026,Fall,2268,1,CYPLAN,C261,001,3.0,3.0,OPT,N,16
104729,2026,Fall,2268,1,DANISH,1A,001,4.0,4.0,OPT,Y,41
104729,2026,Fall,2268,1,DANISH,1A,UC01,4.0,4.0,OPT,Y,1
158608,2026,Fall,2268,1,DATA,144,001,3.0,3.0,OPT,A,1226
166752,2026,Fall,2268,1,DATA,145,001,4.0,4.0,OPT,Y,9
162178,2026,Fall,2268,1,DATA,188,001,2.0,4.0,OPT,N,0
158612,2026,Fall,2268,1,DATA,197,001,1.0,4.0,PNP,A,0
158612,2026,Fall,2268,1,DATA,197,002,1.0,4.0,PNP,A,0
158612,2026,Fall,2268,1,DATA,197,003,1.0,4.0,PNP,A,0
158613,2026,Fall,2268,1,DATA,199,001,1.0,4.0,PNP,A,0
158613,2026,Fall,2268,1,DATA,199,002,1.0,4.0,PNP,A,0
158613,2026,Fall,2268,1,DATA,199,003,1.0,4.0,PNP,A,0
158613,2026,Fall,2268,1,DATA,199,004,1.0,4.0,PNP,A,0
162654,2026,Fall,2268,1,DATA,200S,001,3.0,3.0,OPT,N,0
166638,2026,Fall,2268,1,DATA,36,001,1.0,1.0,PNP,N,0
164115,2026,Fall,2268,1,DATA,375,001,2.0,2.0,SUS,N,30
158609,2026,Fall,2268,1,DATA,88,001,2.0,4.0,OPT,A,0
158609,2026,Fall,2268,1,DATA,88,002,2.0,4.0,OPT,A,0
161103,2026,Fall,2268,1,DATA,88E,001,2.0,2.0,OPT,A,1
167816,2026,Fall,2268,1,DATA,89,001,4.0,4.0,OPT,N,818
161177,2026,Fall,2268,1,DATA,94,001,1.0,4.0,OPT,Y,0
161177,2026,Fall,2268,1,DATA,94,002,1.0,4.0,OPT,Y,0
148047,2026,Fall,2268,1,DATA,C100,001,4.0,4.0,OPT,Y,1836
161885,2026,Fall,2268,1,DATA,C101,001,4.0,4.0,OPT,Y,971
158326,2026,Fall,2268,1,DATA,C102,001,4.0,4.0,OPT,Y,686
157712,2026,Fall,2268,1,DATA,C104,001,4.0,4.0,OPT,Y,2443
122018,2026,Fall,2268,1,DATA,C131A,001,4.0,4.0,OPT,Y,218
148015,2026,Fall,2268,1,DATA,C140,001,4.0,4.0,OPT,Y,1150
166715,2026,Fall,2268,1,DATA,C146,001,3.0,3.0,OPT,A,193
157126,2026,Fall,2268,1,DATA,C182,001,4.0,4.0,OPT,A,391
156132,2026,Fall,2268,1,DATA,C200,001,4.0,4.0,OPT,Y,30
164198,2026,Fall,2268,1,DATA,C204,001,4.0,4.0,OPT,N,26
161108,2026,Fall,2268,1,DATA,C4AC,001,4.0,4.0,OPT,A,0
154859,2026,Fall,2268,1,DATA,C6,001,4.0,4.0,OPT,Y,588
124567,2026,Fall,2268,1,DATA,C8,001,4.0,4.0,OPT,Y,5106
124567,2026,Fall,2268,1,DATA,C8,002,4.0,4.0,OPT,Y,1815
125364,2026,Fall,2268,1,DATA,C88C,001,3.0,3.0,OPT,Y,1417
125364,2026,Fall,2268,1,DATA,C88C,002,3.0,3.0,OPT,Y,422
125442,2026,Fall,2268,1,DATA,C88S,001,3.0,3.0,OPT,Y,0
158610,2026,Fall,2268,1,DATA,H195A,001,2.0,2.0,OPT,A,0
154233,2026,Fall,2268,1,DATASCI,200,001,3.0,3.0,OPT,N,19
154233,2026,Fall,2268,1,DATASCI,200,002,3.0,3.0,OPT,N,15
154233,2026,Fall,2268,1,DATASCI,200,003,3.0,3.0,OPT,N,5
154233,2026,Fall,2268,1,DATASCI,200,004,3.0,3.0,OPT,N,1
154233,2026,Fall,2268,1,DATASCI,200,005,3.0,3.0,OPT,N,2
104731,2026,Fall,2268,1,DATASCI,201,001,3.0,3.0,OPT,N,10
104731,2026,Fall,2268,1,DATASCI,201,002,3.0,3.0,OPT,N,11
104731,2026,Fall,2268,1,DATASCI,201,003,3.0,3.0,OPT,N,5
104731,2026,Fall,2268,1,DATASCI,201,004,3.0,3.0,OPT,N,5
104731,2026,Fall,2268,1,DATASCI,201,005,3.0,3.0,OPT,N,6
104731,2026,Fall,2268,1,DATASCI,201,006,3.0,3.0,OPT,N,3
104731,2026,Fall,2268,1,DATASCI,201,007,3.0,3.0,OPT,N,7
104731,2026,Fall,2268,1,DATASCI,201,008,3.0,3.0,OPT,N,0
104732,2026,Fall,2268,1,DATASCI,203,001,3.0,3.0,OPT,N,21
104732,2026,Fall,2268,1,DATASCI,203,002,3.0,3.0,OPT,N,10
104732,2026,Fall,2268,1,DATASCI,203,004,3.0,3.0,OPT,N,8
104732,2026,Fall,2268,1,DATASCI,203,005,3.0,3.0,OPT,N,0
168554,2026,Fall,2268,1,DATASCI,204,001,3.0,3.0,OPT,N,1
168554,2026,Fall,2268,1,DATASCI,204,002,3.0,3.0,OPT,N,0
168554,2026,Fall,2268,1,DATASCI,204,003,3.0,3.0,OPT,N,0
168554,2026,Fall,2268,1,DATASCI,204,004,3.0,3.0,OPT,N,0
168554,2026,Fall,2268,1,DATASCI,204,005,3.0,3.0,OPT,N,0
168554,2026,Fall,2268,1,DATASCI,204,006,3.0,3.0,OPT,N,0
168554,2026,Fall,2268,1,DATASCI,204,007,3.0,3.0,OPT,N,0
168554,2026,Fall,2268,1,DATASCI,204,008,3.0,3.0,OPT,N,0
168554,2026,Fall,2268,1,DATASCI,204,009,3.0,3.0,OPT,N,0
104734,2026,Fall,2268,1,DATASCI,207,001,3.0,3.0,OPT,N,31
104734,2026,Fall,2268,1,DATASCI,207,002,3.0,3.0,OPT,N,14
104734,2026,Fall,2268,1,DATASCI,207,003,3.0,3.0,OPT,N,17
104734,2026,Fall,2268,1,DATASCI,207,004,3.0,3.0,OPT,N,14
104734,2026,Fall,2268,1,DATASCI,207,005,3.0,3.0,OPT,N,5
104734,2026,Fall,2268,1,DATASCI,207,006,3.0,3.0,OPT,N,11
104734,2026,Fall,2268,1,DATASCI,207,008,3.0,3.0,OPT,N,0
104735,2026,Fall,2268,1,DATASCI,209,001,3.0,3.0,OPT,N,12
104735,2026,Fall,2268,1,DATASCI,209,002,3.0,3.0,OPT,N,5
104736,2026,Fall,2268,1,DATASCI,210,001,3.0,3.0,OPT,N,2
104736,2026,Fall,2268,1,DATASCI,210,002,3.0,3.0,OPT,N,0
104736,2026,Fall,2268,1,DATASCI,210,003,3.0,3.0,OPT,N,0
104736,2026,Fall,2268,1,DATASCI,210,004,3.0,3.0,OPT,N,1
104736,2026,Fall,2268,1,DATASCI,210,005,3.0,3.0,OPT,N,2
104736,2026,Fall,2268,1,DATASCI,210,099,3.0,3.0,OPT,N,0
164117,2026,Fall,2268,1,DATASCI,221,001,3.0,3.0,OPT,N,47
104737,2026,Fall,2268,1,DATASCI,231,001,3.0,3.0,OPT,N,4
104738,2026,Fall,2268,1,DATASCI,241,001,3.0,3.0,OPT,N,8
104738,2026,Fall,2268,1,DATASCI,241,002,3.0,3.0,OPT,N,6
104738,2026,Fall,2268,1,DATASCI,241,003,3.0,3.0,OPT,N,3
161565,2026,Fall,2268,1,DATASCI,255,001,3.0,3.0,OPT,N,19
161565,2026,Fall,2268,1,DATASCI,255,002,3.0,3.0,OPT,N,1
161565,2026,Fall,2268,1,DATASCI,255,003,3.0,3.0,OPT,N,4
161565,2026,Fall,2268,1,DATASCI,255,004,3.0,3.0,OPT,N,5
104740,2026,Fall,2268,1,DATASCI,261,001,3.0,3.0,OPT,N,1
104740,2026,Fall,2268,1,DATASCI,261,002,3.0,3.0,OPT,N,3
104740,2026,Fall,2268,1,DATASCI,261,003,3.0,3.0,OPT,N,9
125768,2026,Fall,2268,1,DATASCI,266,001,3.0,3.0,OPT,N,26
125768,2026,Fall,2268,1,DATASCI,266,002,3.0,3.0,OPT,N,16
125768,2026,Fall,2268,1,DATASCI,266,003,3.0,3.0,OPT,N,13
164789,2026,Fall,2268,1,DATASCI,267,001,3.0,3.0,OPT,N,31
164789,2026,Fall,2268,1,DATASCI,267,002,3.0,3.0,OPT,N,14
164789,2026,Fall,2268,1,DATASCI,267,003,3.0,3.0,OPT,N,8
164789,2026,Fall,2268,1,DATASCI,267,004,3.0,3.0,OPT,N,9
164789,2026,Fall,2268,1,DATASCI,267,005,3.0,3.0,OPT,N,12
104741,2026,Fall,2268,1,DATASCI,271,001,3.0,3.0,OPT,N,13
161586,2026,Fall,2268,1,DATASCI,281,001,3.0,3.0,OPT,N,26
161586,2026,Fall,2268,1,DATASCI,281,002,3.0,3.0,OPT,N,15
104743,2026,Fall,2268,1,DEMOG,110,001,3.0,3.0,OPT,Y,226
160844,2026,Fall,2268,1,DEMOG,130,001,4.0,4.0,OPT,A,215
104755,2026,Fall,2268,1,DEMOG,198,001,1.0,4.0,PNP,N,16
104755,2026,Fall,2268,1,DEMOG,198,002,1.0,4.0,PNP,N,30
104756,2026,Fall,2268,1,DEMOG,199,001,1.0,4.0,PNP,N,0
104760,2026,Fall,2268,1,DEMOG,210,001,4.0,4.0,OPT,N,19
104766,2026,Fall,2268,1,DEMOG,220,001,4.0,4.0,OPT,N,16
104785,2026,Fall,2268,1,DEMOG,298,001,1.0,1.0,OPT,N,0
104785,2026,Fall,2268,1,DEMOG,298,002,1.0,12.0,OPT,N,0
104785,2026,Fall,2268,1,DEMOG,298,003,1.0,12.0,OPT,N,0
104785,2026,Fall,2268,1,DEMOG,298,004,1.0,12.0,OPT,N,0
104785,2026,Fall,2268,1,DEMOG,298,005,1.0,12.0,OPT,N,0
104785,2026,Fall,2268,1,DEMOG,298,006,1.0,12.0,OPT,N,0
104785,2026,Fall,2268,1,DEMOG,298,007,1.0,1.0,OPT,N,4
104786,2026,Fall,2268,1,DEMOG,299,001,1.0,12.0,OPT,N,1
104786,2026,Fall,2268,1,DEMOG,299,002,1.0,12.0,OPT,N,1
104786,2026,Fall,2268,1,DEMOG,299,003,1.0,12.0,OPT,N,1
104786,2026,Fall,2268,1,DEMOG,299,005,1.0,12.0,OPT,N,0
104787,2026,Fall,2268,1,DEMOG,301,002,1.0,6.0,SUS,N,1
104787,2026,Fall,2268,1,DEMOG,301,003,1.0,6.0,SUS,N,1
104789,2026,Fall,2268,1,DEMOG,601,001,1.0,8.0,SUS,N,0
104789,2026,Fall,2268,1,DEMOG,601,002,1.0,8.0,SUS,N,2
104789,2026,Fall,2268,1,DEMOG,601,003,1.0,8.0,SUS,N,0
104789,2026,Fall,2268,1,DEMOG,601,004,1.0,8.0,SUS,N,0
104790,2026,Fall,2268,1,DEMOG,602,001,1.0,8.0,SUS,N,0
104790,2026,Fall,2268,1,DEMOG,602,002,1.0,8.0,SUS,N,0
104790,2026,Fall,2268,1,DEMOG,602,003,1.0,8.0,SUS,N,0
104790,2026,Fall,2268,1,DEMOG,602,004,1.0,8.0,SUS,N,0
123910,2026,Fall,2268,1,DEMOG,C126,001,4.0,4.0,OPT,Y,324
125732,2026,Fall,2268,1,DESINV,15,001,3.0,3.0,OPT,N,567
104795,2026,Fall,2268,1,DESINV,190,1,1.0,4.0,OPT,N,0
104795,2026,Fall,2268,1,DESINV,190,11,1.0,4.0,OPT,N,0
104795,2026,Fall,2268,1,DESINV,190,15,1.0,4.0,OPT,N,0
104795,2026,Fall,2268,1,DESINV,190,16,1.0,4.0,OPT,N,0
155196,2026,Fall,2268,1,DESINV,195,001,1.0,1.0,PNP,N,72
125769,2026,Fall,2268,1,DESINV,198,001,3.0,3.0,PNP,N,8
125769,2026,Fall,2268,1,DESINV,198,002,2.0,2.0,PNP,N,14
125769,2026,Fall,2268,1,DESINV,198,003,2.0,2.0,PNP,N,10
125769,2026,Fall,2268,1,DESINV,198,004,2.0,2.0,PNP,N,12
155207,2026,Fall,2268,1,DESINV,199,1,2.0,2.0,PNP,N,0
155207,2026,Fall,2268,1,DESINV,199,2,2.0,2.0,PNP,N,0
155207,2026,Fall,2268,1,DESINV,199,3,2.0,2.0,PNP,N,0
155207,2026,Fall,2268,1,DESINV,199,4,2.0,2.0,PNP,N,0
155207,2026,Fall,2268,1,DESINV,199,5,2.0,2.0,PNP,N,0
161500,2026,Fall,2268,1,DESINV,200,001,3.0,3.0,OPT,Y,28
160645,2026,Fall,2268,1,DESINV,202,001,4.0,4.0,OPT,N,47
160645,2026,Fall,2268,1,DESINV,202,002,4.0,4.0,OPT,N,17
160645,2026,Fall,2268,1,DESINV,202,003,4.0,4.0,OPT,N,0
160645,2026,Fall,2268,1,DESINV,202,004,4.0,4.0,OPT,N,0
125733,2026,Fall,2268,1,DESINV,21,001,3.0,3.0,OPT,N,304
163288,2026,Fall,2268,1,DESINV,210,001,3.0,3.0,OPT,N,6
163288,2026,Fall,2268,1,DESINV,210,002,3.0,3.0,OPT,N,1
163288,2026,Fall,2268,1,DESINV,210,003,3.0,3.0,OPT,N,2
163288,2026,Fall,2268,1,DESINV,210,004,3.0,3.0,OPT,N,1
161471,2026,Fall,2268,1,DESINV,213,001,6.0,6.0,OPT,N,12
161471,2026,Fall,2268,1,DESINV,213,002,6.0,6.0,OPT,N,3
161471,2026,Fall,2268,1,DESINV,213,003,6.0,6.0,OPT,N,0
161471,2026,Fall,2268,1,DESINV,213,004,6.0,6.0,OPT,N,0
155215,2026,Fall,2268,1,DESINV,95,001,1.0,1.0,PNP,N,117
125808,2026,Fall,2268,1,DESINV,98,001,2.0,2.0,PNP,N,30
125808,2026,Fall,2268,1,DESINV,98,002,2.0,2.0,PNP,N,27
125808,2026,Fall,2268,1,DESINV,98,003,2.0,2.0,PNP,N,24
125808,2026,Fall,2268,1,DESINV,98,004,1.0,1.0,PNP,N,13
159420,2026,Fall,2268,1,DEVENG,203,001,3.0,3.0,OPT,N,30
167966,2026,Fall,2268,1,DEVENG,220,001,6.0,6.0,OPT,N,18
125366,2026,Fall,2268,1,DEVENG,290,001,1.0,2.0,OPT,N,19
164359,2026,Fall,2268,1,DEVENG,298,001,1.0,1.0,SUS,N,1
164359,2026,Fall,2268,1,DEVENG,298,002,1.0,12.0,SUS,N,0
162777,2026,Fall,2268,1,DEVENG,299,001,1.0,4.0,SUS,N,0
162777,2026,Fall,2268,1,DEVENG,299,002,1.0,4.0,SUS,N,0
162777,2026,Fall,2268,1,DEVENG,299,003,1.0,4.0,SUS,N,0
162777,2026,Fall,2268,1,DEVENG,299,004,1.0,4.0,SUS,N,0
162777,2026,Fall,2268,1,DEVENG,299,005,1.0,4.0,SUS,N,0
166032,2026,Fall,2268,1,DEVENG,601,001,1.0,12.0,SUS,N,0
124454,2026,Fall,2268,1,DEVENG,C200,001,3.0,3.0,OPT,Y,25
163486,2026,Fall,2268,1,DEVP,209,001,4.0,4.0,OPT,N,58
163486,2026,Fall,2268,1,DEVP,209,002,4.0,4.0,OPT,N,18
159204,2026,Fall,2268,1,DEVP,221,001,3.0,3.0,OPT,Y,55
104800,2026,Fall,2268,1,DEVP,222,001,4.0,4.0,OPT,Y,30
104800,2026,Fall,2268,1,DEVP,222,002,4.0,4.0,OPT,Y,18
104803,2026,Fall,2268,1,DEVP,228,001,3.0,3.0,OPT,Y,0
164000,2026,Fall,2268,1,DEVP,228A,001,1.0,1.0,OPT,N,30
104804,2026,Fall,2268,1,DEVP,229,001,3.0,3.0,OPT,Y,3
163999,2026,Fall,2268,1,DEVP,230,001,4.0,4.0,OPT,N,36
163303,2026,Fall,2268,1,DEVP,240,001,4.0,4.0,OPT,N,13
160406,2026,Fall,2268,1,DEVP,290,001,1.0,1.0,OPT,N,0
160406,2026,Fall,2268,1,DEVP,290,002,1.0,1.0,OPT,N,12
160406,2026,Fall,2268,1,DEVP,290,003,1.0,1.0,OPT,N,8
148022,2026,Fall,2268,1,DEVP,296,001,3.0,3.0,OPT,N,38
104811,2026,Fall,2268,1,DEVP,299,001,1.0,4.0,OPT,N,0
104811,2026,Fall,2268,1,DEVP,299,002,1.0,4.0,OPT,N,0
104811,2026,Fall,2268,1,DEVP,299,003,1.0,4.0,OPT,N,0
104811,2026,Fall,2268,1,DEVP,299,004,1.0,4.0,OPT,N,0
104811,2026,Fall,2268,1,DEVP,299,005,1.0,4.0,OPT,N,0
104811,2026,Fall,2268,1,DEVP,299,006,1.0,4.0,OPT,N,0
104820,2026,Fall,2268,1,DEVSTD,197,001,1.0,4.0,PNP,N,0
122604,2026,Fall,2268,1,DISSTD,110,001,3.0,3.0,OPT,Y,173
122605,2026,Fall,2268,1,DISSTD,112,001,3.0,3.0,OPT,Y,0
105042,2026,Fall,2268,1,DUTCH,1,001,5.0,5.0,OPT,Y,69
105042,2026,Fall,2268,1,DUTCH,1,UC01,5.0,5.0,OPT,Y,0
105044,2026,Fall,2268,1,DUTCH,100,001,3.0,3.0,OPT,A,19
105044,2026,Fall,2268,1,DUTCH,100,UC01,3.0,3.0,OPT,A,0
105046,2026,Fall,2268,1,DUTCH,110,001,4.0,4.0,OPT,A,417
105046,2026,Fall,2268,1,DUTCH,110,UC01,4.0,4.0,OPT,A,0
105064,2026,Fall,2268,1,DUTCH,171AC,001,4.0,4.0,OPT,Y,693
105073,2026,Fall,2268,1,DUTCH,198,001,1.0,4.0,PNP,N,0
105074,2026,Fall,2268,1,DUTCH,199,001,1.0,4.0,PNP,N,5
161160,2026,Fall,2268,1,DUTCH,24,001,1.0,1.0,OPT,Y,222
105081,2026,Fall,2268,1,DUTCH,299,001,1.0,8.0,OPT,N,0
105081,2026,Fall,2268,1,DUTCH,299,002,1.0,8.0,OPT,N,2
105086,2026,Fall,2268,1,DUTCH,H196,001,1.0,4.0,OPT,N,2
125735,2026,Fall,2268,1,EALANG,114,001,4.0,4.0,OPT,A,239
155868,2026,Fall,2268,1,EALANG,119,001,4.0,4.0,OPT,Y,231
168502,2026,Fall,2268,1,EALANG,121,001,4.0,4.0,OPT,A,8
167904,2026,Fall,2268,1,EALANG,161,001,4.0,4.0,OPT,A,108
105129,2026,Fall,2268,1,EALANG,200,001,2.0,4.0,OPT,N,161
124436,2026,Fall,2268,1,EALANG,C120,001,4.0,4.0,OPT,N,105
124392,2026,Fall,2268,1,EALANG,C220,001,2.0,4.0,OPT,N,4
124438,2026,Fall,2268,1,EALANG,C50,001,4.0,4.0,OPT,Y,181
147996,2026,Fall,2268,1,EALANG,R1B,001,4.0,4.0,GRD,N,460
105168,2026,Fall,2268,1,ECON,1,001,4.0,4.0,OPT,C,3143
105169,2026,Fall,2268,1,ECON,100A,001,4.0,4.0,OPT,Y,2082
105170,2026,Fall,2268,1,ECON,100B,001,4.0,4.0,OPT,C,1352
105171,2026,Fall,2268,1,ECON,101A,001,4.0,4.0,OPT,Y,743
105172,2026,Fall,2268,1,ECON,101B,001,4.0,4.0,OPT,Y,904
105179,2026,Fall,2268,1,ECON,109,001,4.0,4.0,OPT,Y,23
105186,2026,Fall,2268,1,ECON,119,001,4.0,4.0,OPT,Y,1635
105187,2026,Fall,2268,1,ECON,121,001,4.0,4.0,OPT,Y,0
161422,2026,Fall,2268,1,ECON,130,001,4.0,4.0,OPT,Y,918
105193,2026,Fall,2268,1,ECON,131,001,4.0,4.0,OPT,Y,1041
105195,2026,Fall,2268,1,ECON,134,001,4.0,4.0,OPT,Y,969
158556,2026,Fall,2268,1,ECON,135,001,4.0,4.0,OPT,Y,1856
105196,2026,Fall,2268,1,ECON,136,001,4.0,4.0,OPT,Y,1253
148038,2026,Fall,2268,1,ECON,139,001,4.0,4.0,OPT,Y,991
105199,2026,Fall,2268,1,ECON,140,001,4.0,4.0,OPT,C,1780
105200,2026,Fall,2268,1,ECON,141,001,4.0,4.0,OPT,Y,656
105201,2026,Fall,2268,1,ECON,151,001,4.0,4.0,OPT,Y,3447
105205,2026,Fall,2268,1,ECON,155,001,3.0,3.0,OPT,Y,736
125369,2026,Fall,2268,1,ECON,155A,001,4.0,4.0,OPT,Y,1185
105209,2026,Fall,2268,1,ECON,162,001,3.0,3.0,OPT,Y,1
163285,2026,Fall,2268,1,ECON,165,001,4.0,4.0,OPT,Y,1101
105213,2026,Fall,2268,1,ECON,172,001,4.0,4.0,OPT,Y,0
105215,2026,Fall,2268,1,ECON,174,001,4.0,4.0,OPT,Y,529
105221,2026,Fall,2268,1,ECON,191,001,4.0,4.0,OPT,N,366
105222,2026,Fall,2268,1,ECON,196,001,1.0,4.0,OPT,Y,0
105223,2026,Fall,2268,1,ECON,197,001,1.0,4.0,PNP,N,186
105223,2026,Fall,2268,1,ECON,197,002,1.0,4.0,PNP,N,0
105223,2026,Fall,2268,1,ECON,197,003,1.0,4.0,PNP,N,0
105223,2026,Fall,2268,1,ECON,197,004,1.0,4.0,PNP,N,0
105223,2026,Fall,2268,1,ECON,197,005,1.0,4.0,PNP,N,0
105224,2026,Fall,2268,1,ECON,198,001,1.0,4.0,PNP,N,6
105225,2026,Fall,2268,1,ECON,199,001,1.0,4.0,PNP,N,0
105225,2026,Fall,2268,1,ECON,199,002,1.0,4.0,PNP,N,0
105225,2026,Fall,2268,1,ECON,199,003,1.0,4.0,PNP,N,0
105225,2026,Fall,2268,1,ECON,199,004,1.0,4.0,PNP,N,0
105225,2026,Fall,2268,1,ECON,199,005,1.0,4.0,PNP,N,0
105225,2026,Fall,2268,1,ECON,199,006,1.0,4.0,PNP,N,0
105225,2026,Fall,2268,1,ECON,199,007,1.0,4.0,PNP,N,0
105225,2026,Fall,2268,1,ECON,199,008,1.0,4.0,PNP,N,0
105225,2026,Fall,2268,1,ECON,199,009,1.0,4.0,PNP,N,0
105225,2026,Fall,2268,1,ECON,199,010,1.0,4.0,PNP,N,0
105225,2026,Fall,2268,1,ECON,199,011,1.0,4.0,PNP,N,0
105225,2026,Fall,2268,1,ECON,199,014,1.0,4.0,PNP,N,0
105225,2026,Fall,2268,1,ECON,199,015,1.0,4.0,PNP,N,0
105225,2026,Fall,2268,1,ECON,199,016,1.0,4.0,PNP,N,0
105225,2026,Fall,2268,1,ECON,199,019,1.0,4.0,PNP,N,0
105225,2026,Fall,2268,1,ECON,199,020,1.0,4.0,PNP,N,0
105225,2026,Fall,2268,1,ECON,199,112,1.0,4.0,PNP,N,0
105225,2026,Fall,2268,1,ECON,199,113,1.0,4.0,PNP,N,0
105225,2026,Fall,2268,1,ECON,199,114,1.0,4.0,PNP,N,0
105225,2026,Fall,2268,1,ECON,199,115,1.0,4.0,PNP,N,0
105225,2026,Fall,2268,1,ECON,199,116,1.0,4.0,PNP,N,0
105225,2026,Fall,2268,1,ECON,199,117,1.0,4.0,PNP,N,0
105225,2026,Fall,2268,1,ECON,199,118,1.0,4.0,PNP,N,0
105225,2026,Fall,2268,1,ECON,199,119,1.0,4.0,PNP,N,0
105225,2026,Fall,2268,1,ECON,199,120,1.0,4.0,PNP,N,0
105225,2026,Fall,2268,1,ECON,199,121,1.0,4.0,PNP,N,0
105225,2026,Fall,2268,1,ECON,199,122,1.0,4.0,PNP,N,0
105225,2026,Fall,2268,1,ECON,199,123,1.0,4.0,PNP,N,0
105225,2026,Fall,2268,1,ECON,199,124,1.0,4.0,PNP,N,0
105225,2026,Fall,2268,1,ECON,199,125,1.0,4.0,PNP,N,0
105225,2026,Fall,2268,1,ECON,199,126,1.0,4.0,PNP,N,0
105225,2026,Fall,2268,1,ECON,199,127,1.0,4.0,PNP,N,0
105225,2026,Fall,2268,1,ECON,199,128,1.0,4.0,PNP,N,0
105225,2026,Fall,2268,1,ECON,199,129,1.0,4.0,PNP,N,0
105225,2026,Fall,2268,1,ECON,199,130,1.0,4.0,PNP,N,0
105225,2026,Fall,2268,1,ECON,199,131,1.0,4.0,PNP,N,0
105225,2026,Fall,2268,1,ECON,199,132,1.0,4.0,PNP,N,0
105225,2026,Fall,2268,1,ECON,199,133,1.0,4.0,PNP,N,0
105225,2026,Fall,2268,1,ECON,199,134,1.0,4.0,PNP,N,0
105226,2026,Fall,2268,1,ECON,2,001,4.0,4.0,OPT,Y,1340
105230,2026,Fall,2268,1,ECON,201A,001,4.0,4.0,OPT,Y,170
105233,2026,Fall,2268,1,ECON,202A,001,4.0,4.0,OPT,Y,104
105237,2026,Fall,2268,1,ECON,204,001,3.0,3.0,OPT,N,0
105240,2026,Fall,2268,1,ECON,207A,001,3.0,3.0,OPT,Y,0
105242,2026,Fall,2268,1,ECON,208,001,3.0,3.0,OPT,N,252
105250,2026,Fall,2268,1,ECON,211,001,3.0,3.0,OPT,N,118
105255,2026,Fall,2268,1,ECON,217,001,3.0,3.0,SUS,N,0
105256,2026,Fall,2268,1,ECON,218,001,3.0,3.0,OPT,N,218
105257,2026,Fall,2268,1,ECON,219A,001,3.0,3.0,OPT,N,113
105261,2026,Fall,2268,1,ECON,220A,001,3.0,3.0,OPT,N,96
105264,2026,Fall,2268,1,ECON,221,001,3.0,3.0,OPT,N,106
105267,2026,Fall,2268,1,ECON,230A,001,3.0,3.0,OPT,Y,113
105270,2026,Fall,2268,1,ECON,231,001,3.0,3.0,OPT,N,105
105273,2026,Fall,2268,1,ECON,235,001,3.0,3.0,OPT,N,100
105274,2026,Fall,2268,1,ECON,236A,001,3.0,3.0,OPT,Y,83
105278,2026,Fall,2268,1,ECON,237,001,3.0,3.0,OPT,N,50
105281,2026,Fall,2268,1,ECON,240A,001,5.0,5.0,OPT,Y,99
105284,2026,Fall,2268,1,ECON,241B,001,2.0,2.0,OPT,N,2
105285,2026,Fall,2268,1,ECON,242,001,3.0,3.0,OPT,N,26
105287,2026,Fall,2268,1,ECON,244,001,3.0,3.0,OPT,N,63
105288,2026,Fall,2268,1,ECON,250A,001,3.0,3.0,OPT,Y,0
105289,2026,Fall,2268,1,ECON,250B,001,3.0,3.0,OPT,Y,22
105291,2026,Fall,2268,1,ECON,251,001,3.0,3.0,OPT,N,77
105296,2026,Fall,2268,1,ECON,260A,001,3.0,3.0,OPT,Y,0
168504,2026,Fall,2268,1,ECON,270E,001,3.0,3.0,OPT,N,2
105304,2026,Fall,2268,1,ECON,271,001,3.0,3.0,OPT,N,50
105308,2026,Fall,2268,1,ECON,280A,001,3.0,3.0,OPT,Y,89
105309,2026,Fall,2268,1,ECON,280B,001,3.0,3.0,OPT,Y,0
105312,2026,Fall,2268,1,ECON,281,001,3.0,3.0,OPT,N,47
105314,2026,Fall,2268,1,ECON,291,001,1.0,1.0,SUS,N,0
105315,2026,Fall,2268,1,ECON,295,001,1.0,1.0,SUS,N,28
105316,2026,Fall,2268,1,ECON,296,001,3.0,3.0,OPT,N,2
105317,2026,Fall,2268,1,ECON,298,001,1.0,4.0,SUS,N,10
105317,2026,Fall,2268,1,ECON,298,002,1.0,4.0,SUS,N,5
105317,2026,Fall,2268,1,ECON,298,003,1.0,4.0,SUS,N,6
105317,2026,Fall,2268,1,ECON,298,004,1.0,4.0,SUS,N,2
105317,2026,Fall,2268,1,ECON,298,005,1.0,4.0,SUS,N,1
105317,2026,Fall,2268,1,ECON,298,006,1.0,4.0,SUS,N,0
105317,2026,Fall,2268,1,ECON,298,007,1.0,4.0,SUS,N,0
105317,2026,Fall,2268,1,ECON,298,008,1.0,4.0,SUS,N,0
105317,2026,Fall,2268,1,ECON,298,009,1.0,4.0,SUS,N,0
105317,2026,Fall,2268,1,ECON,298,010,1.0,4.0,SUS,N,0
105317,2026,Fall,2268,1,ECON,298,011,1.0,4.0,SUS,N,0
105317,2026,Fall,2268,1,ECON,298,012,1.0,4.0,SUS,N,0
105317,2026,Fall,2268,1,ECON,298,013,1.0,4.0,SUS,N,0
105317,2026,Fall,2268,1,ECON,298,014,1.0,4.0,SUS,N,0
105317,2026,Fall,2268,1,ECON,298,015,1.0,4.0,SUS,N,0
105318,2026,Fall,2268,1,ECON,299,001,1.0,12.0,SUS,N,4
105318,2026,Fall,2268,1,ECON,299,002,1.0,12.0,SUS,N,3
105318,2026,Fall,2268,1,ECON,299,003,1.0,12.0,SUS,N,1
105318,2026,Fall,2268,1,ECON,299,004,1.0,12.0,SUS,N,3
105318,2026,Fall,2268,1,ECON,299,005,1.0,12.0,SUS,N,2
105318,2026,Fall,2268,1,ECON,299,006,1.0,12.0,SUS,N,2
105318,2026,Fall,2268,1,ECON,299,007,1.0,12.0,SUS,N,0
105318,2026,Fall,2268,1,ECON,299,008,1.0,12.0,SUS,N,6
105318,2026,Fall,2268,1,ECON,299,009,1.0,12.0,SUS,N,1
105318,2026,Fall,2268,1,ECON,299,010,1.0,12.0,SUS,N,0
105318,2026,Fall,2268,1,ECON,299,011,1.0,12.0,SUS,N,5
105318,2026,Fall,2268,1,ECON,299,012,1.0,12.0,SUS,N,1
105318,2026,Fall,2268,1,ECON,299,013,1.0,12.0,SUS,N,0
105318,2026,Fall,2268,1,ECON,299,014,1.0,12.0,SUS,N,0
105318,2026,Fall,2268,1,ECON,299,015,1.0,12.0,SUS,N,1
105318,2026,Fall,2268,1,ECON,299,016,1.0,12.0,SUS,N,1
105318,2026,Fall,2268,1,ECON,299,017,1.0,12.0,SUS,N,2
105318,2026,Fall,2268,1,ECON,299,018,1.0,12.0,SUS,N,0
105318,2026,Fall,2268,1,ECON,299,019,1.0,12.0,SUS,N,0
105318,2026,Fall,2268,1,ECON,299,020,1.0,12.0,SUS,N,1
105318,2026,Fall,2268,1,ECON,299,021,1.0,12.0,SUS,N,0
105318,2026,Fall,2268,1,ECON,299,022,1.0,12.0,SUS,N,1
105318,2026,Fall,2268,1,ECON,299,023,1.0,12.0,SUS,N,1
105318,2026,Fall,2268,1,ECON,299,024,1.0,12.0,SUS,N,0
105318,2026,Fall,2268,1,ECON,299,025,1.0,12.0,SUS,N,0
105318,2026,Fall,2268,1,ECON,299,026,1.0,12.0,SUS,N,1
105318,2026,Fall,2268,1,ECON,299,027,1.0,12.0,SUS,N,1
105318,2026,Fall,2268,1,ECON,299,028,1.0,12.0,SUS,N,2
105318,2026,Fall,2268,1,ECON,299,029,1.0,12.0,SUS,N,1
105318,2026,Fall,2268,1,ECON,299,030,1.0,12.0,SUS,N,0
105318,2026,Fall,2268,1,ECON,299,031,1.0,12.0,SUS,N,0
105318,2026,Fall,2268,1,ECON,299,032,1.0,12.0,SUS,N,0
105318,2026,Fall,2268,1,ECON,299,033,1.0,12.0,SUS,N,1
105318,2026,Fall,2268,1,ECON,299,034,1.0,12.0,SUS,N,0
105318,2026,Fall,2268,1,ECON,299,035,1.0,12.0,SUS,N,0
105318,2026,Fall,2268,1,ECON,299,036,1.0,12.0,SUS,N,0
105318,2026,Fall,2268,1,ECON,299,037,1.0,12.0,SUS,N,0
105318,2026,Fall,2268,1,ECON,299,038,1.0,12.0,SUS,N,0
105318,2026,Fall,2268,1,ECON,299,039,1.0,12.0,SUS,N,0
105318,2026,Fall,2268,1,ECON,299,040,1.0,12.0,SUS,N,1
105318,2026,Fall,2268,1,ECON,299,041,1.0,12.0,SUS,N,0
105318,2026,Fall,2268,1,ECON,299,042,1.0,12.0,SUS,N,0
105318,2026,Fall,2268,1,ECON,299,043,1.0,12.0,SUS,N,0
105318,2026,Fall,2268,1,ECON,299,044,1.0,12.0,SUS,N,1
105318,2026,Fall,2268,1,ECON,299,045,1.0,12.0,SUS,N,3
105318,2026,Fall,2268,1,ECON,299,046,1.0,12.0,SUS,N,0
105318,2026,Fall,2268,1,ECON,299,047,1.0,12.0,SUS,N,0
105318,2026,Fall,2268,1,ECON,299,048,1.0,12.0,SUS,N,0
105318,2026,Fall,2268,1,ECON,299,049,1.0,12.0,SUS,N,1
105318,2026,Fall,2268,1,ECON,299,050,1.0,12.0,SUS,N,1
105318,2026,Fall,2268,1,ECON,299,051,1.0,12.0,SUS,N,1
105318,2026,Fall,2268,1,ECON,299,052,1.0,12.0,SUS,N,1
105318,2026,Fall,2268,1,ECON,299,053,1.0,12.0,SUS,N,1
105318,2026,Fall,2268,1,ECON,299,054,1.0,12.0,SUS,N,1
105318,2026,Fall,2268,1,ECON,299,055,1.0,12.0,SUS,N,0
105318,2026,Fall,2268,1,ECON,299,056,1.0,12.0,SUS,N,0
105320,2026,Fall,2268,1,ECON,301,001,4.0,4.0,SUS,N,11
105321,2026,Fall,2268,1,ECON,375,001,2.0,2.0,SUS,N,14
105322,2026,Fall,2268,1,ECON,602,001,1.0,8.0,SUS,N,3
105322,2026,Fall,2268,1,ECON,602,002,1.0,8.0,SUS,N,1
105322,2026,Fall,2268,1,ECON,602,003,1.0,8.0,SUS,N,1
105322,2026,Fall,2268,1,ECON,602,004,1.0,8.0,SUS,N,1
105322,2026,Fall,2268,1,ECON,602,005,1.0,8.0,SUS,N,4
105322,2026,Fall,2268,1,ECON,602,006,1.0,8.0,SUS,N,1
105322,2026,Fall,2268,1,ECON,602,007,1.0,8.0,SUS,N,1
105322,2026,Fall,2268,1,ECON,602,008,1.0,8.0,SUS,N,1
105322,2026,Fall,2268,1,ECON,602,009,1.0,8.0,SUS,N,0
105322,2026,Fall,2268,1,ECON,602,010,1.0,8.0,SUS,N,0
105322,2026,Fall,2268,1,ECON,602,011,1.0,8.0,SUS,N,0
105322,2026,Fall,2268,1,ECON,602,012,1.0,8.0,SUS,N,0
105322,2026,Fall,2268,1,ECON,602,013,1.0,8.0,SUS,N,0
105322,2026,Fall,2268,1,ECON,602,014,1.0,8.0,SUS,N,0
105322,2026,Fall,2268,1,ECON,602,015,1.0,8.0,SUS,N,0
105322,2026,Fall,2268,1,ECON,602,016,1.0,8.0,SUS,N,0
105322,2026,Fall,2268,1,ECON,602,017,1.0,8.0,SUS,N,0
105322,2026,Fall,2268,1,ECON,602,018,1.0,8.0,SUS,N,0
105322,2026,Fall,2268,1,ECON,602,019,1.0,8.0,SUS,N,0
105322,2026,Fall,2268,1,ECON,602,020,1.0,8.0,SUS,N,0
105322,2026,Fall,2268,1,ECON,602,021,1.0,8.0,SUS,N,0
105322,2026,Fall,2268,1,ECON,602,022,1.0,8.0,SUS,N,0
105322,2026,Fall,2268,1,ECON,602,023,1.0,8.0,SUS,N,0
105322,2026,Fall,2268,1,ECON,602,024,1.0,8.0,SUS,N,0
105322,2026,Fall,2268,1,ECON,602,025,1.0,8.0,SUS,N,0
105322,2026,Fall,2268,1,ECON,602,026,1.0,8.0,SUS,N,0
105322,2026,Fall,2268,1,ECON,602,027,1.0,8.0,SUS,N,0
105322,2026,Fall,2268,1,ECON,602,028,1.0,8.0,SUS,N,0
105322,2026,Fall,2268,1,ECON,602,029,1.0,8.0,SUS,N,0
105322,2026,Fall,2268,1,ECON,602,030,1.0,8.0,SUS,N,1
105322,2026,Fall,2268,1,ECON,602,031,1.0,8.0,SUS,N,0
105322,2026,Fall,2268,1,ECON,602,032,1.0,8.0,SUS,N,0
105322,2026,Fall,2268,1,ECON,602,033,1.0,8.0,SUS,N,3
105322,2026,Fall,2268,1,ECON,602,034,1.0,8.0,SUS,N,0
105322,2026,Fall,2268,1,ECON,602,035,1.0,8.0,SUS,N,0
105322,2026,Fall,2268,1,ECON,602,036,1.0,8.0,SUS,N,0
105322,2026,Fall,2268,1,ECON,602,037,1.0,8.0,SUS,N,1
105322,2026,Fall,2268,1,ECON,602,038,1.0,8.0,SUS,N,0
105322,2026,Fall,2268,1,ECON,602,039,1.0,8.0,SUS,N,1
124277,2026,Fall,2268,1,ECON,C102,001,4.0,4.0,OPT,Y,0
124209,2026,Fall,2268,1,ECON,C103,001,4.0,4.0,OPT,Y,0
123898,2026,Fall,2268,1,ECON,C110,001,4.0,4.0,OPT,Y,1354
124287,2026,Fall,2268,1,ECON,C125,001,4.0,4.0,OPT,Y,771
123919,2026,Fall,2268,1,ECON,C171,001,4.0,4.0,OPT,Y,730
124120,2026,Fall,2268,1,ECON,C181,001,4.0,4.0,OPT,Y,1081
159970,2026,Fall,2268,1,ECON,C184,001,4.0,4.0,OPT,Y,8
164431,2026,Fall,2268,1,ECON,C188,001,3.0,3.0,OPT,Y,0
124195,2026,Fall,2268,1,ECON,C215A,001,3.0,3.0,OPT,N,128
123971,2026,Fall,2268,1,ECON,C222,001,3.0,3.0,OPT,N,0
123867,2026,Fall,2268,1,ECON,C270A,001,3.0,3.0,OPT,N,27
123916,2026,Fall,2268,1,ECON,C3,001,4.0,4.0,OPT,Y,413
166717,2026,Fall,2268,1,ECON,H191,001,4.0,4.0,OPT,A,0
105328,2026,Fall,2268,1,ECON,H195A,001,1.0,3.0,PNP,N,0
105330,2026,Fall,2268,1,ECON,H195B,001,1.0,3.0,OPT,N,0
105330,2026,Fall,2268,1,ECON,H195B,002,1.0,3.0,OPT,N,0
105330,2026,Fall,2268,1,ECON,H195B,003,1.0,3.0,OPT,N,0
105330,2026,Fall,2268,1,ECON,H195B,004,1.0,3.0,OPT,N,0
105330,2026,Fall,2268,1,ECON,H195B,005,1.0,3.0,OPT,N,0
105330,2026,Fall,2268,1,ECON,H195B,006,1.0,3.0,OPT,N,0
105330,2026,Fall,2268,1,ECON,H195B,007,1.0,3.0,OPT,N,0
105330,2026,Fall,2268,1,ECON,H195B,008,1.0,3.0,OPT,N,0
105330,2026,Fall,2268,1,ECON,H195B,009,1.0,3.0,OPT,N,0
105330,2026,Fall,2268,1,ECON,H195B,010,1.0,3.0,OPT,N,0
105330,2026,Fall,2268,1,ECON,H195B,011,1.0,3.0,OPT,N,0
105330,2026,Fall,2268,1,ECON,H195B,012,1.0,3.0,OPT,N,0
105330,2026,Fall,2268,1,ECON,H195B,013,1.0,3.0,OPT,N,0
105330,2026,Fall,2268,1,ECON,H195B,014,1.0,3.0,OPT,N,0
105330,2026,Fall,2268,1,ECON,H195B,015,1.0,3.0,OPT,N,0
105330,2026,Fall,2268,1,ECON,H195B,016,1.0,3.0,OPT,N,0
105330,2026,Fall,2268,1,ECON,H195B,017,1.0,3.0,OPT,N,0
105330,2026,Fall,2268,1,ECON,H195B,018,1.0,3.0,OPT,N,0
105330,2026,Fall,2268,1,ECON,H195B,019,1.0,3.0,OPT,N,0
105330,2026,Fall,2268,1,ECON,H195B,020,1.0,3.0,OPT,N,0
105330,2026,Fall,2268,1,ECON,H195B,021,1.0,3.0,OPT,N,0
105330,2026,Fall,2268,1,ECON,H195B,022,1.0,3.0,OPT,N,0
105330,2026,Fall,2268,1,ECON,H195B,023,1.0,3.0,OPT,N,0
105330,2026,Fall,2268,1,ECON,H195B,024,1.0,3.0,OPT,N,0
105330,2026,Fall,2268,1,ECON,H195B,025,1.0,3.0,OPT,N,0
105330,2026,Fall,2268,1,ECON,H195B,026,1.0,3.0,OPT,N,0
105330,2026,Fall,2268,1,ECON,H195B,027,1.0,3.0,OPT,N,0
105330,2026,Fall,2268,1,ECON,H195B,028,1.0,3.0,OPT,N,0
105330,2026,Fall,2268,1,ECON,H195B,029,1.0,3.0,OPT,N,0
105547,2026,Fall,2268,1,EDSTEM,131AC,001,3.0,3.0,OPT,N,1740
161115,2026,Fall,2268,1,EDSTEM,187,001,4.0,4.0,OPT,N,179
163463,2026,Fall,2268,1,EDSTEM,197,001,1.0,3.0,PNP,A,16
161114,2026,Fall,2268,1,EDSTEM,303,001,3.0,3.0,OPT,N,11
161101,2026,Fall,2268,1,EDSTEM,304,001,5.0,5.0,OPT,N,12
161099,2026,Fall,2268,1,EDSTEM,82,001,2.0,2.0,OPT,A,145
161099,2026,Fall,2268,1,EDSTEM,82,002,2.0,2.0,OPT,A,167
161100,2026,Fall,2268,1,EDSTEM,82T,001,2.0,2.0,OPT,A,222
164922,2026,Fall,2268,1,EDSTEM,98,001,1.0,1.0,PNP,A,56
122662,2026,Fall,2268,1,EDSTEM,C122,001,3.0,3.0,OPT,A,70
105539,2026,Fall,2268,1,EDUC,114A,001,4.0,4.0,OPT,Y,156
105545,2026,Fall,2268,1,EDUC,130,001,3.0,3.0,OPT,N,275
106002,2026,Fall,2268,1,EDUC,140A,001,4.0,4.0,OPT,A,433
106002,2026,Fall,2268,1,EDUC,140A,UC01,4.0,4.0,OPT,A,132
105550,2026,Fall,2268,1,EDUC,140AC,001,4.0,4.0,OPT,A,359
105550,2026,Fall,2268,1,EDUC,140AC,002,4.0,4.0,OPT,A,225
154785,2026,Fall,2268,1,EDUC,144,001,1.0,3.0,OPT,A,126
154785,2026,Fall,2268,1,EDUC,144,002,1.0,3.0,OPT,A,45
154785,2026,Fall,2268,1,EDUC,144,003,1.0,3.0,OPT,A,60
154785,2026,Fall,2268,1,EDUC,144,004,1.0,3.0,OPT,A,6
154785,2026,Fall,2268,1,EDUC,144,005,1.0,3.0,OPT,A,19
161655,2026,Fall,2268,1,EDUC,155AC,001,4.0,4.0,OPT,A,497
125371,2026,Fall,2268,1,EDUC,163,001,3.0,3.0,OPT,Y,78
105574,2026,Fall,2268,1,EDUC,188,001,3.0,3.0,OPT,A,67
105574,2026,Fall,2268,1,EDUC,188,002,3.0,3.0,OPT,A,35
157877,2026,Fall,2268,1,EDUC,190A,001,4.0,4.0,OPT,N,1055
105606,2026,Fall,2268,1,EDUC,197,001,1.0,4.0,PNP,N,0
105606,2026,Fall,2268,1,EDUC,197,003,1.0,4.0,PNP,N,0
105606,2026,Fall,2268,1,EDUC,197,009,1.0,4.0,PNP,N,0
105606,2026,Fall,2268,1,EDUC,197,037,1.0,4.0,PNP,N,0
105606,2026,Fall,2268,1,EDUC,197,050,1.0,4.0,PNP,N,0
105606,2026,Fall,2268,1,EDUC,197,055,1.0,4.0,PNP,N,0
105606,2026,Fall,2268,1,EDUC,197,058,1.0,4.0,PNP,N,0
105606,2026,Fall,2268,1,EDUC,197,063,1.0,4.0,PNP,N,0
105607,2026,Fall,2268,1,EDUC,198,004,2.0,2.0,PNP,N,53
105607,2026,Fall,2268,1,EDUC,198,005,2.0,2.0,PNP,N,24
105608,2026,Fall,2268,1,EDUC,199,001,1.0,4.0,PNP,N,0
105608,2026,Fall,2268,1,EDUC,199,002,1.0,4.0,PNP,N,0
105608,2026,Fall,2268,1,EDUC,199,003,1.0,4.0,PNP,N,0
105608,2026,Fall,2268,1,EDUC,199,004,1.0,4.0,PNP,N,0
105608,2026,Fall,2268,1,EDUC,199,005,1.0,4.0,PNP,N,0
105628,2026,Fall,2268,1,EDUC,207B,001,4.0,4.0,OPT,N,13
159797,2026,Fall,2268,1,EDUC,207L,001,1.0,1.0,SUS,N,23
161312,2026,Fall,2268,1,EDUC,209,001,2.0,2.0,SUS,N,6
159722,2026,Fall,2268,1,EDUC,210,001,2.0,2.0,OPT,N,56
105638,2026,Fall,2268,1,EDUC,213C,001,3.0,3.0,OPT,N,15
159724,2026,Fall,2268,1,EDUC,217,001,3.0,3.0,OPT,N,39
160656,2026,Fall,2268,1,EDUC,220,001,3.0,3.0,OPT,N,0
160637,2026,Fall,2268,1,EDUC,221,001,3.0,3.0,OPT,N,0
160637,2026,Fall,2268,1,EDUC,221,002,3.0,3.0,OPT,N,0
161660,2026,Fall,2268,1,EDUC,222B,001,2.0,3.0,OPT,N,0
125373,2026,Fall,2268,1,EDUC,222C,001,3.0,3.0,OPT,N,12
105650,2026,Fall,2268,1,EDUC,223B,001,2.0,6.0,OPT,N,20
105650,2026,Fall,2268,1,EDUC,223B,003,2.0,6.0,OPT,N,16
105650,2026,Fall,2268,1,EDUC,223B,004,2.0,6.0,OPT,N,17
105650,2026,Fall,2268,1,EDUC,223B,005,2.0,6.0,OPT,N,27
105650,2026,Fall,2268,1,EDUC,223B,006,2.0,6.0,OPT,N,20
105650,2026,Fall,2268,1,EDUC,223B,007,2.0,6.0,OPT,N,8
160425,2026,Fall,2268,1,EDUC,226A,001,3.0,3.0,OPT,N,0
156715,2026,Fall,2268,1,EDUC,231B,001,3.0,3.0,OPT,N,0
157851,2026,Fall,2268,1,EDUC,236,001,2.0,2.0,OPT,N,0
105671,2026,Fall,2268,1,EDUC,236A,001,2.0,2.0,OPT,N,0
105672,2026,Fall,2268,1,EDUC,236B,001,3.0,3.0,OPT,N,0
105557,2026,Fall,2268,1,EDUC,238,001,3.0,3.0,OPT,N,0
105673,2026,Fall,2268,1,EDUC,24,001,1.0,1.0,OPT,N,178
105674,2026,Fall,2268,1,EDUC,240A,001,3.0,3.0,OPT,N,12
163287,2026,Fall,2268,1,EDUC,241A,001,1.0,1.0,OPT,Y,0
124510,2026,Fall,2268,1,EDUC,243,001,3.0,3.0,OPT,N,10
161184,2026,Fall,2268,1,EDUC,244,001,3.0,3.0,OPT,N,33
105686,2026,Fall,2268,1,EDUC,244B,001,3.0,3.0,OPT,N,0
158779,2026,Fall,2268,1,EDUC,254,001,3.0,3.0,OPT,N,92
105710,2026,Fall,2268,1,EDUC,257,001,3.0,3.0,OPT,N,21
105717,2026,Fall,2268,1,EDUC,261A,001,3.0,3.0,OPT,N,8
105719,2026,Fall,2268,1,EDUC,262B,001,3.0,3.0,OPT,N,0
105723,2026,Fall,2268,1,EDUC,262F,001,3.0,3.0,OPT,N,0
168562,2026,Fall,2268,1,EDUC,265D,001,3.0,3.0,OPT,N,0
161187,2026,Fall,2268,1,EDUC,268,001,3.0,3.0,OPT,N,24
161187,2026,Fall,2268,1,EDUC,268,003,3.0,3.0,OPT,N,8
105747,2026,Fall,2268,1,EDUC,270B,001,2.0,3.0,OPT,N,81
105748,2026,Fall,2268,1,EDUC,271B,001,3.0,3.0,OPT,N,10
105755,2026,Fall,2268,1,EDUC,272B,001,2.0,3.0,OPT,N,6
105760,2026,Fall,2268,1,EDUC,274A,001,4.0,4.0,OPT,N,13
105762,2026,Fall,2268,1,EDUC,274C,001,2.0,2.0,OPT,N,9
105770,2026,Fall,2268,1,EDUC,275G,001,5.0,5.0,OPT,N,42
105771,2026,Fall,2268,1,EDUC,275H,001,1.0,2.0,OPT,N,57
105773,2026,Fall,2268,1,EDUC,276A,001,3.0,3.0,OPT,N,9
105782,2026,Fall,2268,1,EDUC,278C,001,3.0,3.0,OPT,N,5
105787,2026,Fall,2268,1,EDUC,280A,001,3.0,3.0,OPT,N,7
163456,2026,Fall,2268,1,EDUC,281,001,3.0,3.0,OPT,N,9
105821,2026,Fall,2268,1,EDUC,290A,002,3.0,3.0,OPT,N,7
105821,2026,Fall,2268,1,EDUC,290A,003,3.0,3.0,OPT,N,7
105821,2026,Fall,2268,1,EDUC,290A,004,3.0,3.0,OPT,N,11
105836,2026,Fall,2268,1,EDUC,293A,001,4.0,4.0,OPT,N,19
105841,2026,Fall,2268,1,EDUC,293L,001,1.0,1.0,OPT,N,5
105841,2026,Fall,2268,1,EDUC,293L,002,1.0,1.0,OPT,N,8
105841,2026,Fall,2268,1,EDUC,293L,003,1.0,1.0,OPT,N,8
164849,2026,Fall,2268,1,EDUC,296A,001,3.0,3.0,OPT,N,25
105857,2026,Fall,2268,1,EDUC,298C,001,1.0,4.0,OPT,N,16
105857,2026,Fall,2268,1,EDUC,298C,002,3.0,3.0,OPT,N,2
105857,2026,Fall,2268,1,EDUC,298C,003,3.0,3.0,OPT,N,5
105859,2026,Fall,2268,1,EDUC,298E,001,1.0,6.0,SUS,N,2
105860,2026,Fall,2268,1,EDUC,299,001,1.0,12.0,SUS,N,1
105860,2026,Fall,2268,1,EDUC,299,002,1.0,12.0,SUS,N,0
105860,2026,Fall,2268,1,EDUC,299,003,1.0,12.0,SUS,N,0
105860,2026,Fall,2268,1,EDUC,299,004,1.0,12.0,SUS,N,0
105860,2026,Fall,2268,1,EDUC,299,005,1.0,12.0,SUS,N,1
105860,2026,Fall,2268,1,EDUC,299,006,1.0,12.0,SUS,N,0
105860,2026,Fall,2268,1,EDUC,299,007,1.0,12.0,SUS,N,2
105860,2026,Fall,2268,1,EDUC,299,008,1.0,12.0,SUS,N,1
105860,2026,Fall,2268,1,EDUC,299,009,1.0,12.0,SUS,N,1
105860,2026,Fall,2268,1,EDUC,299,010,1.0,12.0,SUS,N,1
105860,2026,Fall,2268,1,EDUC,299,011,1.0,12.0,SUS,N,1
105860,2026,Fall,2268,1,EDUC,299,012,1.0,12.0,SUS,N,1
105860,2026,Fall,2268,1,EDUC,299,013,1.0,12.0,SUS,N,0
105860,2026,Fall,2268,1,EDUC,299,014,1.0,12.0,SUS,N,0
105860,2026,Fall,2268,1,EDUC,299,015,1.0,12.0,SUS,N,0
105860,2026,Fall,2268,1,EDUC,299,016,1.0,12.0,SUS,N,1
105860,2026,Fall,2268,1,EDUC,299,017,1.0,12.0,SUS,N,0
105860,2026,Fall,2268,1,EDUC,299,018,1.0,12.0,SUS,N,0
105860,2026,Fall,2268,1,EDUC,299,019,1.0,12.0,SUS,N,0
105860,2026,Fall,2268,1,EDUC,299,020,1.0,12.0,SUS,N,0
105860,2026,Fall,2268,1,EDUC,299,021,1.0,12.0,SUS,N,0
105860,2026,Fall,2268,1,EDUC,299,022,1.0,12.0,SUS,N,0
105860,2026,Fall,2268,1,EDUC,299,023,1.0,12.0,SUS,N,0
105860,2026,Fall,2268,1,EDUC,299,024,1.0,12.0,SUS,N,1
105860,2026,Fall,2268,1,EDUC,299,025,1.0,12.0,SUS,N,2
105860,2026,Fall,2268,1,EDUC,299,026,1.0,12.0,SUS,N,0
105860,2026,Fall,2268,1,EDUC,299,027,1.0,12.0,SUS,N,0
105860,2026,Fall,2268,1,EDUC,299,028,1.0,12.0,SUS,N,1
105860,2026,Fall,2268,1,EDUC,299,029,1.0,12.0,SUS,N,0
105860,2026,Fall,2268,1,EDUC,299,030,1.0,12.0,SUS,N,0
105860,2026,Fall,2268,1,EDUC,299,031,1.0,12.0,SUS,N,0
105860,2026,Fall,2268,1,EDUC,299,032,1.0,12.0,SUS,N,0
105860,2026,Fall,2268,1,EDUC,299,033,1.0,12.0,SUS,N,0
105860,2026,Fall,2268,1,EDUC,299,034,1.0,12.0,SUS,N,0
105860,2026,Fall,2268,1,EDUC,299,035,1.0,12.0,SUS,N,0
105860,2026,Fall,2268,1,EDUC,299,036,1.0,12.0,SUS,N,0
105860,2026,Fall,2268,1,EDUC,299,037,1.0,12.0,SUS,N,2
105860,2026,Fall,2268,1,EDUC,299,039,1.0,12.0,SUS,N,0
105860,2026,Fall,2268,1,EDUC,299,040,1.0,12.0,SUS,N,3
105860,2026,Fall,2268,1,EDUC,299,041,1.0,12.0,SUS,N,0
105860,2026,Fall,2268,1,EDUC,299,042,1.0,12.0,SUS,N,0
105860,2026,Fall,2268,1,EDUC,299,043,1.0,12.0,SUS,N,1
105860,2026,Fall,2268,1,EDUC,299,046,1.0,12.0,SUS,N,1
105860,2026,Fall,2268,1,EDUC,299,047,1.0,12.0,SUS,N,0
105860,2026,Fall,2268,1,EDUC,299,049,1.0,12.0,SUS,N,2
105860,2026,Fall,2268,1,EDUC,299,050,1.0,12.0,SUS,N,0
105860,2026,Fall,2268,1,EDUC,299,051,1.0,12.0,SUS,N,0
105860,2026,Fall,2268,1,EDUC,299,052,1.0,12.0,SUS,N,1
105860,2026,Fall,2268,1,EDUC,299,053,1.0,12.0,SUS,N,1
105860,2026,Fall,2268,1,EDUC,299,054,1.0,12.0,SUS,N,1
105860,2026,Fall,2268,1,EDUC,299,055,1.0,12.0,SUS,N,1
161381,2026,Fall,2268,1,EDUC,313C,001,1.0,1.0,SUS,N,18
161374,2026,Fall,2268,1,EDUC,313E,001,1.0,1.0,SUS,N,6
161393,2026,Fall,2268,1,EDUC,313F,001,1.0,1.0,SUS,N,4
161465,2026,Fall,2268,1,EDUC,313H,001,2.0,7.0,SUS,N,10
105892,2026,Fall,2268,1,EDUC,375,001,1.0,6.0,SUS,N,6
105930,2026,Fall,2268,1,EDUC,390C,001,8.0,8.0,OPT,N,0
105930,2026,Fall,2268,1,EDUC,390C,002,8.0,8.0,OPT,N,0
105930,2026,Fall,2268,1,EDUC,390C,003,8.0,8.0,OPT,N,0
105939,2026,Fall,2268,1,EDUC,40AC,001,4.0,4.0,OPT,Y,1031
105940,2026,Fall,2268,1,EDUC,413A,001,2.0,7.0,OPT,Y,84
105944,2026,Fall,2268,1,EDUC,413L,001,1.0,1.0,SUS,N,3
105944,2026,Fall,2268,1,EDUC,413L,002,1.0,1.0,SUS,N,1
105946,2026,Fall,2268,1,EDUC,460A,001,1.0,4.0,OPT,N,0
105954,2026,Fall,2268,1,EDUC,470A,001,1.0,3.0,SUS,Y,9
166649,2026,Fall,2268,1,EDUC,53,001,3.0,3.0,OPT,A,0
105978,2026,Fall,2268,1,EDUC,99,001,1.0,4.0,PNP,N,0
105978,2026,Fall,2268,1,EDUC,99,002,1.0,4.0,PNP,N,0
105978,2026,Fall,2268,1,EDUC,99,003,1.0,4.0,PNP,N,0
105978,2026,Fall,2268,1,EDUC,99,004,1.0,4.0,PNP,N,0
105978,2026,Fall,2268,1,EDUC,99,005,1.0,4.0,PNP,N,0
122662,2026,Fall,2268,1,EDUC,C122,001,3.0,3.0,OPT,A,98
154194,2026,Fall,2268,1,EDUC,C142,001,4.0,4.0,OPT,A,141
124139,2026,Fall,2268,1,EDUC,C181,001,3.0,3.0,OPT,Y,266
157857,2026,Fall,2268,1,EDUC,W164,001,3.0,3.0,OPT,A,155
168505,2026,Fall,2268,1,EECS,116,001,4.0,4.0,OPT,N,21
154316,2026,Fall,2268,1,EECS,126,001,4.0,4.0,OPT,Y,1015
106302,2026,Fall,2268,1,EECS,127,001,4.0,4.0,OPT,Y,1014
106318,2026,Fall,2268,1,EECS,144,001,4.0,4.0,OPT,A,216
124542,2026,Fall,2268,1,EECS,149,001,4.0,4.0,OPT,A,370
124536,2026,Fall,2268,1,EECS,151,001,3.0,3.0,OPT,Y,457
124537,2026,Fall,2268,1,EECS,151LA,001,2.0,2.0,OPT,N,225
124537,2026,Fall,2268,1,EECS,151LA,002,2.0,2.0,OPT,N,177
124537,2026,Fall,2268,1,EECS,151LA,003,2.0,2.0,OPT,N,10
124537,2026,Fall,2268,1,EECS,151LA,004,2.0,2.0,OPT,N,0
124538,2026,Fall,2268,1,EECS,151LB,001,2.0,2.0,OPT,N,111
124538,2026,Fall,2268,1,EECS,151LB,002,2.0,2.0,OPT,N,121
124538,2026,Fall,2268,1,EECS,151LB,003,2.0,2.0,OPT,N,7
124538,2026,Fall,2268,1,EECS,151LB,004,2.0,2.0,OPT,N,0
124538,2026,Fall,2268,1,EECS,151LB,005,2.0,2.0,OPT,N,0
124538,2026,Fall,2268,1,EECS,151LB,006,2.0,2.0,OPT,N,0
166714,2026,Fall,2268,1,EECS,183,001,4.0,4.0,OPT,Y,633
168506,2026,Fall,2268,1,EECS,216,001,4.0,4.0,OPT,N,12
106363,2026,Fall,2268,1,EECS,225A,001,3.0,3.0,OPT,Y,0
106364,2026,Fall,2268,1,EECS,225B,001,3.0,3.0,OPT,Y,0
106371,2026,Fall,2268,1,EECS,227AT,001,4.0,4.0,OPT,Y,99
106410,2026,Fall,2268,1,EECS,244,001,4.0,4.0,OPT,Y,41
125374,2026,Fall,2268,1,EECS,251A,001,3.0,3.0,OPT,Y,35
124557,2026,Fall,2268,1,EECS,251LA,101,2.0,2.0,OPT,N,15
124557,2026,Fall,2268,1,EECS,251LA,102,2.0,2.0,OPT,N,17
124557,2026,Fall,2268,1,EECS,251LA,103,2.0,2.0,OPT,N,0
124557,2026,Fall,2268,1,EECS,251LA,104,2.0,2.0,OPT,N,0
124557,2026,Fall,2268,1,EECS,251LA,105,2.0,2.0,OPT,N,0
124558,2026,Fall,2268,1,EECS,251LB,101,2.0,2.0,OPT,N,40
124558,2026,Fall,2268,1,EECS,251LB,102,2.0,2.0,OPT,N,37
124558,2026,Fall,2268,1,EECS,251LB,103,2.0,2.0,OPT,N,3
124558,2026,Fall,2268,1,EECS,251LB,104,2.0,2.0,OPT,N,39
124558,2026,Fall,2268,1,EECS,251LB,105,2.0,2.0,OPT,N,0
124558,2026,Fall,2268,1,EECS,251LB,106,2.0,2.0,OPT,N,0
166679,2026,Fall,2268,1,EECS,283A,001,4.0,4.0,OPT,Y,89
154534,2026,Fall,2268,1,EECS,47F,001,1.0,3.0,OPT,Y,0
154784,2026,Fall,2268,1,EECS,C106A,001,4.0,4.0,OPT,A,702
124545,2026,Fall,2268,1,EECS,C128,001,4.0,4.0,OPT,Y,139
166746,2026,Fall,2268,1,EECS,C191A,001,4.0,4.0,OPT,A,178
154875,2026,Fall,2268,1,EECS,C206A,001,4.0,4.0,OPT,N,131
124479,2026,Fall,2268,1,EECS,C249B,001,4.0,4.0,OPT,N,69
106263,2026,Fall,2268,1,EGYPT,100A,001,4.0,4.0,OPT,Y,161
158393,2026,Fall,2268,1,EGYPT,203,001,4.0,4.0,OPT,Y,15
106282,2026,Fall,2268,1,ELENG,105,001,4.0,4.0,OPT,Y,304
106286,2026,Fall,2268,1,ELENG,113,001,4.0,4.0,OPT,Y,272
168567,2026,Fall,2268,1,ELENG,117B,101,4.0,4.0,OPT,A,2
168567,2026,Fall,2268,1,ELENG,117B,102,4.0,4.0,OPT,A,2
106292,2026,Fall,2268,1,ELENG,118,001,4.0,4.0,OPT,Y,73
106294,2026,Fall,2268,1,ELENG,120,001,4.0,4.0,OPT,Y,443
106296,2026,Fall,2268,1,ELENG,121,001,4.0,4.0,OPT,N,204
106306,2026,Fall,2268,1,ELENG,130,001,4.0,4.0,OPT,Y,194
106312,2026,Fall,2268,1,ELENG,137A,001,4.0,4.0,OPT,Y,0
106314,2026,Fall,2268,1,ELENG,140,001,4.0,4.0,OPT,Y,207
106316,2026,Fall,2268,1,ELENG,142,001,4.0,4.0,OPT,Y,0
106317,2026,Fall,2268,1,ELENG,143,001,4.0,4.0,OPT,Y,327
106325,2026,Fall,2268,1,ELENG,147,001,3.0,3.0,OPT,Y,191
168196,2026,Fall,2268,1,ELENG,156,001,3.0,3.0,OPT,Y,248
106333,2026,Fall,2268,1,ELENG,194,001,3.0,3.0,OPT,Y,128
106333,2026,Fall,2268,1,ELENG,194,002,1.0,4.0,OPT,Y,0
106333,2026,Fall,2268,1,ELENG,194,003,1.0,4.0,OPT,Y,0
106333,2026,Fall,2268,1,ELENG,194,015,1.0,4.0,OPT,Y,59
106333,2026,Fall,2268,1,ELENG,194,16,4.0,4.0,OPT,Y,84
106333,2026,Fall,2268,1,ELENG,194,21,3.0,3.0,OPT,Y,79
106334,2026,Fall,2268,1,ELENG,197,001,1.0,4.0,PNP,N,0
106334,2026,Fall,2268,1,ELENG,197,002,1.0,4.0,PNP,N,0
106334,2026,Fall,2268,1,ELENG,197,003,1.0,4.0,PNP,N,0
106334,2026,Fall,2268,1,ELENG,197,004,1.0,4.0,PNP,N,0
106334,2026,Fall,2268,1,ELENG,197,005,1.0,4.0,PNP,N,0
106334,2026,Fall,2268,1,ELENG,197,006,1.0,4.0,PNP,N,0
106334,2026,Fall,2268,1,ELENG,197,007,1.0,4.0,PNP,N,0
106334,2026,Fall,2268,1,ELENG,197,008,1.0,4.0,PNP,N,0
106334,2026,Fall,2268,1,ELENG,197,009,1.0,4.0,PNP,N,0
106334,2026,Fall,2268,1,ELENG,197,010,1.0,4.0,PNP,N,0
106334,2026,Fall,2268,1,ELENG,197,011,1.0,4.0,PNP,N,0
106334,2026,Fall,2268,1,ELENG,197,012,1.0,4.0,PNP,N,0
106334,2026,Fall,2268,1,ELENG,197,013,1.0,4.0,PNP,N,0
106334,2026,Fall,2268,1,ELENG,197,014,1.0,4.0,PNP,N,0
106334,2026,Fall,2268,1,ELENG,197,015,1.0,4.0,PNP,N,0
106334,2026,Fall,2268,1,ELENG,197,016,1.0,4.0,PNP,N,0
106334,2026,Fall,2268,1,ELENG,197,017,1.0,4.0,PNP,N,0
106334,2026,Fall,2268,1,ELENG,197,018,1.0,4.0,PNP,N,0
106334,2026,Fall,2268,1,ELENG,197,019,1.0,4.0,PNP,N,0
106334,2026,Fall,2268,1,ELENG,197,020,1.0,4.0,PNP,N,0
106334,2026,Fall,2268,1,ELENG,197,021,1.0,4.0,PNP,N,0
106334,2026,Fall,2268,1,ELENG,197,022,1.0,4.0,PNP,N,0
106334,2026,Fall,2268,1,ELENG,197,023,1.0,4.0,PNP,N,0
106334,2026,Fall,2268,1,ELENG,197,024,1.0,4.0,PNP,N,0
106334,2026,Fall,2268,1,ELENG,197,025,1.0,4.0,PNP,N,0
106334,2026,Fall,2268,1,ELENG,197,026,1.0,4.0,PNP,N,0
106334,2026,Fall,2268,1,ELENG,197,027,1.0,4.0,PNP,N,0
106334,2026,Fall,2268,1,ELENG,197,028,1.0,4.0,PNP,N,0
106334,2026,Fall,2268,1,ELENG,197,029,1.0,4.0,PNP,N,0
106334,2026,Fall,2268,1,ELENG,197,030,1.0,4.0,PNP,N,0
106334,2026,Fall,2268,1,ELENG,197,031,1.0,4.0,PNP,N,0
106334,2026,Fall,2268,1,ELENG,197,032,1.0,4.0,PNP,N,0
106334,2026,Fall,2268,1,ELENG,197,033,1.0,4.0,PNP,N,0
106334,2026,Fall,2268,1,ELENG,197,034,1.0,4.0,PNP,N,0
106336,2026,Fall,2268,1,ELENG,199,001,1.0,4.0,PNP,N,0
106336,2026,Fall,2268,1,ELENG,199,003,1.0,4.0,PNP,N,0
106336,2026,Fall,2268,1,ELENG,199,008,1.0,4.0,PNP,N,0
106336,2026,Fall,2268,1,ELENG,199,011,1.0,4.0,PNP,N,0
106336,2026,Fall,2268,1,ELENG,199,012,1.0,4.0,PNP,N,0
106336,2026,Fall,2268,1,ELENG,199,021,1.0,4.0,PNP,N,0
106336,2026,Fall,2268,1,ELENG,199,029,1.0,4.0,PNP,N,0
106336,2026,Fall,2268,1,ELENG,199,030,1.0,4.0,PNP,N,0
106336,2026,Fall,2268,1,ELENG,199,031,1.0,4.0,PNP,N,0
106336,2026,Fall,2268,1,ELENG,199,033,1.0,4.0,PNP,N,0
106336,2026,Fall,2268,1,ELENG,199,035,1.0,4.0,PNP,N,0
106336,2026,Fall,2268,1,ELENG,199,036,1.0,4.0,PNP,N,0
106336,2026,Fall,2268,1,ELENG,199,037,1.0,4.0,PNP,N,0
106336,2026,Fall,2268,1,ELENG,199,038,1.0,4.0,PNP,N,0
106336,2026,Fall,2268,1,ELENG,199,039,1.0,4.0,PNP,N,0
106336,2026,Fall,2268,1,ELENG,199,040,1.0,4.0,PNP,N,0
106336,2026,Fall,2268,1,ELENG,199,042,1.0,4.0,PNP,N,0
106336,2026,Fall,2268,1,ELENG,199,049,1.0,4.0,PNP,N,0
106336,2026,Fall,2268,1,ELENG,199,052,1.0,4.0,PNP,N,0
106336,2026,Fall,2268,1,ELENG,199,055,1.0,4.0,PNP,N,0
106336,2026,Fall,2268,1,ELENG,199,056,1.0,4.0,PNP,N,0
106336,2026,Fall,2268,1,ELENG,199,057,1.0,4.0,PNP,N,0
106336,2026,Fall,2268,1,ELENG,199,058,1.0,4.0,PNP,N,0
106336,2026,Fall,2268,1,ELENG,199,060,1.0,4.0,PNP,N,0
106336,2026,Fall,2268,1,ELENG,199,061,1.0,4.0,PNP,N,0
106336,2026,Fall,2268,1,ELENG,199,064,1.0,4.0,PNP,N,0
106336,2026,Fall,2268,1,ELENG,199,067,1.0,4.0,PNP,N,0
106336,2026,Fall,2268,1,ELENG,199,068,1.0,4.0,PNP,N,0
106336,2026,Fall,2268,1,ELENG,199,069,1.0,4.0,PNP,N,0
106336,2026,Fall,2268,1,ELENG,199,070,1.0,4.0,PNP,N,0
106336,2026,Fall,2268,1,ELENG,199,072,1.0,4.0,PNP,N,0
106336,2026,Fall,2268,1,ELENG,199,074,1.0,4.0,PNP,N,0
106336,2026,Fall,2268,1,ELENG,199,075,1.0,4.0,PNP,N,0
106336,2026,Fall,2268,1,ELENG,199,076,1.0,4.0,PNP,N,0
106336,2026,Fall,2268,1,ELENG,199,078,1.0,4.0,PNP,N,0
106336,2026,Fall,2268,1,ELENG,199,079,1.0,4.0,PNP,N,0
106336,2026,Fall,2268,1,ELENG,199,080,1.0,4.0,PNP,N,0
106336,2026,Fall,2268,1,ELENG,199,083,1.0,4.0,PNP,N,0
106336,2026,Fall,2268,1,ELENG,199,084,1.0,4.0,PNP,N,0
106336,2026,Fall,2268,1,ELENG,199,085,1.0,4.0,PNP,N,0
106336,2026,Fall,2268,1,ELENG,199,086,1.0,4.0,PNP,N,0
106336,2026,Fall,2268,1,ELENG,199,087,1.0,4.0,PNP,N,0
106336,2026,Fall,2268,1,ELENG,199,088,1.0,4.0,PNP,N,0
106336,2026,Fall,2268,1,ELENG,199,089,1.0,4.0,PNP,N,0
106336,2026,Fall,2268,1,ELENG,199,090,1.0,4.0,PNP,N,0
106336,2026,Fall,2268,1,ELENG,199,100,1.0,4.0,PNP,N,0
106336,2026,Fall,2268,1,ELENG,199,101,1.0,4.0,PNP,N,0
106336,2026,Fall,2268,1,ELENG,199,102,1.0,4.0,PNP,N,0
106336,2026,Fall,2268,1,ELENG,199,103,1.0,4.0,PNP,N,0
106336,2026,Fall,2268,1,ELENG,199,91,1.0,4.0,PNP,N,0
106336,2026,Fall,2268,1,ELENG,199,92,1.0,4.0,PNP,N,0
106336,2026,Fall,2268,1,ELENG,199,93,1.0,4.0,PNP,N,0
106336,2026,Fall,2268,1,ELENG,199,94,1.0,4.0,PNP,N,0
106336,2026,Fall,2268,1,ELENG,199,95,1.0,4.0,PNP,N,0
106336,2026,Fall,2268,1,ELENG,199,96,1.0,4.0,PNP,N,0
106336,2026,Fall,2268,1,ELENG,199,97,1.0,4.0,PNP,N,0
106336,2026,Fall,2268,1,ELENG,199,98,1.0,4.0,PNP,N,0
106336,2026,Fall,2268,1,ELENG,199,99,1.0,4.0,PNP,N,0
106342,2026,Fall,2268,1,ELENG,210,001,3.0,3.0,OPT,N,0
125753,2026,Fall,2268,1,ELENG,213A,001,4.0,4.0,OPT,Y,42
168552,2026,Fall,2268,1,ELENG,217B,101,4.0,4.0,OPT,N,0
168552,2026,Fall,2268,1,ELENG,217B,102,4.0,4.0,OPT,N,0
106349,2026,Fall,2268,1,ELENG,218A,001,4.0,4.0,OPT,Y,4
106355,2026,Fall,2268,1,ELENG,221A,001,4.0,4.0,OPT,Y,40
106360,2026,Fall,2268,1,ELENG,224A,001,4.0,4.0,OPT,N,31
106366,2026,Fall,2268,1,ELENG,225D,001,3.0,3.0,OPT,N,0
106368,2026,Fall,2268,1,ELENG,226A,001,4.0,4.0,OPT,Y,85
106373,2026,Fall,2268,1,ELENG,227BT,001,4.0,4.0,OPT,N,0
106378,2026,Fall,2268,1,ELENG,229A,001,3.0,3.0,OPT,Y,0
106381,2026,Fall,2268,1,ELENG,230A,001,4.0,4.0,OPT,Y,26
106382,2026,Fall,2268,1,ELENG,230B,001,4.0,4.0,OPT,N,0
106386,2026,Fall,2268,1,ELENG,232,001,4.0,4.0,OPT,Y,6
106388,2026,Fall,2268,1,ELENG,236A,001,3.0,3.0,OPT,Y,61
106395,2026,Fall,2268,1,ELENG,24,001,1.0,1.0,OPT,Y,0
106397,2026,Fall,2268,1,ELENG,240A,001,4.0,4.0,OPT,Y,29
106399,2026,Fall,2268,1,ELENG,240C,001,3.0,3.0,OPT,Y,51
106407,2026,Fall,2268,1,ELENG,242B,001,3.0,3.0,OPT,Y,0
106414,2026,Fall,2268,1,ELENG,247A,001,3.0,3.0,OPT,N,25
106417,2026,Fall,2268,1,ELENG,290,003,1.0,4.0,OPT,N,0
106417,2026,Fall,2268,1,ELENG,290,004,1.0,4.0,OPT,N,0
106417,2026,Fall,2268,1,ELENG,290,005,1.0,4.0,OPT,N,2
106417,2026,Fall,2268,1,ELENG,290,006,3.0,3.0,OPT,N,48
106417,2026,Fall,2268,1,ELENG,290,007,1.0,4.0,OPT,N,0
106417,2026,Fall,2268,1,ELENG,290,008,1.0,4.0,OPT,N,0
106417,2026,Fall,2268,1,ELENG,290,009,1.0,4.0,OPT,N,0
106417,2026,Fall,2268,1,ELENG,290,010,1.0,4.0,OPT,N,0
106417,2026,Fall,2268,1,ELENG,290,015,1.0,4.0,OPT,N,0
106417,2026,Fall,2268,1,ELENG,290,13,1.0,4.0,OPT,N,63
106417,2026,Fall,2268,1,ELENG,290,14,1.0,4.0,OPT,N,0
106417,2026,Fall,2268,1,ELENG,290,16,3.0,3.0,OPT,N,83
106417,2026,Fall,2268,1,ELENG,290,17,1.0,4.0,OPT,N,1
106417,2026,Fall,2268,1,ELENG,290,18,3.0,3.0,OPT,N,32
106417,2026,Fall,2268,1,ELENG,290,19,3.0,3.0,OPT,N,49
106417,2026,Fall,2268,1,ELENG,290,20,4.0,4.0,OPT,N,40
106417,2026,Fall,2268,1,ELENG,290,21,3.0,3.0,OPT,N,16
106448,2026,Fall,2268,1,ELENG,297,001,0.0,12.0,SUS,N,0
106448,2026,Fall,2268,1,ELENG,297,002,0.0,12.0,SUS,N,0
106448,2026,Fall,2268,1,ELENG,297,003,0.0,12.0,SUS,N,0
106449,2026,Fall,2268,1,ELENG,298,002,1.0,4.0,OPT,N,0
106449,2026,Fall,2268,1,ELENG,298,006,1.0,4.0,OPT,N,0
106449,2026,Fall,2268,1,ELENG,298,008,1.0,4.0,OPT,N,0
106449,2026,Fall,2268,1,ELENG,298,012,1.0,4.0,OPT,N,0
106449,2026,Fall,2268,1,ELENG,298,014,1.0,4.0,OPT,N,0
106449,2026,Fall,2268,1,ELENG,298,015,1.0,4.0,OPT,N,0
106450,2026,Fall,2268,1,ELENG,299,001,1.0,12.0,SUS,N,0
106450,2026,Fall,2268,1,ELENG,299,002,1.0,12.0,SUS,N,0
106450,2026,Fall,2268,1,ELENG,299,003,1.0,12.0,SUS,N,0
106450,2026,Fall,2268,1,ELENG,299,004,1.0,12.0,SUS,N,0
106450,2026,Fall,2268,1,ELENG,299,005,1.0,12.0,SUS,N,0
106450,2026,Fall,2268,1,ELENG,299,006,1.0,12.0,SUS,N,0
106450,2026,Fall,2268,1,ELENG,299,007,1.0,12.0,SUS,N,0
106450,2026,Fall,2268,1,ELENG,299,008,1.0,12.0,SUS,N,0
106450,2026,Fall,2268,1,ELENG,299,009,1.0,12.0,SUS,N,0
106450,2026,Fall,2268,1,ELENG,299,010,1.0,12.0,SUS,N,0
106450,2026,Fall,2268,1,ELENG,299,011,1.0,12.0,SUS,N,0
106450,2026,Fall,2268,1,ELENG,299,012,1.0,12.0,SUS,N,0
106450,2026,Fall,2268,1,ELENG,299,013,1.0,12.0,SUS,N,0
106450,2026,Fall,2268,1,ELENG,299,014,1.0,12.0,SUS,N,0
106450,2026,Fall,2268,1,ELENG,299,015,1.0,12.0,SUS,N,0
106450,2026,Fall,2268,1,ELENG,299,016,1.0,12.0,SUS,N,0
106450,2026,Fall,2268,1,ELENG,299,017,1.0,12.0,SUS,N,0
106450,2026,Fall,2268,1,ELENG,299,018,1.0,12.0,SUS,N,0
106450,2026,Fall,2268,1,ELENG,299,019,1.0,12.0,SUS,N,0
106450,2026,Fall,2268,1,ELENG,299,020,1.0,12.0,SUS,N,0
106450,2026,Fall,2268,1,ELENG,299,021,1.0,12.0,SUS,N,0
106450,2026,Fall,2268,1,ELENG,299,022,1.0,12.0,SUS,N,0
106450,2026,Fall,2268,1,ELENG,299,023,1.0,12.0,SUS,N,0
106450,2026,Fall,2268,1,ELENG,299,024,1.0,12.0,SUS,N,0
106450,2026,Fall,2268,1,ELENG,299,025,1.0,12.0,SUS,N,0
106450,2026,Fall,2268,1,ELENG,299,027,1.0,12.0,SUS,N,0
106450,2026,Fall,2268,1,ELENG,299,028,1.0,12.0,SUS,N,0
106450,2026,Fall,2268,1,ELENG,299,029,1.0,12.0,SUS,N,0
106450,2026,Fall,2268,1,ELENG,299,030,1.0,12.0,SUS,N,0
106450,2026,Fall,2268,1,ELENG,299,031,1.0,12.0,SUS,N,0
106450,2026,Fall,2268,1,ELENG,299,032,1.0,12.0,SUS,N,0
106450,2026,Fall,2268,1,ELENG,299,033,1.0,12.0,SUS,N,0
106450,2026,Fall,2268,1,ELENG,299,034,1.0,12.0,SUS,N,0
106450,2026,Fall,2268,1,ELENG,299,035,1.0,12.0,SUS,N,0
106450,2026,Fall,2268,1,ELENG,299,036,1.0,12.0,SUS,N,0
106450,2026,Fall,2268,1,ELENG,299,037,1.0,12.0,SUS,N,0
106450,2026,Fall,2268,1,ELENG,299,038,1.0,12.0,SUS,N,0
106450,2026,Fall,2268,1,ELENG,299,040,1.0,12.0,SUS,N,0
106450,2026,Fall,2268,1,ELENG,299,041,1.0,12.0,SUS,N,0
106450,2026,Fall,2268,1,ELENG,299,042,1.0,12.0,SUS,N,0
106450,2026,Fall,2268,1,ELENG,299,043,1.0,12.0,SUS,N,0
106450,2026,Fall,2268,1,ELENG,299,044,1.0,12.0,SUS,N,0
106450,2026,Fall,2268,1,ELENG,299,045,1.0,12.0,SUS,N,0
106450,2026,Fall,2268,1,ELENG,299,046,1.0,12.0,SUS,N,0
106450,2026,Fall,2268,1,ELENG,299,047,1.0,12.0,SUS,N,0
106450,2026,Fall,2268,1,ELENG,299,048,1.0,12.0,SUS,N,0
106450,2026,Fall,2268,1,ELENG,299,049,1.0,12.0,SUS,N,0
106450,2026,Fall,2268,1,ELENG,299,050,1.0,12.0,SUS,N,0
106450,2026,Fall,2268,1,ELENG,299,051,1.0,12.0,SUS,N,0
106450,2026,Fall,2268,1,ELENG,299,052,1.0,12.0,SUS,N,0
106450,2026,Fall,2268,1,ELENG,299,053,1.0,12.0,SUS,N,0
106450,2026,Fall,2268,1,ELENG,299,056,1.0,12.0,SUS,N,0
106450,2026,Fall,2268,1,ELENG,299,057,1.0,12.0,SUS,N,0
106450,2026,Fall,2268,1,ELENG,299,058,1.0,12.0,SUS,N,0
106450,2026,Fall,2268,1,ELENG,299,059,1.0,12.0,SUS,N,0
106450,2026,Fall,2268,1,ELENG,299,060,1.0,12.0,SUS,N,0
106450,2026,Fall,2268,1,ELENG,299,061,1.0,12.0,SUS,N,0
106450,2026,Fall,2268,1,ELENG,299,062,1.0,12.0,SUS,N,0
106450,2026,Fall,2268,1,ELENG,299,063,1.0,12.0,SUS,N,0
106450,2026,Fall,2268,1,ELENG,299,064,1.0,12.0,SUS,N,0
106450,2026,Fall,2268,1,ELENG,299,065,1.0,12.0,SUS,N,0
106450,2026,Fall,2268,1,ELENG,299,066,1.0,12.0,SUS,N,0
106450,2026,Fall,2268,1,ELENG,299,067,1.0,12.0,SUS,N,0
106450,2026,Fall,2268,1,ELENG,299,068,1.0,12.0,SUS,N,0
106450,2026,Fall,2268,1,ELENG,299,069,1.0,12.0,SUS,N,0
106450,2026,Fall,2268,1,ELENG,299,070,1.0,12.0,SUS,N,0
106450,2026,Fall,2268,1,ELENG,299,071,1.0,12.0,SUS,N,0
106450,2026,Fall,2268,1,ELENG,299,072,1.0,12.0,SUS,N,0
106450,2026,Fall,2268,1,ELENG,299,073,1.0,12.0,SUS,N,0
106450,2026,Fall,2268,1,ELENG,299,074,1.0,12.0,SUS,N,0
106450,2026,Fall,2268,1,ELENG,299,075,1.0,12.0,SUS,N,0
106450,2026,Fall,2268,1,ELENG,299,076,1.0,12.0,SUS,N,0
106450,2026,Fall,2268,1,ELENG,299,077,1.0,12.0,SUS,N,0
106450,2026,Fall,2268,1,ELENG,299,078,1.0,12.0,SUS,N,0
106450,2026,Fall,2268,1,ELENG,299,079,1.0,12.0,SUS,N,0
106450,2026,Fall,2268,1,ELENG,299,080,1.0,12.0,SUS,N,0
106450,2026,Fall,2268,1,ELENG,299,081,1.0,12.0,SUS,N,0
106450,2026,Fall,2268,1,ELENG,299,082,1.0,12.0,SUS,N,0
106450,2026,Fall,2268,1,ELENG,299,083,1.0,12.0,SUS,N,0
106450,2026,Fall,2268,1,ELENG,299,084,1.0,12.0,SUS,N,0
106450,2026,Fall,2268,1,ELENG,299,085,1.0,12.0,SUS,N,0
106450,2026,Fall,2268,1,ELENG,299,086,1.0,12.0,SUS,N,0
106450,2026,Fall,2268,1,ELENG,299,087,1.0,12.0,SUS,N,0
106450,2026,Fall,2268,1,ELENG,299,088,1.0,12.0,SUS,N,0
106450,2026,Fall,2268,1,ELENG,299,089,1.0,12.0,SUS,N,0
106450,2026,Fall,2268,1,ELENG,299,090,1.0,12.0,SUS,N,0
106450,2026,Fall,2268,1,ELENG,299,091,1.0,12.0,SUS,N,0
106450,2026,Fall,2268,1,ELENG,299,092,1.0,12.0,SUS,N,0
106450,2026,Fall,2268,1,ELENG,299,093,1.0,12.0,SUS,N,0
106450,2026,Fall,2268,1,ELENG,299,094,1.0,12.0,SUS,N,0
106450,2026,Fall,2268,1,ELENG,299,095,1.0,12.0,SUS,N,0
106450,2026,Fall,2268,1,ELENG,299,096,1.0,12.0,SUS,N,0
106450,2026,Fall,2268,1,ELENG,299,097,1.0,12.0,SUS,N,0
106450,2026,Fall,2268,1,ELENG,299,098,1.0,12.0,SUS,N,0
106450,2026,Fall,2268,1,ELENG,299,099,1.0,12.0,SUS,N,0
106450,2026,Fall,2268,1,ELENG,299,100,1.0,12.0,SUS,N,0
106450,2026,Fall,2268,1,ELENG,299,105,1.0,12.0,SUS,N,0
106450,2026,Fall,2268,1,ELENG,299,106,1.0,12.0,SUS,N,0
106450,2026,Fall,2268,1,ELENG,299,108,1.0,12.0,SUS,N,0
106450,2026,Fall,2268,1,ELENG,299,109,1.0,12.0,SUS,N,0
106450,2026,Fall,2268,1,ELENG,299,110,1.0,12.0,SUS,N,0
106450,2026,Fall,2268,1,ELENG,299,111,1.0,12.0,SUS,N,0
106450,2026,Fall,2268,1,ELENG,299,112,1.0,12.0,SUS,N,0
106450,2026,Fall,2268,1,ELENG,299,113,1.0,12.0,SUS,N,0
106450,2026,Fall,2268,1,ELENG,299,114,1.0,12.0,SUS,N,0
106450,2026,Fall,2268,1,ELENG,299,115,1.0,12.0,SUS,N,0
106450,2026,Fall,2268,1,ELENG,299,116,1.0,12.0,SUS,N,0
106450,2026,Fall,2268,1,ELENG,299,117,1.0,12.0,SUS,N,0
106450,2026,Fall,2268,1,ELENG,299,118,1.0,12.0,SUS,N,0
106450,2026,Fall,2268,1,ELENG,299,119,1.0,12.0,SUS,N,0
106450,2026,Fall,2268,1,ELENG,299,120,1.0,12.0,SUS,N,0
106450,2026,Fall,2268,1,ELENG,299,121,1.0,12.0,SUS,N,0
106450,2026,Fall,2268,1,ELENG,299,122,1.0,12.0,SUS,N,0
106450,2026,Fall,2268,1,ELENG,299,123,1.0,12.0,SUS,N,0
106450,2026,Fall,2268,1,ELENG,299,124,1.0,12.0,SUS,N,0
106450,2026,Fall,2268,1,ELENG,299,125,1.0,12.0,SUS,N,0
106450,2026,Fall,2268,1,ELENG,299,126,1.0,12.0,SUS,N,0
106450,2026,Fall,2268,1,ELENG,299,127,1.0,12.0,SUS,N,0
106450,2026,Fall,2268,1,ELENG,299,128,1.0,12.0,SUS,N,0
106450,2026,Fall,2268,1,ELENG,299,129,1.0,12.0,SUS,N,0
106450,2026,Fall,2268,1,ELENG,299,130,1.0,12.0,SUS,N,0
106453,2026,Fall,2268,1,ELENG,375,001,2.0,2.0,SUS,N,18
106454,2026,Fall,2268,1,ELENG,39,001,2.0,2.0,PNP,Y,196
106328,2026,Fall,2268,1,ELENG,64,001,4.0,4.0,OPT,Y,533
106327,2026,Fall,2268,1,ELENG,66,001,4.0,4.0,OPT,Y,760
106463,2026,Fall,2268,1,ELENG,84,001,1.0,2.0,OPT,Y,0
106466,2026,Fall,2268,1,ELENG,97,001,1.0,4.0,PNP,N,0
106466,2026,Fall,2268,1,ELENG,97,003,1.0,4.0,PNP,N,0
106468,2026,Fall,2268,1,ELENG,99,001,1.0,4.0,PNP,N,0
106468,2026,Fall,2268,1,ELENG,99,002,1.0,4.0,PNP,N,0
106468,2026,Fall,2268,1,ELENG,99,003,1.0,4.0,PNP,N,0
124472,2026,Fall,2268,1,ELENG,C145B,001,4.0,4.0,OPT,Y,67
124283,2026,Fall,2268,1,ELENG,C220A,001,3.0,3.0,OPT,Y,29
124281,2026,Fall,2268,1,ELENG,C220B,001,3.0,3.0,OPT,Y,30
123928,2026,Fall,2268,1,ELENG,C235,001,4.0,4.0,OPT,N,0
124401,2026,Fall,2268,1,ELENG,C247B,001,4.0,4.0,OPT,Y,0
124391,2026,Fall,2268,1,ELENG,C249A,001,4.0,4.0,OPT,Y,24
124467,2026,Fall,2268,1,ELENG,C261,001,4.0,4.0,OPT,Y,24
106469,2026,Fall,2268,1,ELENG,H196A,001,1.0,4.0,OPT,Y,0
106469,2026,Fall,2268,1,ELENG,H196A,002,1.0,4.0,OPT,Y,0
106469,2026,Fall,2268,1,ELENG,H196A,003,1.0,4.0,OPT,Y,0
106469,2026,Fall,2268,1,ELENG,H196A,004,1.0,4.0,OPT,Y,0
106469,2026,Fall,2268,1,ELENG,H196A,005,1.0,4.0,OPT,Y,0
106469,2026,Fall,2268,1,ELENG,H196A,006,1.0,4.0,OPT,Y,0
106469,2026,Fall,2268,1,ELENG,H196A,007,1.0,4.0,OPT,Y,0
106469,2026,Fall,2268,1,ELENG,H196A,008,1.0,4.0,OPT,Y,0
106469,2026,Fall,2268,1,ELENG,H196A,009,1.0,4.0,OPT,Y,0
106469,2026,Fall,2268,1,ELENG,H196A,010,1.0,4.0,OPT,Y,0
106469,2026,Fall,2268,1,ELENG,H196A,011,1.0,4.0,OPT,Y,0
106469,2026,Fall,2268,1,ELENG,H196A,012,1.0,4.0,OPT,Y,0
106469,2026,Fall,2268,1,ELENG,H196A,013,1.0,4.0,OPT,Y,0
106469,2026,Fall,2268,1,ELENG,H196A,014,1.0,4.0,OPT,Y,0
106529,2026,Fall,2268,1,ENERES,198,001,2.0,2.0,PNP,N,5
106530,2026,Fall,2268,1,ENERES,199,001,1.0,4.0,PNP,N,0
106530,2026,Fall,2268,1,ENERES,199,002,1.0,4.0,PNP,N,0
106530,2026,Fall,2268,1,ENERES,199,003,1.0,4.0,PNP,N,0
106530,2026,Fall,2268,1,ENERES,199,004,1.0,4.0,PNP,N,0
106530,2026,Fall,2268,1,ENERES,199,005,1.0,4.0,PNP,N,0
106530,2026,Fall,2268,1,ENERES,199,006,1.0,4.0,PNP,N,0
106530,2026,Fall,2268,1,ENERES,199,007,1.0,4.0,PNP,N,0
106530,2026,Fall,2268,1,ENERES,199,008,1.0,4.0,PNP,N,0
106530,2026,Fall,2268,1,ENERES,199,009,1.0,4.0,PNP,N,0
106530,2026,Fall,2268,1,ENERES,199,10,1.0,4.0,PNP,N,0
106530,2026,Fall,2268,1,ENERES,199,20,1.0,4.0,PNP,N,0
164120,2026,Fall,2268,1,ENERES,199S,001,1.0,4.0,PNP,A,0
106546,2026,Fall,2268,1,ENERES,273,001,3.0,3.0,OPT,N,0
125375,2026,Fall,2268,1,ENERES,276,001,4.0,4.0,OPT,Y,38
106551,2026,Fall,2268,1,ENERES,290,001,1.0,4.0,OPT,N,20
106551,2026,Fall,2268,1,ENERES,290,002,1.0,4.0,OPT,N,0
125771,2026,Fall,2268,1,ENERES,290A,002,3.0,3.0,OPT,N,0
125771,2026,Fall,2268,1,ENERES,290A,003,3.0,3.0,OPT,N,0
106533,2026,Fall,2268,1,ENERES,293A,001,3.0,3.0,OPT,N,23
106555,2026,Fall,2268,1,ENERES,293C,001,3.0,3.0,OPT,N,9
106557,2026,Fall,2268,1,ENERES,295,001,1.0,1.0,SUS,N,7
106557,2026,Fall,2268,1,ENERES,295,002,1.0,1.0,SUS,N,5
106558,2026,Fall,2268,1,ENERES,296,001,2.0,2.0,SUS,N,1
106559,2026,Fall,2268,1,ENERES,298,002,2.0,2.0,SUS,N,0
106559,2026,Fall,2268,1,ENERES,298,003,2.0,2.0,SUS,N,0
106559,2026,Fall,2268,1,ENERES,298,004,2.0,2.0,SUS,N,0
106559,2026,Fall,2268,1,ENERES,298,005,2.0,2.0,SUS,N,0
106559,2026,Fall,2268,1,ENERES,298,006,2.0,2.0,SUS,N,0
106559,2026,Fall,2268,1,ENERES,298,007,2.0,2.0,SUS,N,0
106559,2026,Fall,2268,1,ENERES,298,009,2.0,2.0,SUS,N,0
106559,2026,Fall,2268,1,ENERES,298,010,2.0,2.0,SUS,N,0
106559,2026,Fall,2268,1,ENERES,298,011,2.0,2.0,SUS,N,0
106559,2026,Fall,2268,1,ENERES,298,012,2.0,2.0,SUS,N,0
106559,2026,Fall,2268,1,ENERES,298,013,2.0,2.0,SUS,N,0
106559,2026,Fall,2268,1,ENERES,298,014,2.0,2.0,SUS,N,0
106561,2026,Fall,2268,1,ENERES,299,001,1.0,12.0,SUS,N,0
106561,2026,Fall,2268,1,ENERES,299,002,1.0,12.0,SUS,N,1
106561,2026,Fall,2268,1,ENERES,299,003,1.0,12.0,SUS,N,0
106561,2026,Fall,2268,1,ENERES,299,004,1.0,12.0,SUS,N,0
106561,2026,Fall,2268,1,ENERES,299,005,1.0,12.0,SUS,N,1
106561,2026,Fall,2268,1,ENERES,299,006,1.0,12.0,SUS,N,0
106561,2026,Fall,2268,1,ENERES,299,007,1.0,12.0,SUS,N,0
106561,2026,Fall,2268,1,ENERES,299,008,1.0,12.0,SUS,N,0
106561,2026,Fall,2268,1,ENERES,299,009,1.0,12.0,SUS,N,0
106561,2026,Fall,2268,1,ENERES,299,010,1.0,12.0,SUS,N,0
106561,2026,Fall,2268,1,ENERES,299,110,1.0,12.0,SUS,N,0
106566,2026,Fall,2268,1,ENERES,99,001,1.0,4.0,PNP,N,0
106566,2026,Fall,2268,1,ENERES,99,002,1.0,4.0,PNP,N,0
106566,2026,Fall,2268,1,ENERES,99,003,1.0,4.0,PNP,N,0
106566,2026,Fall,2268,1,ENERES,99,004,1.0,4.0,PNP,N,0
106566,2026,Fall,2268,1,ENERES,99,005,1.0,4.0,PNP,N,0
106566,2026,Fall,2268,1,ENERES,99,006,1.0,4.0,PNP,N,0
106566,2026,Fall,2268,1,ENERES,99,007,1.0,4.0,PNP,N,0
106566,2026,Fall,2268,1,ENERES,99,008,1.0,4.0,PNP,N,0
124156,2026,Fall,2268,1,ENERES,C100,001,4.0,4.0,OPT,Y,677
161608,2026,Fall,2268,1,ENERES,C124,001,4.0,4.0,OPT,N,0
125598,2026,Fall,2268,1,ENERES,C176,001,4.0,4.0,OPT,Y,364
124145,2026,Fall,2268,1,ENERES,C200,001,4.0,4.0,OPT,N,51
162815,2026,Fall,2268,1,ENERES,C223,001,4.0,4.0,OPT,N,13
163264,2026,Fall,2268,1,ENERES,C266,001,3.0,3.0,OPT,Y,0
106580,2026,Fall,2268,1,ENGIN,125,001,3.0,3.0,OPT,N,1942
161488,2026,Fall,2268,1,ENGIN,178,001,4.0,4.0,OPT,Y,443
110591,2026,Fall,2268,1,ENGIN,183,001,2.0,2.0,OPT,Y,557
110591,2026,Fall,2268,1,ENGIN,183,002,3.0,3.0,OPT,Y,286
110591,2026,Fall,2268,1,ENGIN,183,003,3.0,3.0,OPT,Y,4
110591,2026,Fall,2268,1,ENGIN,183,004,3.0,3.0,OPT,Y,308
110591,2026,Fall,2268,1,ENGIN,183,005,2.0,2.0,OPT,Y,451
110591,2026,Fall,2268,1,ENGIN,183,006,2.0,2.0,OPT,Y,396
110591,2026,Fall,2268,1,ENGIN,183,007,2.0,2.0,OPT,Y,191
124525,2026,Fall,2268,1,ENGIN,183A,001,1.0,1.0,PNP,A,321
110599,2026,Fall,2268,1,ENGIN,183B,001,2.0,2.0,OPT,A,272
110584,2026,Fall,2268,1,ENGIN,183C,001,4.0,4.0,OPT,A,330
110584,2026,Fall,2268,1,ENGIN,183C,002,4.0,4.0,OPT,A,258
110584,2026,Fall,2268,1,ENGIN,183C,003,4.0,4.0,OPT,A,213
110585,2026,Fall,2268,1,ENGIN,183D,001,3.0,3.0,OPT,A,384
110597,2026,Fall,2268,1,ENGIN,183E,001,3.0,3.0,OPT,A,194
168268,2026,Fall,2268,1,ENGIN,183G,001,3.0,3.0,OPT,A,13
165974,2026,Fall,2268,1,ENGIN,188,001,3.0,3.0,OPT,A,72
166751,2026,Fall,2268,1,ENGIN,189,001,3.0,3.0,OPT,A,144
106608,2026,Fall,2268,1,ENGIN,194,001,3.0,3.0,OPT,Y,26
106608,2026,Fall,2268,1,ENGIN,194,002,3.0,3.0,OPT,Y,8
106608,2026,Fall,2268,1,ENGIN,194,003,3.0,3.0,OPT,Y,8
106608,2026,Fall,2268,1,ENGIN,194,004,3.0,3.0,OPT,Y,6
161808,2026,Fall,2268,1,ENGIN,195A,001,1.0,3.0,PNP,N,0
161808,2026,Fall,2268,1,ENGIN,195A,002,1.0,3.0,PNP,N,0
161808,2026,Fall,2268,1,ENGIN,195A,003,1.0,3.0,PNP,N,0
161808,2026,Fall,2268,1,ENGIN,195A,004,1.0,3.0,PNP,N,0
161808,2026,Fall,2268,1,ENGIN,195A,005,1.0,3.0,PNP,N,0
161808,2026,Fall,2268,1,ENGIN,195A,006,1.0,3.0,PNP,N,0
161808,2026,Fall,2268,1,ENGIN,195A,007,1.0,3.0,PNP,N,0
161808,2026,Fall,2268,1,ENGIN,195A,008,1.0,3.0,PNP,N,0
161808,2026,Fall,2268,1,ENGIN,195A,009,1.0,3.0,PNP,N,0
161808,2026,Fall,2268,1,ENGIN,195A,010,1.0,3.0,PNP,N,0
161808,2026,Fall,2268,1,ENGIN,195A,011,1.0,3.0,PNP,N,0
161808,2026,Fall,2268,1,ENGIN,195A,012,1.0,3.0,PNP,N,0
106611,2026,Fall,2268,1,ENGIN,198,001,1.0,1.0,PNP,N,55
106611,2026,Fall,2268,1,ENGIN,198,002,2.0,2.0,PNP,N,86
106611,2026,Fall,2268,1,ENGIN,198,003,2.0,2.0,PNP,N,5
106611,2026,Fall,2268,1,ENGIN,198,004,1.0,1.0,PNP,N,39
106611,2026,Fall,2268,1,ENGIN,198,005,2.0,2.0,PNP,N,2
106611,2026,Fall,2268,1,ENGIN,198,006,2.0,2.0,PNP,N,5
106611,2026,Fall,2268,1,ENGIN,198,007,2.0,2.0,PNP,N,4
161359,2026,Fall,2268,1,ENGIN,202A,001,1.0,1.0,OPT,N,8
161369,2026,Fall,2268,1,ENGIN,210B,101,1.0,1.0,OPT,N,20
161380,2026,Fall,2268,1,ENGIN,222,001,1.0,1.0,OPT,N,4
106618,2026,Fall,2268,1,ENGIN,231,001,3.0,3.0,OPT,N,37
161395,2026,Fall,2268,1,ENGIN,235A,001,1.0,1.0,OPT,N,15
161394,2026,Fall,2268,1,ENGIN,236B,001,1.0,1.0,OPT,N,28
106620,2026,Fall,2268,1,ENGIN,24,001,1.0,1.0,PNP,Y,272
161382,2026,Fall,2268,1,ENGIN,241A,001,1.0,1.0,OPT,N,13
106627,2026,Fall,2268,1,ENGIN,26,001,2.0,2.0,OPT,Y,696
166750,2026,Fall,2268,1,ENGIN,264,001,1.0,1.0,OPT,N,6
125772,2026,Fall,2268,1,ENGIN,270A,001,1.0,1.0,OPT,N,39
125772,2026,Fall,2268,1,ENGIN,270A,002,1.0,1.0,OPT,N,22
125772,2026,Fall,2268,1,ENGIN,270A,003,1.0,1.0,OPT,N,17
125772,2026,Fall,2268,1,ENGIN,270A,004,1.0,1.0,OPT,N,9
125772,2026,Fall,2268,1,ENGIN,270A,005,1.0,1.0,OPT,N,11
125772,2026,Fall,2268,1,ENGIN,270A,006,1.0,1.0,OPT,N,9
125772,2026,Fall,2268,1,ENGIN,270A,007,1.0,1.0,OPT,N,8
125772,2026,Fall,2268,1,ENGIN,270A,008,1.0,1.0,OPT,N,11
125772,2026,Fall,2268,1,ENGIN,270A,009,1.0,1.0,OPT,N,7
125772,2026,Fall,2268,1,ENGIN,270A,010,1.0,1.0,OPT,N,7
125772,2026,Fall,2268,1,ENGIN,270A,011,1.0,1.0,OPT,N,7
125772,2026,Fall,2268,1,ENGIN,270A,012,1.0,1.0,OPT,N,7
125772,2026,Fall,2268,1,ENGIN,270A,013,1.0,1.0,OPT,N,6
125772,2026,Fall,2268,1,ENGIN,270A,014,1.0,1.0,OPT,N,9
125772,2026,Fall,2268,1,ENGIN,270A,015,1.0,1.0,OPT,N,5
125772,2026,Fall,2268,1,ENGIN,270A,016,1.0,1.0,OPT,N,7
125772,2026,Fall,2268,1,ENGIN,270A,017,1.0,1.0,OPT,N,9
125772,2026,Fall,2268,1,ENGIN,270A,018,1.0,1.0,OPT,N,9
125773,2026,Fall,2268,1,ENGIN,270B,001,1.0,1.0,OPT,N,15
125773,2026,Fall,2268,1,ENGIN,270B,002,1.0,1.0,OPT,N,9
125773,2026,Fall,2268,1,ENGIN,270B,003,1.0,1.0,OPT,N,7
125773,2026,Fall,2268,1,ENGIN,270B,004,1.0,1.0,OPT,N,8
125773,2026,Fall,2268,1,ENGIN,270B,005,1.0,1.0,OPT,N,6
125773,2026,Fall,2268,1,ENGIN,270B,006,1.0,1.0,OPT,N,6
125773,2026,Fall,2268,1,ENGIN,270B,007,1.0,1.0,OPT,N,6
125773,2026,Fall,2268,1,ENGIN,270B,008,1.0,1.0,OPT,N,5
125773,2026,Fall,2268,1,ENGIN,270B,009,1.0,1.0,OPT,N,4
125773,2026,Fall,2268,1,ENGIN,270B,010,1.0,1.0,OPT,N,6
125773,2026,Fall,2268,1,ENGIN,270B,011,1.0,1.0,OPT,N,3
125773,2026,Fall,2268,1,ENGIN,270B,012,1.0,1.0,OPT,N,6
125773,2026,Fall,2268,1,ENGIN,270B,013,1.0,1.0,OPT,N,13
125773,2026,Fall,2268,1,ENGIN,270B,014,1.0,1.0,OPT,N,3
125773,2026,Fall,2268,1,ENGIN,270B,015,1.0,1.0,OPT,N,4
125773,2026,Fall,2268,1,ENGIN,270B,016,1.0,1.0,OPT,N,6
125773,2026,Fall,2268,1,ENGIN,270B,017,1.0,1.0,OPT,N,2
125773,2026,Fall,2268,1,ENGIN,270B,018,1.0,1.0,OPT,N,6
125774,2026,Fall,2268,1,ENGIN,270C,001,1.0,1.0,OPT,N,31
125774,2026,Fall,2268,1,ENGIN,270C,002,1.0,1.0,OPT,N,15
125774,2026,Fall,2268,1,ENGIN,270C,003,1.0,1.0,OPT,N,9
125774,2026,Fall,2268,1,ENGIN,270C,004,1.0,1.0,OPT,N,8
125774,2026,Fall,2268,1,ENGIN,270C,005,1.0,1.0,OPT,N,11
125774,2026,Fall,2268,1,ENGIN,270C,006,1.0,1.0,OPT,N,8
125774,2026,Fall,2268,1,ENGIN,270C,007,1.0,1.0,OPT,N,6
125774,2026,Fall,2268,1,ENGIN,270C,008,1.0,1.0,OPT,N,8
125774,2026,Fall,2268,1,ENGIN,270C,009,1.0,1.0,OPT,N,7
125774,2026,Fall,2268,1,ENGIN,270C,010,1.0,1.0,OPT,N,3
125774,2026,Fall,2268,1,ENGIN,270C,011,1.0,1.0,OPT,N,3
125774,2026,Fall,2268,1,ENGIN,270C,012,1.0,1.0,OPT,N,8
125774,2026,Fall,2268,1,ENGIN,270C,013,1.0,1.0,OPT,N,8
125774,2026,Fall,2268,1,ENGIN,270C,014,1.0,1.0,OPT,N,3
125774,2026,Fall,2268,1,ENGIN,270C,015,1.0,1.0,OPT,N,9
160356,2026,Fall,2268,1,ENGIN,273,001,3.0,3.0,OPT,N,33
161400,2026,Fall,2268,1,ENGIN,281,001,1.0,1.0,OPT,N,8
161759,2026,Fall,2268,1,ENGIN,283,001,2.0,2.0,OPT,N,79
161759,2026,Fall,2268,1,ENGIN,283,002,3.0,3.0,OPT,N,42
161759,2026,Fall,2268,1,ENGIN,283,003,3.0,3.0,OPT,N,0
161759,2026,Fall,2268,1,ENGIN,283,004,3.0,3.0,OPT,N,31
161759,2026,Fall,2268,1,ENGIN,283,005,2.0,2.0,OPT,N,23
161759,2026,Fall,2268,1,ENGIN,283,006,2.0,2.0,OPT,N,42
161759,2026,Fall,2268,1,ENGIN,283,007,2.0,2.0,OPT,N,15
125392,2026,Fall,2268,1,ENGIN,283A,001,1.0,1.0,SUS,N,68
168195,2026,Fall,2268,1,ENGIN,283G,001,3.0,3.0,OPT,N,34
160358,2026,Fall,2268,1,ENGIN,29,001,4.0,4.0,OPT,A,355
106651,2026,Fall,2268,1,ENGIN,295,001,1.0,1.0,OPT,N,25
106651,2026,Fall,2268,1,ENGIN,295,002,1.0,1.0,OPT,N,11
106651,2026,Fall,2268,1,ENGIN,295,003,1.0,1.0,OPT,N,8
106651,2026,Fall,2268,1,ENGIN,295,004,1.0,1.0,OPT,N,5
106651,2026,Fall,2268,1,ENGIN,295,005,1.0,1.0,OPT,N,6
106651,2026,Fall,2268,1,ENGIN,295,006,1.0,1.0,OPT,N,6
106651,2026,Fall,2268,1,ENGIN,295,007,1.0,1.0,OPT,N,2
106651,2026,Fall,2268,1,ENGIN,295,008,1.0,1.0,OPT,N,4
106651,2026,Fall,2268,1,ENGIN,295,009,1.0,1.0,OPT,N,4
106651,2026,Fall,2268,1,ENGIN,295,010,1.0,1.0,OPT,N,0
106651,2026,Fall,2268,1,ENGIN,295,011,1.0,1.0,OPT,N,7
106651,2026,Fall,2268,1,ENGIN,295,012,1.0,1.0,OPT,N,5
106651,2026,Fall,2268,1,ENGIN,295,013,1.0,1.0,OPT,N,4
106651,2026,Fall,2268,1,ENGIN,295,014,1.0,1.0,OPT,N,4
106651,2026,Fall,2268,1,ENGIN,295,015,1.0,1.0,OPT,N,2
106651,2026,Fall,2268,1,ENGIN,295,016,1.0,1.0,OPT,N,4
106651,2026,Fall,2268,1,ENGIN,295,017,1.0,1.0,OPT,N,5
106651,2026,Fall,2268,1,ENGIN,295,018,1.0,1.0,OPT,N,4
106653,2026,Fall,2268,1,ENGIN,296MA,001,1.0,12.0,BMT,N,0
106653,2026,Fall,2268,1,ENGIN,296MA,002,1.0,12.0,BMT,N,0
106653,2026,Fall,2268,1,ENGIN,296MA,003,1.0,12.0,BMT,N,0
106653,2026,Fall,2268,1,ENGIN,296MA,004,1.0,12.0,BMT,N,0
106653,2026,Fall,2268,1,ENGIN,296MA,005,1.0,12.0,BMT,N,0
106653,2026,Fall,2268,1,ENGIN,296MA,006,1.0,12.0,BMT,N,0
106653,2026,Fall,2268,1,ENGIN,296MA,007,1.0,12.0,BMT,N,0
106653,2026,Fall,2268,1,ENGIN,296MA,008,1.0,12.0,BMT,N,0
106653,2026,Fall,2268,1,ENGIN,296MA,009,1.0,12.0,BMT,N,0
106653,2026,Fall,2268,1,ENGIN,296MA,010,1.0,12.0,BMT,N,0
106653,2026,Fall,2268,1,ENGIN,296MA,011,1.0,12.0,BMT,N,0
106653,2026,Fall,2268,1,ENGIN,296MA,012,1.0,12.0,BMT,N,0
106653,2026,Fall,2268,1,ENGIN,296MA,013,1.0,12.0,BMT,N,0
106653,2026,Fall,2268,1,ENGIN,296MA,014,1.0,12.0,BMT,N,0
106653,2026,Fall,2268,1,ENGIN,296MA,015,1.0,12.0,BMT,N,0
106653,2026,Fall,2268,1,ENGIN,296MA,016,1.0,12.0,BMT,N,0
106653,2026,Fall,2268,1,ENGIN,296MA,017,1.0,12.0,BMT,N,0
106653,2026,Fall,2268,1,ENGIN,296MA,018,1.0,12.0,BMT,N,0
106653,2026,Fall,2268,1,ENGIN,296MA,019,1.0,12.0,BMT,N,0
106653,2026,Fall,2268,1,ENGIN,296MA,020,1.0,12.0,BMT,N,0
106653,2026,Fall,2268,1,ENGIN,296MA,021,1.0,12.0,BMT,N,0
106653,2026,Fall,2268,1,ENGIN,296MA,022,1.0,12.0,BMT,N,0
106653,2026,Fall,2268,1,ENGIN,296MA,023,1.0,12.0,BMT,N,0
106653,2026,Fall,2268,1,ENGIN,296MA,024,1.0,12.0,BMT,N,0
106653,2026,Fall,2268,1,ENGIN,296MA,025,1.0,12.0,BMT,N,0
106653,2026,Fall,2268,1,ENGIN,296MA,026,1.0,12.0,BMT,N,0
106653,2026,Fall,2268,1,ENGIN,296MA,027,1.0,12.0,BMT,N,0
106653,2026,Fall,2268,1,ENGIN,296MA,028,1.0,12.0,BMT,N,0
106653,2026,Fall,2268,1,ENGIN,296MA,029,1.0,12.0,BMT,N,0
106653,2026,Fall,2268,1,ENGIN,296MA,030,1.0,12.0,BMT,N,0
106653,2026,Fall,2268,1,ENGIN,296MA,031,1.0,12.0,BMT,N,0
106653,2026,Fall,2268,1,ENGIN,296MA,032,1.0,12.0,BMT,N,0
106653,2026,Fall,2268,1,ENGIN,296MA,033,1.0,12.0,BMT,N,0
106653,2026,Fall,2268,1,ENGIN,296MA,034,1.0,12.0,BMT,N,0
106653,2026,Fall,2268,1,ENGIN,296MA,035,1.0,12.0,BMT,N,0
106653,2026,Fall,2268,1,ENGIN,296MA,036,1.0,12.0,BMT,N,0
106653,2026,Fall,2268,1,ENGIN,296MA,037,1.0,12.0,BMT,N,0
106653,2026,Fall,2268,1,ENGIN,296MA,038,1.0,12.0,BMT,N,0
106653,2026,Fall,2268,1,ENGIN,296MA,039,1.0,12.0,BMT,N,0
106653,2026,Fall,2268,1,ENGIN,296MA,040,1.0,12.0,BMT,N,0
106653,2026,Fall,2268,1,ENGIN,296MA,041,1.0,12.0,BMT,N,0
106653,2026,Fall,2268,1,ENGIN,296MA,042,1.0,12.0,BMT,N,0
106653,2026,Fall,2268,1,ENGIN,296MA,043,1.0,12.0,BMT,N,0
106653,2026,Fall,2268,1,ENGIN,296MA,044,1.0,12.0,BMT,N,0
106653,2026,Fall,2268,1,ENGIN,296MA,045,1.0,12.0,BMT,N,0
106653,2026,Fall,2268,1,ENGIN,296MA,046,1.0,12.0,BMT,N,0
106653,2026,Fall,2268,1,ENGIN,296MA,047,1.0,12.0,BMT,N,0
106653,2026,Fall,2268,1,ENGIN,296MA,048,1.0,12.0,BMT,N,0
106653,2026,Fall,2268,1,ENGIN,296MA,049,1.0,12.0,BMT,N,0
106653,2026,Fall,2268,1,ENGIN,296MA,050,1.0,12.0,BMT,N,0
106653,2026,Fall,2268,1,ENGIN,296MA,051,1.0,12.0,BMT,N,0
106653,2026,Fall,2268,1,ENGIN,296MA,052,1.0,12.0,BMT,N,0
161404,2026,Fall,2268,1,ENGIN,296MS,001,2.0,2.0,OPT,N,2
158403,2026,Fall,2268,1,ENGIN,298,001,1.0,1.0,SUS,N,28
154545,2026,Fall,2268,1,ENGIN,40,001,4.0,4.0,OPT,Y,226
106696,2026,Fall,2268,1,ENGIN,7,001,4.0,4.0,OPT,Y,1179
106702,2026,Fall,2268,1,ENGIN,92,001,1.0,1.0,PNP,N,169
106703,2026,Fall,2268,1,ENGIN,93,001,1.0,1.0,PNP,N,89
161134,2026,Fall,2268,1,ENGLISH,100,001,4.0,4.0,OPT,A,102
161134,2026,Fall,2268,1,ENGLISH,100,002,4.0,4.0,OPT,A,54
161134,2026,Fall,2268,1,ENGLISH,100,004,4.0,4.0,OPT,A,49
161134,2026,Fall,2268,1,ENGLISH,100,005,4.0,4.0,OPT,A,52
161134,2026,Fall,2268,1,ENGLISH,100,006,4.0,4.0,OPT,A,76
161134,2026,Fall,2268,1,ENGLISH,100,007,4.0,4.0,OPT,A,43
161134,2026,Fall,2268,1,ENGLISH,100,008,4.0,4.0,OPT,A,58
161134,2026,Fall,2268,1,ENGLISH,100,010,4.0,4.0,OPT,A,58
161134,2026,Fall,2268,1,ENGLISH,100,011,4.0,4.0,OPT,A,55
106721,2026,Fall,2268,1,ENGLISH,104,001,4.0,4.0,OPT,Y,64
106729,2026,Fall,2268,1,ENGLISH,110,001,4.0,4.0,OPT,Y,99
106733,2026,Fall,2268,1,ENGLISH,112,001,4.0,4.0,OPT,Y,48
106737,2026,Fall,2268,1,ENGLISH,115B,001,4.0,4.0,OPT,Y,118
106744,2026,Fall,2268,1,ENGLISH,117S,001,4.0,4.0,OPT,Y,175
106746,2026,Fall,2268,1,ENGLISH,118,001,4.0,4.0,OPT,Y,2
106752,2026,Fall,2268,1,ENGLISH,125A,001,4.0,4.0,OPT,Y,114
106754,2026,Fall,2268,1,ENGLISH,125C,001,4.0,4.0,OPT,Y,111
106755,2026,Fall,2268,1,ENGLISH,125D,001,4.0,4.0,OPT,Y,60
106764,2026,Fall,2268,1,ENGLISH,131,001,4.0,4.0,OPT,Y,71
106780,2026,Fall,2268,1,ENGLISH,141,001,4.0,4.0,OPT,N,198
106783,2026,Fall,2268,1,ENGLISH,143A,001,4.0,4.0,OPT,N,353
106783,2026,Fall,2268,1,ENGLISH,143A,002,4.0,4.0,OPT,N,260
106783,2026,Fall,2268,1,ENGLISH,143A,003,4.0,4.0,OPT,N,127
106783,2026,Fall,2268,1,ENGLISH,143A,004,4.0,4.0,OPT,N,12
106784,2026,Fall,2268,1,ENGLISH,143B,001,4.0,4.0,OPT,N,251
106785,2026,Fall,2268,1,ENGLISH,143C,001,4.0,4.0,OPT,N,470
106788,2026,Fall,2268,1,ENGLISH,143N,001,4.0,4.0,OPT,N,126
158796,2026,Fall,2268,1,ENGLISH,145,001,4.0,4.0,OPT,A,550
106806,2026,Fall,2268,1,ENGLISH,166,001,4.0,4.0,OPT,Y,88
106806,2026,Fall,2268,1,ENGLISH,166,002,4.0,4.0,OPT,Y,130
106807,2026,Fall,2268,1,ENGLISH,166AC,001,4.0,4.0,OPT,Y,496
106815,2026,Fall,2268,1,ENGLISH,174,001,4.0,4.0,OPT,Y,117
106815,2026,Fall,2268,1,ENGLISH,174,002,4.0,4.0,OPT,Y,116
106817,2026,Fall,2268,1,ENGLISH,176,001,4.0,4.0,OPT,Y,496
106818,2026,Fall,2268,1,ENGLISH,177,001,4.0,4.0,OPT,Y,0
106824,2026,Fall,2268,1,ENGLISH,180E,001,4.0,4.0,OPT,Y,98
106833,2026,Fall,2268,1,ENGLISH,190,001,4.0,4.0,OPT,N,45
106833,2026,Fall,2268,1,ENGLISH,190,002,4.0,4.0,OPT,N,34
106833,2026,Fall,2268,1,ENGLISH,190,003,4.0,4.0,OPT,N,44
106833,2026,Fall,2268,1,ENGLISH,190,004,4.0,4.0,OPT,N,30
106833,2026,Fall,2268,1,ENGLISH,190,007,4.0,4.0,OPT,N,47
106833,2026,Fall,2268,1,ENGLISH,190,008,4.0,4.0,OPT,N,26
106833,2026,Fall,2268,1,ENGLISH,190,009,4.0,4.0,OPT,N,46
106838,2026,Fall,2268,1,ENGLISH,198BC,001,1.0,1.0,PNP,N,38
106838,2026,Fall,2268,1,ENGLISH,198BC,003,1.0,1.0,PNP,N,22
106838,2026,Fall,2268,1,ENGLISH,198BC,004,1.0,1.0,PNP,N,27
106838,2026,Fall,2268,1,ENGLISH,198BC,005,1.0,1.0,PNP,N,32
106839,2026,Fall,2268,1,ENGLISH,199,001,1.0,4.0,PNP,N,6
106839,2026,Fall,2268,1,ENGLISH,199,002,1.0,4.0,PNP,N,0
106839,2026,Fall,2268,1,ENGLISH,199,003,1.0,4.0,PNP,N,0
106839,2026,Fall,2268,1,ENGLISH,199,004,1.0,4.0,PNP,N,0
106839,2026,Fall,2268,1,ENGLISH,199,005,1.0,4.0,PNP,N,0
106839,2026,Fall,2268,1,ENGLISH,199,006,1.0,4.0,PNP,N,0
106839,2026,Fall,2268,1,ENGLISH,199,007,1.0,4.0,PNP,N,0
106839,2026,Fall,2268,1,ENGLISH,199,008,1.0,4.0,PNP,N,0
106842,2026,Fall,2268,1,ENGLISH,200,001,4.0,4.0,OPT,N,36
106843,2026,Fall,2268,1,ENGLISH,201A,001,4.0,4.0,OPT,N,17
106846,2026,Fall,2268,1,ENGLISH,203,001,4.0,4.0,OPT,N,54
106846,2026,Fall,2268,1,ENGLISH,203,002,4.0,4.0,OPT,N,30
106857,2026,Fall,2268,1,ENGLISH,218,001,4.0,4.0,OPT,N,16
106859,2026,Fall,2268,1,ENGLISH,24,001,1.0,1.0,PNP,Y,282
106859,2026,Fall,2268,1,ENGLISH,24,002,1.0,1.0,PNP,Y,178
106861,2026,Fall,2268,1,ENGLISH,243B,001,4.0,4.0,OPT,N,59
106879,2026,Fall,2268,1,ENGLISH,250,001,4.0,4.0,OPT,N,16
106879,2026,Fall,2268,1,ENGLISH,250,002,4.0,4.0,OPT,N,28
106890,2026,Fall,2268,1,ENGLISH,298,001,1.0,4.0,OPT,N,0
106890,2026,Fall,2268,1,ENGLISH,298,002,1.0,4.0,OPT,N,0
106890,2026,Fall,2268,1,ENGLISH,298,003,1.0,4.0,OPT,N,0
106890,2026,Fall,2268,1,ENGLISH,298,004,1.0,4.0,OPT,N,0
106890,2026,Fall,2268,1,ENGLISH,298,005,1.0,4.0,OPT,N,0
106890,2026,Fall,2268,1,ENGLISH,298,006,1.0,4.0,OPT,N,0
106890,2026,Fall,2268,1,ENGLISH,298,007,1.0,4.0,OPT,N,0
106890,2026,Fall,2268,1,ENGLISH,298,008,1.0,4.0,OPT,N,0
106891,2026,Fall,2268,1,ENGLISH,299,001,1.0,12.0,SUS,N,6
106891,2026,Fall,2268,1,ENGLISH,299,002,1.0,12.0,SUS,N,8
106891,2026,Fall,2268,1,ENGLISH,299,003,1.0,12.0,SUS,N,1
106891,2026,Fall,2268,1,ENGLISH,299,004,1.0,12.0,SUS,N,1
106891,2026,Fall,2268,1,ENGLISH,299,005,1.0,12.0,SUS,N,1
106891,2026,Fall,2268,1,ENGLISH,299,006,1.0,12.0,SUS,N,1
106891,2026,Fall,2268,1,ENGLISH,299,007,1.0,12.0,SUS,N,0
106891,2026,Fall,2268,1,ENGLISH,299,008,1.0,12.0,SUS,N,1
106891,2026,Fall,2268,1,ENGLISH,299,009,1.0,12.0,SUS,N,0
106891,2026,Fall,2268,1,ENGLISH,299,010,1.0,12.0,SUS,N,3
106891,2026,Fall,2268,1,ENGLISH,299,011,1.0,12.0,SUS,N,0
106891,2026,Fall,2268,1,ENGLISH,299,012,1.0,12.0,SUS,N,0
106891,2026,Fall,2268,1,ENGLISH,299,013,1.0,12.0,SUS,N,0
106891,2026,Fall,2268,1,ENGLISH,299,014,1.0,12.0,SUS,N,0
106891,2026,Fall,2268,1,ENGLISH,299,015,1.0,12.0,SUS,N,0
106891,2026,Fall,2268,1,ENGLISH,299,016,1.0,12.0,SUS,N,1
106891,2026,Fall,2268,1,ENGLISH,299,017,1.0,12.0,SUS,N,0
106891,2026,Fall,2268,1,ENGLISH,299,018,1.0,12.0,SUS,N,0
106891,2026,Fall,2268,1,ENGLISH,299,019,1.0,12.0,SUS,N,0
106891,2026,Fall,2268,1,ENGLISH,299,020,1.0,12.0,SUS,N,0
106891,2026,Fall,2268,1,ENGLISH,299,021,1.0,12.0,SUS,N,0
106891,2026,Fall,2268,1,ENGLISH,299,022,1.0,12.0,SUS,N,1
106891,2026,Fall,2268,1,ENGLISH,299,023,1.0,12.0,SUS,N,1
106891,2026,Fall,2268,1,ENGLISH,299,024,1.0,12.0,SUS,N,0
106891,2026,Fall,2268,1,ENGLISH,299,025,1.0,12.0,SUS,N,1
106891,2026,Fall,2268,1,ENGLISH,299,026,1.0,12.0,SUS,N,0
106891,2026,Fall,2268,1,ENGLISH,299,027,1.0,12.0,SUS,N,1
106891,2026,Fall,2268,1,ENGLISH,299,028,1.0,12.0,SUS,N,0
106891,2026,Fall,2268,1,ENGLISH,299,029,1.0,12.0,SUS,N,0
106891,2026,Fall,2268,1,ENGLISH,299,30,1.0,12.0,SUS,N,0
106910,2026,Fall,2268,1,ENGLISH,375,001,3.0,3.0,SUS,N,37
106950,2026,Fall,2268,1,ENGLISH,45A,001,4.0,4.0,OPT,Y,407
106951,2026,Fall,2268,1,ENGLISH,45B,001,4.0,4.0,OPT,Y,267
106952,2026,Fall,2268,1,ENGLISH,45C,001,4.0,4.0,OPT,Y,363
106957,2026,Fall,2268,1,ENGLISH,602,001,1.0,12.0,SUS,N,0
161139,2026,Fall,2268,1,ENGLISH,90,001,4.0,4.0,OPT,A,227
161139,2026,Fall,2268,1,ENGLISH,90,002,4.0,4.0,OPT,A,162
161139,2026,Fall,2268,1,ENGLISH,90,003,4.0,4.0,OPT,A,236
161139,2026,Fall,2268,1,ENGLISH,90,004,4.0,4.0,OPT,A,115
161139,2026,Fall,2268,1,ENGLISH,90,005,4.0,4.0,OPT,A,101
161139,2026,Fall,2268,1,ENGLISH,90,006,4.0,4.0,OPT,A,131
161139,2026,Fall,2268,1,ENGLISH,90,009,4.0,4.0,OPT,A,141
161139,2026,Fall,2268,1,ENGLISH,90,010,4.0,4.0,OPT,A,177
161139,2026,Fall,2268,1,ENGLISH,90,011,4.0,4.0,OPT,A,73
106965,2026,Fall,2268,1,ENGLISH,98BC,001,1.0,1.0,PNP,N,71
106965,2026,Fall,2268,1,ENGLISH,98BC,003,1.0,1.0,PNP,N,42
106966,2026,Fall,2268,1,ENGLISH,99,001,1.0,4.0,PNP,N,34
106967,2026,Fall,2268,1,ENGLISH,H195A,001,4.0,4.0,BMT,N,48
106967,2026,Fall,2268,1,ENGLISH,H195A,002,4.0,4.0,BMT,N,31
168269,2026,Fall,2268,1,ENGLISH,R17,001,4.0,4.0,GRD,N,471
107021,2026,Fall,2268,1,ENGLISH,R1A,001,4.0,4.0,GRD,N,1023
107021,2026,Fall,2268,1,ENGLISH,R1A,002,4.0,4.0,GRD,N,495
107021,2026,Fall,2268,1,ENGLISH,R1A,003,4.0,4.0,GRD,N,332
107021,2026,Fall,2268,1,ENGLISH,R1A,004,4.0,4.0,GRD,N,357
107021,2026,Fall,2268,1,ENGLISH,R1A,005,4.0,4.0,GRD,N,490
107021,2026,Fall,2268,1,ENGLISH,R1A,006,4.0,4.0,GRD,N,361
107021,2026,Fall,2268,1,ENGLISH,R1A,007,4.0,4.0,GRD,N,470
107021,2026,Fall,2268,1,ENGLISH,R1A,008,4.0,4.0,GRD,N,199
107021,2026,Fall,2268,1,ENGLISH,R1A,009,4.0,4.0,GRD,N,517
107021,2026,Fall,2268,1,ENGLISH,R1A,010,4.0,4.0,GRD,N,252
107021,2026,Fall,2268,1,ENGLISH,R1A,011,4.0,4.0,GRD,N,412
107021,2026,Fall,2268,1,ENGLISH,R1A,012,4.0,4.0,GRD,N,251
107021,2026,Fall,2268,1,ENGLISH,R1A,013,4.0,4.0,GRD,N,244
107021,2026,Fall,2268,1,ENGLISH,R1A,014,4.0,4.0,GRD,N,280
107021,2026,Fall,2268,1,ENGLISH,R1A,015,4.0,4.0,GRD,N,48
107023,2026,Fall,2268,1,ENGLISH,R1B,001,4.0,4.0,GRD,N,539
107023,2026,Fall,2268,1,ENGLISH,R1B,002,4.0,4.0,GRD,N,394
107023,2026,Fall,2268,1,ENGLISH,R1B,003,4.0,4.0,GRD,N,118
107023,2026,Fall,2268,1,ENGLISH,R1B,004,4.0,4.0,GRD,N,125
107023,2026,Fall,2268,1,ENGLISH,R1B,005,4.0,4.0,GRD,N,116
107023,2026,Fall,2268,1,ENGLISH,R1B,006,4.0,4.0,GRD,N,747
107023,2026,Fall,2268,1,ENGLISH,R1B,007,4.0,4.0,GRD,N,300
107023,2026,Fall,2268,1,ENGLISH,R1B,008,4.0,4.0,GRD,N,123
107023,2026,Fall,2268,1,ENGLISH,R1B,009,4.0,4.0,GRD,N,487
107023,2026,Fall,2268,1,ENGLISH,R1B,010,4.0,4.0,GRD,N,268
107023,2026,Fall,2268,1,ENGLISH,R1B,011,4.0,4.0,GRD,N,58
107023,2026,Fall,2268,1,ENGLISH,R1B,012,4.0,4.0,GRD,N,38
107129,2026,Fall,2268,1,ENVDES,1,001,3.0,3.0,OPT,Y,766
107135,2026,Fall,2268,1,ENVDES,102,001,3.0,3.0,OPT,A,187
147915,2026,Fall,2268,1,ENVDES,104,001,3.0,3.0,OPT,Y,0
160355,2026,Fall,2268,1,ENVDES,11,001,3.0,3.0,OPT,A,26
160098,2026,Fall,2268,1,ENVDES,131,001,3.0,3.0,OPT,A,0
107154,2026,Fall,2268,1,ENVDES,195A,001,3.0,3.0,OPT,N,0
107155,2026,Fall,2268,1,ENVDES,195B,001,3.0,3.0,OPT,N,0
125376,2026,Fall,2268,1,ENVDES,199,001,1.0,4.0,PNP,N,0
125376,2026,Fall,2268,1,ENVDES,199,002,1.0,4.0,PNP,N,0
125376,2026,Fall,2268,1,ENVDES,199,003,1.0,4.0,PNP,N,0
125376,2026,Fall,2268,1,ENVDES,199,004,1.0,4.0,PNP,N,0
125376,2026,Fall,2268,1,ENVDES,199,005,1.0,4.0,PNP,N,0
125376,2026,Fall,2268,1,ENVDES,199,006,1.0,4.0,PNP,N,0
125376,2026,Fall,2268,1,ENVDES,199,007,1.0,4.0,PNP,N,0
125376,2026,Fall,2268,1,ENVDES,199,008,1.0,4.0,PNP,N,0
125376,2026,Fall,2268,1,ENVDES,199,009,1.0,4.0,PNP,N,0
125376,2026,Fall,2268,1,ENVDES,199,10,1.0,4.0,PNP,N,0
125376,2026,Fall,2268,1,ENVDES,199,11,1.0,4.0,PNP,N,0
162109,2026,Fall,2268,1,ENVDES,202,001,5.0,5.0,OPT,N,11
107162,2026,Fall,2268,1,ENVDES,252,001,3.0,3.0,OPT,N,10
168509,2026,Fall,2268,1,ENVDES,290,001,1.0,3.0,OPT,N,3
163470,2026,Fall,2268,1,ENVDES,399,001,1.0,3.0,SUS,N,0
163306,2026,Fall,2268,1,ENVDES,C297,101,3.0,4.0,SUS,N,8
107181,2026,Fall,2268,1,ENVECON,100,001,4.0,4.0,OPT,Y,432
107189,2026,Fall,2268,1,ENVECON,143,001,4.0,4.0,OPT,Y,0
107190,2026,Fall,2268,1,ENVECON,145,001,4.0,4.0,OPT,Y,0
166756,2026,Fall,2268,1,ENVECON,150,001,3.0,3.0,PNP,A,154
107192,2026,Fall,2268,1,ENVECON,152,001,3.0,3.0,OPT,Y,0
107193,2026,Fall,2268,1,ENVECON,153,001,3.0,3.0,OPT,Y,0
107195,2026,Fall,2268,1,ENVECON,161,001,4.0,4.0,OPT,Y,0
160153,2026,Fall,2268,1,ENVECON,185,001,2.0,2.0,OPT,A,614
107197,2026,Fall,2268,1,ENVECON,195,001,4.0,4.0,OPT,N,0
107197,2026,Fall,2268,1,ENVECON,195,002,4.0,4.0,OPT,N,0
107197,2026,Fall,2268,1,ENVECON,195,003,4.0,4.0,OPT,N,0
107197,2026,Fall,2268,1,ENVECON,195,004,4.0,4.0,OPT,N,0
107197,2026,Fall,2268,1,ENVECON,195,005,4.0,4.0,OPT,N,0
107197,2026,Fall,2268,1,ENVECON,195,006,4.0,4.0,OPT,N,0
107199,2026,Fall,2268,1,ENVECON,197,001,1.0,4.0,PNP,N,0
107199,2026,Fall,2268,1,ENVECON,197,002,1.0,4.0,PNP,N,0
107199,2026,Fall,2268,1,ENVECON,197,003,1.0,4.0,PNP,N,0
107199,2026,Fall,2268,1,ENVECON,197,004,1.0,4.0,PNP,N,0
107199,2026,Fall,2268,1,ENVECON,197,005,1.0,4.0,PNP,N,0
107199,2026,Fall,2268,1,ENVECON,197,006,1.0,4.0,PNP,N,0
107201,2026,Fall,2268,1,ENVECON,199,001,1.0,4.0,PNP,N,0
107201,2026,Fall,2268,1,ENVECON,199,002,1.0,4.0,PNP,N,0
107201,2026,Fall,2268,1,ENVECON,199,003,1.0,4.0,PNP,N,0
107201,2026,Fall,2268,1,ENVECON,199,005,1.0,4.0,PNP,N,0
107201,2026,Fall,2268,1,ENVECON,199,007,1.0,4.0,PNP,N,0
107201,2026,Fall,2268,1,ENVECON,199,008,1.0,4.0,PNP,N,0
107201,2026,Fall,2268,1,ENVECON,199,009,1.0,4.0,PNP,N,0
107201,2026,Fall,2268,1,ENVECON,199,010,1.0,4.0,PNP,N,0
107201,2026,Fall,2268,1,ENVECON,199,011,1.0,4.0,PNP,N,0
107201,2026,Fall,2268,1,ENVECON,199,012,1.0,4.0,PNP,N,0
107201,2026,Fall,2268,1,ENVECON,199,013,1.0,4.0,PNP,N,0
107201,2026,Fall,2268,1,ENVECON,199,014,1.0,4.0,PNP,N,0
107201,2026,Fall,2268,1,ENVECON,199,015,1.0,4.0,PNP,N,0
107201,2026,Fall,2268,1,ENVECON,199,20,1.0,4.0,PNP,N,0
107201,2026,Fall,2268,1,ENVECON,199,21,1.0,4.0,PNP,N,0
107201,2026,Fall,2268,1,ENVECON,199,22,1.0,4.0,PNP,N,0
107201,2026,Fall,2268,1,ENVECON,199,23,1.0,4.0,PNP,N,0
107201,2026,Fall,2268,1,ENVECON,199,24,1.0,4.0,PNP,N,0
107201,2026,Fall,2268,1,ENVECON,199,25,1.0,4.0,PNP,N,0
107201,2026,Fall,2268,1,ENVECON,199,26,1.0,4.0,PNP,N,0
164116,2026,Fall,2268,1,ENVECON,199S,001,1.0,4.0,PNP,A,0
107208,2026,Fall,2268,1,ENVECON,39D,001,1.5,4.0,OPT,Y,0
123916,2026,Fall,2268,1,ENVECON,C1,001,4.0,4.0,OPT,Y,520
124287,2026,Fall,2268,1,ENVECON,C101,001,4.0,4.0,OPT,Y,318
123890,2026,Fall,2268,1,ENVECON,C118,001,4.0,4.0,OPT,Y,278
159970,2026,Fall,2268,1,ENVECON,C132,001,4.0,4.0,OPT,Y,1
123919,2026,Fall,2268,1,ENVECON,C151,001,4.0,4.0,OPT,Y,276
124034,2026,Fall,2268,1,ENVECON,C175,001,4.0,4.0,OPT,Y,0
125598,2026,Fall,2268,1,ENVECON,C176,001,4.0,4.0,OPT,Y,818
124120,2026,Fall,2268,1,ENVECON,C181,001,4.0,4.0,OPT,Y,316
164431,2026,Fall,2268,1,ENVECON,C188,001,3.0,3.0,OPT,Y,0
107233,2026,Fall,2268,1,ENVECON,H196,001,4.0,4.0,OPT,N,0
107233,2026,Fall,2268,1,ENVECON,H196,002,4.0,4.0,OPT,N,0
107233,2026,Fall,2268,1,ENVECON,H196,003,4.0,4.0,OPT,N,0
107233,2026,Fall,2268,1,ENVECON,H196,004,4.0,4.0,OPT,N,0
107233,2026,Fall,2268,1,ENVECON,H196,005,4.0,4.0,OPT,N,0
107233,2026,Fall,2268,1,ENVECON,H196,006,4.0,4.0,OPT,N,0
107233,2026,Fall,2268,1,ENVECON,H196,007,4.0,4.0,OPT,N,0
107233,2026,Fall,2268,1,ENVECON,H196,008,4.0,4.0,OPT,N,0
107233,2026,Fall,2268,1,ENVECON,H196,009,4.0,4.0,OPT,N,0
107233,2026,Fall,2268,1,ENVECON,H196,010,4.0,4.0,OPT,N,0
107233,2026,Fall,2268,1,ENVECON,H196,011,4.0,4.0,OPT,N,0
107233,2026,Fall,2268,1,ENVECON,H196,14,4.0,4.0,OPT,N,0
107233,2026,Fall,2268,1,ENVECON,H196,16,4.0,4.0,OPT,N,0
107233,2026,Fall,2268,1,ENVECON,H196,17,4.0,4.0,OPT,N,29
107233,2026,Fall,2268,1,ENVECON,H196,20,4.0,4.0,OPT,N,0
107233,2026,Fall,2268,1,ENVECON,H196,21,4.0,4.0,OPT,N,0
107233,2026,Fall,2268,1,ENVECON,H196,22,4.0,4.0,OPT,N,0
107252,2026,Fall,2268,1,EPS,100A,001,4.0,4.0,OPT,Y,131
107254,2026,Fall,2268,1,EPS,101,101,4.0,4.0,OPT,N,132
107255,2026,Fall,2268,1,EPS,102,001,4.0,4.0,OPT,Y,210
107257,2026,Fall,2268,1,EPS,104,001,3.0,3.0,OPT,Y,138
107262,2026,Fall,2268,1,EPS,108,001,4.0,4.0,OPT,Y,14
107263,2026,Fall,2268,1,EPS,109,001,4.0,4.0,OPT,Y,342
107265,2026,Fall,2268,1,EPS,115,001,4.0,4.0,OPT,Y,0
107266,2026,Fall,2268,1,EPS,116,001,3.0,3.0,OPT,N,72
107267,2026,Fall,2268,1,EPS,117,001,4.0,4.0,OPT,Y,125
107271,2026,Fall,2268,1,EPS,122,001,3.0,3.0,OPT,N,0
168795,2026,Fall,2268,1,EPS,126,001,3.0,3.0,OPT,A,10
107274,2026,Fall,2268,1,EPS,131,001,4.0,4.0,OPT,Y,112
107276,2026,Fall,2268,1,EPS,150,001,2.0,2.0,OPT,N,161
168799,2026,Fall,2268,1,EPS,177,001,1.0,1.0,OPT,A,9
107280,2026,Fall,2268,1,EPS,197,001,1.0,4.0,PNP,N,0
107280,2026,Fall,2268,1,EPS,197,002,1.0,4.0,PNP,N,0
107280,2026,Fall,2268,1,EPS,197,003,1.0,4.0,PNP,N,0
107282,2026,Fall,2268,1,EPS,199,001,1.0,4.0,PNP,N,0
107282,2026,Fall,2268,1,EPS,199,002,1.0,4.0,PNP,N,0
107282,2026,Fall,2268,1,EPS,199,003,1.0,4.0,PNP,N,0
107282,2026,Fall,2268,1,EPS,199,004,1.0,4.0,PNP,N,0
107282,2026,Fall,2268,1,EPS,199,005,1.0,4.0,PNP,N,0
107282,2026,Fall,2268,1,EPS,199,006,1.0,4.0,PNP,N,0
107282,2026,Fall,2268,1,EPS,199,007,1.0,4.0,PNP,N,0
107282,2026,Fall,2268,1,EPS,199,008,1.0,4.0,PNP,N,0
107282,2026,Fall,2268,1,EPS,199,009,1.0,4.0,PNP,N,0
107282,2026,Fall,2268,1,EPS,199,010,1.0,4.0,PNP,N,0
107282,2026,Fall,2268,1,EPS,199,011,1.0,4.0,PNP,N,0
107282,2026,Fall,2268,1,EPS,199,012,1.0,4.0,PNP,N,0
107282,2026,Fall,2268,1,EPS,199,013,1.0,4.0,PNP,N,0
107282,2026,Fall,2268,1,EPS,199,014,1.0,4.0,PNP,N,0
107282,2026,Fall,2268,1,EPS,199,016,1.0,4.0,PNP,N,0
107282,2026,Fall,2268,1,EPS,199,017,1.0,4.0,PNP,N,0
107282,2026,Fall,2268,1,EPS,199,018,1.0,4.0,PNP,N,0
107282,2026,Fall,2268,1,EPS,199,020,1.0,4.0,PNP,N,0
107282,2026,Fall,2268,1,EPS,199,021,1.0,4.0,PNP,N,0
107282,2026,Fall,2268,1,EPS,199,022,1.0,4.0,PNP,N,0
107282,2026,Fall,2268,1,EPS,199,023,1.0,4.0,PNP,N,0
107282,2026,Fall,2268,1,EPS,199,024,1.0,4.0,PNP,N,0
107282,2026,Fall,2268,1,EPS,199,025,1.0,4.0,PNP,N,0
107282,2026,Fall,2268,1,EPS,199,026,1.0,4.0,PNP,N,2
107285,2026,Fall,2268,1,EPS,200,001,4.0,4.0,OPT,Y,0
107292,2026,Fall,2268,1,EPS,207,001,3.0,3.0,OPT,N,66
166722,2026,Fall,2268,1,EPS,215,001,4.0,4.0,OPT,N,16
107300,2026,Fall,2268,1,EPS,216,001,3.0,3.0,OPT,N,0
107304,2026,Fall,2268,1,EPS,220,001,3.0,3.0,OPT,N,0
107306,2026,Fall,2268,1,EPS,225,001,2.0,2.0,OPT,N,0
107307,2026,Fall,2268,1,EPS,229,001,3.0,3.0,OPT,N,0
107308,2026,Fall,2268,1,EPS,230,001,3.0,3.0,OPT,Y,0
107312,2026,Fall,2268,1,EPS,236,001,4.0,4.0,OPT,N,0
107313,2026,Fall,2268,1,EPS,24,001,1.0,1.0,OPT,Y,0
107316,2026,Fall,2268,1,EPS,251,001,3.0,3.0,OPT,N,0
107317,2026,Fall,2268,1,EPS,254,001,1.0,1.0,OPT,N,36
107318,2026,Fall,2268,1,EPS,255,001,1.0,1.0,SUS,N,16
107319,2026,Fall,2268,1,EPS,256,001,2.0,2.0,OPT,N,397
107320,2026,Fall,2268,1,EPS,260,001,2.0,2.0,SUS,N,23
107322,2026,Fall,2268,1,EPS,271,101,4.0,4.0,OPT,N,28
107323,2026,Fall,2268,1,EPS,280,003,1.0,12.0,OPT,N,3
107323,2026,Fall,2268,1,EPS,280,006,1.0,12.0,OPT,N,0
107323,2026,Fall,2268,1,EPS,280,008,1.0,12.0,OPT,N,0
107323,2026,Fall,2268,1,EPS,280,009,1.0,12.0,OPT,N,0
107323,2026,Fall,2268,1,EPS,280,010,1.0,12.0,OPT,N,0
107323,2026,Fall,2268,1,EPS,280,011,1.0,12.0,OPT,N,0
107323,2026,Fall,2268,1,EPS,280,013,1.0,12.0,OPT,N,0
107323,2026,Fall,2268,1,EPS,280,014,1.0,12.0,OPT,N,0
107323,2026,Fall,2268,1,EPS,280,016,1.0,12.0,OPT,N,0
107323,2026,Fall,2268,1,EPS,280,018,1.0,12.0,OPT,N,0
107323,2026,Fall,2268,1,EPS,280,019,1.0,12.0,OPT,N,1
107323,2026,Fall,2268,1,EPS,280,020,1.0,12.0,OPT,N,0
107323,2026,Fall,2268,1,EPS,280,021,1.0,12.0,OPT,N,0
107323,2026,Fall,2268,1,EPS,280,023,1.0,12.0,OPT,N,0
107323,2026,Fall,2268,1,EPS,280,024,1.0,12.0,OPT,N,1
107323,2026,Fall,2268,1,EPS,280,025,1.0,12.0,OPT,N,0
107323,2026,Fall,2268,1,EPS,280,026,1.0,12.0,OPT,N,0
107323,2026,Fall,2268,1,EPS,280,027,1.0,12.0,OPT,N,1
107323,2026,Fall,2268,1,EPS,280,028,1.0,12.0,OPT,N,1
107323,2026,Fall,2268,1,EPS,280,029,1.0,12.0,OPT,N,0
107323,2026,Fall,2268,1,EPS,280,030,1.0,12.0,OPT,N,1
107323,2026,Fall,2268,1,EPS,280,031,1.0,12.0,OPT,N,1
107323,2026,Fall,2268,1,EPS,280,032,1.0,12.0,OPT,N,1
107323,2026,Fall,2268,1,EPS,280,033,1.0,12.0,OPT,N,0
107323,2026,Fall,2268,1,EPS,280,034,1.0,12.0,OPT,N,1
107323,2026,Fall,2268,1,EPS,280,035,1.0,12.0,OPT,N,5
107323,2026,Fall,2268,1,EPS,280,036,1.0,12.0,OPT,N,1
107323,2026,Fall,2268,1,EPS,280,037,1.0,12.0,OPT,N,2
107323,2026,Fall,2268,1,EPS,280,040,1.0,12.0,OPT,N,0
107323,2026,Fall,2268,1,EPS,280,041,1.0,12.0,OPT,N,0
107323,2026,Fall,2268,1,EPS,280,049,1.0,12.0,OPT,N,0
107323,2026,Fall,2268,1,EPS,280,050,1.0,12.0,OPT,N,0
107323,2026,Fall,2268,1,EPS,280,051,1.0,12.0,OPT,N,0
107323,2026,Fall,2268,1,EPS,280,052,1.0,12.0,OPT,N,0
107323,2026,Fall,2268,1,EPS,280,053,1.0,12.0,OPT,N,2
107323,2026,Fall,2268,1,EPS,280,054,1.0,12.0,OPT,N,0
107323,2026,Fall,2268,1,EPS,280,055,1.0,12.0,OPT,N,0
107325,2026,Fall,2268,1,EPS,290,001,1.0,6.0,OPT,N,34
107325,2026,Fall,2268,1,EPS,290,002,1.0,6.0,OPT,N,9
107325,2026,Fall,2268,1,EPS,290,003,1.0,6.0,OPT,N,7
107325,2026,Fall,2268,1,EPS,290,004,1.0,6.0,OPT,N,5
107325,2026,Fall,2268,1,EPS,290,005,1.0,6.0,OPT,N,4
107325,2026,Fall,2268,1,EPS,290,006,1.0,6.0,OPT,N,8
107325,2026,Fall,2268,1,EPS,290,008,1.0,6.0,OPT,N,2
107325,2026,Fall,2268,1,EPS,290,009,1.0,6.0,OPT,N,0
107325,2026,Fall,2268,1,EPS,290,010,1.0,6.0,OPT,N,0
107325,2026,Fall,2268,1,EPS,290,012,1.0,6.0,OPT,N,7
107325,2026,Fall,2268,1,EPS,290,013,1.0,6.0,OPT,N,7
107325,2026,Fall,2268,1,EPS,290,014,1.0,6.0,OPT,N,2
107325,2026,Fall,2268,1,EPS,290,015,1.0,6.0,OPT,N,7
107325,2026,Fall,2268,1,EPS,290,017,1.0,6.0,OPT,N,9
107325,2026,Fall,2268,1,EPS,290,018,1.0,6.0,OPT,N,7
107325,2026,Fall,2268,1,EPS,290,019,1.0,6.0,OPT,N,0
107325,2026,Fall,2268,1,EPS,290,020,1.0,6.0,OPT,N,1
107325,2026,Fall,2268,1,EPS,290,022,1.0,6.0,OPT,N,4
107325,2026,Fall,2268,1,EPS,290,036,1.0,6.0,OPT,N,0
107325,2026,Fall,2268,1,EPS,290,040,1.0,6.0,OPT,N,3
107325,2026,Fall,2268,1,EPS,290,050,1.0,6.0,OPT,N,1
107325,2026,Fall,2268,1,EPS,290,051,1.0,6.0,OPT,N,4
107325,2026,Fall,2268,1,EPS,290,056,1.0,6.0,OPT,N,1
107325,2026,Fall,2268,1,EPS,290,060,1.0,6.0,OPT,N,2
107325,2026,Fall,2268,1,EPS,290,061,1.0,6.0,OPT,N,3
107325,2026,Fall,2268,1,EPS,290,062,1.0,6.0,OPT,N,2
107325,2026,Fall,2268,1,EPS,290,21,1.0,6.0,OPT,N,6
107326,2026,Fall,2268,1,EPS,298,001,1.0,9.0,OPT,N,0
107326,2026,Fall,2268,1,EPS,298,002,1.0,9.0,OPT,N,0
107326,2026,Fall,2268,1,EPS,298,003,1.0,9.0,OPT,N,0
107326,2026,Fall,2268,1,EPS,298,004,1.0,9.0,OPT,N,0
107326,2026,Fall,2268,1,EPS,298,006,1.0,9.0,OPT,N,0
107326,2026,Fall,2268,1,EPS,298,007,1.0,9.0,OPT,N,0
107326,2026,Fall,2268,1,EPS,298,010,1.0,9.0,OPT,N,0
107326,2026,Fall,2268,1,EPS,298,011,1.0,9.0,OPT,N,0
107326,2026,Fall,2268,1,EPS,298,013,1.0,9.0,OPT,N,0
107330,2026,Fall,2268,1,EPS,375,001,1.0,6.0,SUS,N,0
107331,2026,Fall,2268,1,EPS,39,001,2.0,2.0,OPT,Y,0
107363,2026,Fall,2268,1,EPS,50,001,4.0,4.0,OPT,Y,528
147997,2026,Fall,2268,1,EPS,7,001,3.0,3.0,OPT,C,1812
107369,2026,Fall,2268,1,EPS,80,001,3.0,3.0,OPT,Y,547
107369,2026,Fall,2268,1,EPS,80,002,3.0,3.0,OPT,Y,0
124468,2026,Fall,2268,1,EPS,82,001,3.0,3.0,OPT,Y,4160
156615,2026,Fall,2268,1,EPS,88,001,2.0,2.0,OPT,N,196
123715,2026,Fall,2268,1,EPS,C129,001,3.0,3.0,OPT,Y,41
124566,2026,Fall,2268,1,EPS,C162,001,4.0,4.0,OPT,Y,12
123716,2026,Fall,2268,1,EPS,C178,001,3.0,3.0,OPT,Y,0
124461,2026,Fall,2268,1,EPS,C181,001,3.0,3.0,OPT,Y,175
124380,2026,Fall,2268,1,EPS,C183,001,3.0,3.0,OPT,N,0
124164,2026,Fall,2268,1,EPS,C20,001,3.0,3.0,OPT,Y,3203
124164,2026,Fall,2268,1,EPS,C20,002,3.0,3.0,OPT,Y,1202
124417,2026,Fall,2268,1,EPS,C292,001,1.0,1.0,SUS,N,13
124385,2026,Fall,2268,1,EPS,C295Z,001,3.0,3.0,OPT,N,0
107374,2026,Fall,2268,1,EPS,H195,001,3.0,3.0,OPT,N,0
107374,2026,Fall,2268,1,EPS,H195,002,3.0,3.0,OPT,N,0
107374,2026,Fall,2268,1,EPS,H195,003,3.0,3.0,OPT,N,0
107374,2026,Fall,2268,1,EPS,H195,004,3.0,3.0,OPT,N,0
107374,2026,Fall,2268,1,EPS,H195,005,3.0,3.0,OPT,N,0
107374,2026,Fall,2268,1,EPS,H195,006,3.0,3.0,OPT,N,0
107374,2026,Fall,2268,1,EPS,H195,007,3.0,3.0,OPT,N,0
107374,2026,Fall,2268,1,EPS,H195,008,3.0,3.0,OPT,N,0
107374,2026,Fall,2268,1,EPS,H195,009,3.0,3.0,OPT,N,0
107374,2026,Fall,2268,1,EPS,H195,010,3.0,3.0,OPT,N,0
107374,2026,Fall,2268,1,EPS,H195,011,3.0,3.0,OPT,N,0
107374,2026,Fall,2268,1,EPS,H195,012,3.0,3.0,OPT,N,0
107374,2026,Fall,2268,1,EPS,H195,013,3.0,3.0,OPT,N,0
107374,2026,Fall,2268,1,EPS,H195,014,3.0,3.0,OPT,N,0
107374,2026,Fall,2268,1,EPS,H195,015,3.0,3.0,OPT,N,0
107374,2026,Fall,2268,1,EPS,H195,016,3.0,3.0,OPT,N,0
107374,2026,Fall,2268,1,EPS,H195,017,3.0,3.0,OPT,N,0
107374,2026,Fall,2268,1,EPS,H195,020,3.0,3.0,OPT,N,0
107374,2026,Fall,2268,1,EPS,H195,021,3.0,3.0,OPT,N,0
107374,2026,Fall,2268,1,EPS,H195,022,3.0,3.0,OPT,N,0
107374,2026,Fall,2268,1,EPS,H195,023,3.0,3.0,OPT,N,0
107374,2026,Fall,2268,1,EPS,H195,024,3.0,3.0,OPT,N,0
107374,2026,Fall,2268,1,EPS,H195,025,3.0,3.0,OPT,N,2
107374,2026,Fall,2268,1,EPS,H195,026,3.0,3.0,OPT,N,0
107379,2026,Fall,2268,1,ESPM,100,001,4.0,4.0,OPT,Y,484
161644,2026,Fall,2268,1,ESPM,101A,001,4.0,4.0,OPT,A,492
107388,2026,Fall,2268,1,ESPM,102B,001,2.0,2.0,OPT,Y,0
107389,2026,Fall,2268,1,ESPM,102BL,001,2.0,2.0,OPT,Y,0
107391,2026,Fall,2268,1,ESPM,102D,001,4.0,4.0,OPT,Y,0
107399,2026,Fall,2268,1,ESPM,108A,001,3.0,3.0,OPT,Y,235
107400,2026,Fall,2268,1,ESPM,108B,001,3.0,3.0,OPT,Y,0
107409,2026,Fall,2268,1,ESPM,115B,001,3.0,3.0,OPT,Y,0
107412,2026,Fall,2268,1,ESPM,116B,001,4.0,4.0,OPT,Y,352
107414,2026,Fall,2268,1,ESPM,117,001,4.0,4.0,OPT,Y,0
107414,2026,Fall,2268,1,ESPM,117,55,4.0,4.0,OPT,Y,0
107414,2026,Fall,2268,1,ESPM,117,555,4.0,4.0,OPT,Y,12
107416,2026,Fall,2268,1,ESPM,118,001,4.0,4.0,OPT,Y,678
107418,2026,Fall,2268,1,ESPM,120,001,3.0,3.0,OPT,Y,0
107419,2026,Fall,2268,1,ESPM,121,001,3.0,3.0,OPT,Y,0
161657,2026,Fall,2268,1,ESPM,130,001,3.0,3.0,OPT,A,0
107432,2026,Fall,2268,1,ESPM,132,001,4.0,4.0,OPT,Y,153
161205,2026,Fall,2268,1,ESPM,136,001,4.0,4.0,OPT,A,437
107437,2026,Fall,2268,1,ESPM,137,001,3.0,3.0,OPT,Y,201
154532,2026,Fall,2268,1,ESPM,139,001,2.0,2.0,OPT,Y,0
154532,2026,Fall,2268,1,ESPM,139,002,2.0,2.0,OPT,Y,0
107439,2026,Fall,2268,1,ESPM,140,001,4.0,4.0,OPT,Y,0
107441,2026,Fall,2268,1,ESPM,142,001,3.0,3.0,OPT,Y,152
107449,2026,Fall,2268,1,ESPM,147,003,1.0,1.0,PNP,A,98
107453,2026,Fall,2268,1,ESPM,15,001,3.0,3.0,OPT,Y,1174
107454,2026,Fall,2268,1,ESPM,150,002,2.0,4.0,OPT,Y,0
164317,2026,Fall,2268,1,ESPM,154,001,4.0,4.0,OPT,A,156
154525,2026,Fall,2268,1,ESPM,157,001,4.0,4.0,OPT,A,579
123897,2026,Fall,2268,1,ESPM,160AC,001,4.0,4.0,OPT,Y,0
107465,2026,Fall,2268,1,ESPM,161,001,4.0,4.0,OPT,A,0
161457,2026,Fall,2268,1,ESPM,161A,001,4.0,4.0,OPT,Y,0
107466,2026,Fall,2268,1,ESPM,162,001,4.0,4.0,OPT,Y,0
124289,2026,Fall,2268,1,ESPM,163AC,001,4.0,4.0,OPT,Y,71
107469,2026,Fall,2268,1,ESPM,164,101,3.0,3.0,OPT,C,0
107469,2026,Fall,2268,1,ESPM,164,201,3.0,3.0,OPT,C,0
107470,2026,Fall,2268,1,ESPM,165,001,4.0,4.0,OPT,Y,0
107473,2026,Fall,2268,1,ESPM,168,001,4.0,4.0,OPT,Y,0
107474,2026,Fall,2268,1,ESPM,169,001,4.0,4.0,OPT,Y,0
157133,2026,Fall,2268,1,ESPM,171A,001,2.0,2.0,OPT,A,0
107476,2026,Fall,2268,1,ESPM,172,01,3.0,3.0,OPT,Y,0
107477,2026,Fall,2268,1,ESPM,173,001,3.0,3.0,OPT,Y,0
107478,2026,Fall,2268,1,ESPM,174,001,4.0,4.0,OPT,Y,0
160650,2026,Fall,2268,1,ESPM,174A,001,3.0,3.0,OPT,A,0
107480,2026,Fall,2268,1,ESPM,175A,001,3.0,3.0,OPT,N,0
107480,2026,Fall,2268,1,ESPM,175A,002,3.0,3.0,OPT,N,0
107482,2026,Fall,2268,1,ESPM,175L,001,1.0,1.0,OPT,N,67
107482,2026,Fall,2268,1,ESPM,175L,002,1.0,1.0,OPT,N,0
107482,2026,Fall,2268,1,ESPM,175L,003,1.0,1.0,OPT,N,0
107482,2026,Fall,2268,1,ESPM,175L,004,1.0,1.0,OPT,N,0
107482,2026,Fall,2268,1,ESPM,175L,005,1.0,1.0,OPT,N,0
107482,2026,Fall,2268,1,ESPM,175L,006,1.0,1.0,OPT,N,0
107482,2026,Fall,2268,1,ESPM,175L,007,1.0,1.0,OPT,N,0
107482,2026,Fall,2268,1,ESPM,175L,008,1.0,1.0,OPT,N,0
107482,2026,Fall,2268,1,ESPM,175L,009,1.0,1.0,OPT,N,0
107482,2026,Fall,2268,1,ESPM,175L,010,1.0,1.0,OPT,N,0
107482,2026,Fall,2268,1,ESPM,175L,012,1.0,1.0,OPT,N,0
107482,2026,Fall,2268,1,ESPM,175L,024,1.0,1.0,OPT,N,0
107482,2026,Fall,2268,1,ESPM,175L,025,1.0,1.0,OPT,N,0
107482,2026,Fall,2268,1,ESPM,175L,11,1.0,1.0,OPT,N,0
107482,2026,Fall,2268,1,ESPM,175L,12,1.0,1.0,OPT,N,0
107482,2026,Fall,2268,1,ESPM,175L,13,1.0,1.0,OPT,N,0
107482,2026,Fall,2268,1,ESPM,175L,15,1.0,1.0,OPT,N,0
107482,2026,Fall,2268,1,ESPM,175L,16,1.0,1.0,OPT,N,0
107482,2026,Fall,2268,1,ESPM,175L,17,1.0,1.0,OPT,N,0
107482,2026,Fall,2268,1,ESPM,175L,18,1.0,1.0,OPT,N,0
107482,2026,Fall,2268,1,ESPM,175L,19,1.0,1.0,OPT,N,0
107482,2026,Fall,2268,1,ESPM,175L,20,1.0,1.0,OPT,N,0
107482,2026,Fall,2268,1,ESPM,175L,21,1.0,1.0,OPT,N,0
107482,2026,Fall,2268,1,ESPM,175L,22,1.0,1.0,OPT,N,0
107482,2026,Fall,2268,1,ESPM,175L,23,1.0,1.0,OPT,N,0
107482,2026,Fall,2268,1,ESPM,175L,26,1.0,1.0,OPT,N,0
107487,2026,Fall,2268,1,ESPM,178B,001,4.0,4.0,OPT,Y,0
107491,2026,Fall,2268,1,ESPM,181A,001,3.0,3.0,OPT,Y,0
107493,2026,Fall,2268,1,ESPM,182,001,3.0,3.0,OPT,Y,110
107496,2026,Fall,2268,1,ESPM,185,001,4.0,4.0,OPT,Y,105
107497,2026,Fall,2268,1,ESPM,186,001,4.0,4.0,OPT,Y,0
107501,2026,Fall,2268,1,ESPM,190,001,3.0,3.0,OPT,N,0
107505,2026,Fall,2268,1,ESPM,194A,001,2.0,2.0,OPT,N,87
107507,2026,Fall,2268,1,ESPM,195,001,3.0,4.0,OPT,A,0
107507,2026,Fall,2268,1,ESPM,195,002,3.0,4.0,OPT,A,0
107507,2026,Fall,2268,1,ESPM,195,003,3.0,4.0,OPT,A,0
107507,2026,Fall,2268,1,ESPM,195,004,3.0,4.0,OPT,A,0
107507,2026,Fall,2268,1,ESPM,195,005,3.0,4.0,OPT,A,0
107507,2026,Fall,2268,1,ESPM,195,006,3.0,4.0,OPT,A,0
107507,2026,Fall,2268,1,ESPM,195,007,3.0,4.0,OPT,A,0
107507,2026,Fall,2268,1,ESPM,195,008,3.0,4.0,OPT,A,0
107507,2026,Fall,2268,1,ESPM,195,009,3.0,4.0,OPT,A,0
107507,2026,Fall,2268,1,ESPM,195,010,3.0,4.0,OPT,A,0
107507,2026,Fall,2268,1,ESPM,195,011,3.0,4.0,OPT,A,0
107507,2026,Fall,2268,1,ESPM,195,012,3.0,4.0,OPT,A,0
107507,2026,Fall,2268,1,ESPM,195,013,3.0,4.0,OPT,A,0
107507,2026,Fall,2268,1,ESPM,195,014,3.0,4.0,OPT,A,0
107507,2026,Fall,2268,1,ESPM,195,015,3.0,4.0,OPT,A,0
107507,2026,Fall,2268,1,ESPM,195,016,3.0,4.0,OPT,A,0
107507,2026,Fall,2268,1,ESPM,195,017,3.0,4.0,OPT,A,0
107507,2026,Fall,2268,1,ESPM,195,018,3.0,4.0,OPT,A,0
107510,2026,Fall,2268,1,ESPM,197,001,1.0,4.0,PNP,N,0
107510,2026,Fall,2268,1,ESPM,197,002,1.0,4.0,PNP,N,0
107510,2026,Fall,2268,1,ESPM,197,003,1.0,4.0,PNP,N,0
107510,2026,Fall,2268,1,ESPM,197,004,1.0,4.0,PNP,N,0
107510,2026,Fall,2268,1,ESPM,197,005,1.0,4.0,PNP,N,0
107510,2026,Fall,2268,1,ESPM,197,006,1.0,4.0,PNP,N,0
107510,2026,Fall,2268,1,ESPM,197,007,1.0,4.0,PNP,N,0
107510,2026,Fall,2268,1,ESPM,197,008,1.0,4.0,PNP,N,0
107510,2026,Fall,2268,1,ESPM,197,009,1.0,4.0,PNP,N,0
107510,2026,Fall,2268,1,ESPM,197,012,1.0,4.0,PNP,N,0
107510,2026,Fall,2268,1,ESPM,197,013,1.0,4.0,PNP,N,0
107510,2026,Fall,2268,1,ESPM,197,016,1.0,4.0,PNP,N,0
107510,2026,Fall,2268,1,ESPM,197,017,1.0,4.0,PNP,N,0
107510,2026,Fall,2268,1,ESPM,197,018,1.0,4.0,PNP,N,0
107510,2026,Fall,2268,1,ESPM,197,10,1.0,4.0,PNP,N,0
107510,2026,Fall,2268,1,ESPM,197,14,1.0,4.0,PNP,N,0
107510,2026,Fall,2268,1,ESPM,197,15,1.0,4.0,PNP,N,0
107510,2026,Fall,2268,1,ESPM,197,200,1.0,4.0,PNP,N,0
107511,2026,Fall,2268,1,ESPM,198,003,2.0,2.0,PNP,N,0
107511,2026,Fall,2268,1,ESPM,198,004,2.0,2.0,PNP,N,7
107511,2026,Fall,2268,1,ESPM,198,010,2.0,2.0,PNP,N,8
107511,2026,Fall,2268,1,ESPM,198,13,2.0,2.0,PNP,N,10
107512,2026,Fall,2268,1,ESPM,198BC,002,1.0,1.0,PNP,N,11
107513,2026,Fall,2268,1,ESPM,199,001,1.0,4.0,PNP,N,0
107513,2026,Fall,2268,1,ESPM,199,002,1.0,4.0,PNP,N,0
107513,2026,Fall,2268,1,ESPM,199,003,1.0,4.0,PNP,N,0
107513,2026,Fall,2268,1,ESPM,199,004,1.0,4.0,PNP,N,0
107513,2026,Fall,2268,1,ESPM,199,005,1.0,4.0,PNP,N,0
107513,2026,Fall,2268,1,ESPM,199,006,1.0,4.0,PNP,N,0
107513,2026,Fall,2268,1,ESPM,199,007,1.0,4.0,PNP,N,0
107513,2026,Fall,2268,1,ESPM,199,008,1.0,4.0,PNP,N,0
107513,2026,Fall,2268,1,ESPM,199,009,1.0,4.0,PNP,N,0
107513,2026,Fall,2268,1,ESPM,199,010,1.0,4.0,PNP,N,0
107513,2026,Fall,2268,1,ESPM,199,011,1.0,4.0,PNP,N,0
107513,2026,Fall,2268,1,ESPM,199,012,1.0,4.0,PNP,N,0
107513,2026,Fall,2268,1,ESPM,199,013,1.0,4.0,PNP,N,0
107513,2026,Fall,2268,1,ESPM,199,014,1.0,4.0,PNP,N,0
107513,2026,Fall,2268,1,ESPM,199,015,1.0,4.0,PNP,N,0
107513,2026,Fall,2268,1,ESPM,199,016,1.0,4.0,PNP,N,0
107513,2026,Fall,2268,1,ESPM,199,017,1.0,4.0,PNP,N,0
107513,2026,Fall,2268,1,ESPM,199,018,1.0,4.0,PNP,N,0
107513,2026,Fall,2268,1,ESPM,199,019,1.0,4.0,PNP,N,0
107513,2026,Fall,2268,1,ESPM,199,020,1.0,4.0,PNP,N,0
107513,2026,Fall,2268,1,ESPM,199,021,1.0,4.0,PNP,N,0
107513,2026,Fall,2268,1,ESPM,199,022,1.0,4.0,PNP,N,0
107513,2026,Fall,2268,1,ESPM,199,023,1.0,4.0,PNP,N,0
107513,2026,Fall,2268,1,ESPM,199,024,1.0,4.0,PNP,N,0
107513,2026,Fall,2268,1,ESPM,199,025,1.0,4.0,PNP,N,0
107513,2026,Fall,2268,1,ESPM,199,026,1.0,4.0,PNP,N,0
107513,2026,Fall,2268,1,ESPM,199,027,1.0,4.0,PNP,N,0
107513,2026,Fall,2268,1,ESPM,199,028,1.0,4.0,PNP,N,0
107513,2026,Fall,2268,1,ESPM,199,029,1.0,4.0,PNP,N,0
107513,2026,Fall,2268,1,ESPM,199,030,1.0,4.0,PNP,N,0
107513,2026,Fall,2268,1,ESPM,199,031,1.0,4.0,PNP,N,0
107513,2026,Fall,2268,1,ESPM,199,032,1.0,4.0,PNP,N,0
107513,2026,Fall,2268,1,ESPM,199,033,1.0,4.0,PNP,N,0
107513,2026,Fall,2268,1,ESPM,199,040,1.0,4.0,PNP,N,0
107513,2026,Fall,2268,1,ESPM,199,068,1.0,4.0,PNP,N,0
107513,2026,Fall,2268,1,ESPM,199,075,1.0,4.0,PNP,N,0
107513,2026,Fall,2268,1,ESPM,199,088,1.0,4.0,PNP,N,0
107513,2026,Fall,2268,1,ESPM,199,34,1.0,4.0,PNP,N,0
107513,2026,Fall,2268,1,ESPM,199,35,1.0,4.0,PNP,N,0
107513,2026,Fall,2268,1,ESPM,199,36,1.0,4.0,PNP,N,0
107513,2026,Fall,2268,1,ESPM,199,37,1.0,4.0,PNP,N,0
107513,2026,Fall,2268,1,ESPM,199,38,1.0,4.0,PNP,N,0
107513,2026,Fall,2268,1,ESPM,199,39,1.0,4.0,PNP,N,0
107513,2026,Fall,2268,1,ESPM,199,40,1.0,4.0,PNP,N,0
107513,2026,Fall,2268,1,ESPM,199,42,1.0,4.0,PNP,N,0
107513,2026,Fall,2268,1,ESPM,199,43,1.0,4.0,PNP,N,0
107513,2026,Fall,2268,1,ESPM,199,44,1.0,4.0,PNP,N,0
107513,2026,Fall,2268,1,ESPM,199,45,1.0,4.0,PNP,N,0
107513,2026,Fall,2268,1,ESPM,199,50,1.0,4.0,PNP,N,0
107513,2026,Fall,2268,1,ESPM,199,51,1.0,4.0,PNP,N,0
107513,2026,Fall,2268,1,ESPM,199,52,1.0,4.0,PNP,N,0
107513,2026,Fall,2268,1,ESPM,199,53,1.0,4.0,PNP,N,0
107513,2026,Fall,2268,1,ESPM,199,54,1.0,4.0,PNP,N,0
107513,2026,Fall,2268,1,ESPM,199,55,1.0,4.0,PNP,N,0
107513,2026,Fall,2268,1,ESPM,199,56,1.0,4.0,PNP,N,0
107513,2026,Fall,2268,1,ESPM,199,57,1.0,4.0,PNP,N,0
107513,2026,Fall,2268,1,ESPM,199,58,1.0,4.0,PNP,N,0
107513,2026,Fall,2268,1,ESPM,199,59,1.0,4.0,PNP,N,0
107513,2026,Fall,2268,1,ESPM,199,60,1.0,4.0,PNP,N,0
107513,2026,Fall,2268,1,ESPM,199,61,1.0,4.0,PNP,N,0
107513,2026,Fall,2268,1,ESPM,199,62,1.0,4.0,PNP,N,0
107513,2026,Fall,2268,1,ESPM,199,63,1.0,4.0,PNP,N,0
107513,2026,Fall,2268,1,ESPM,199,64,1.0,4.0,PNP,N,0
107513,2026,Fall,2268,1,ESPM,199,65,1.0,4.0,PNP,N,0
107513,2026,Fall,2268,1,ESPM,199,66,1.0,4.0,PNP,N,0
107513,2026,Fall,2268,1,ESPM,199,67,1.0,4.0,PNP,N,0
107513,2026,Fall,2268,1,ESPM,199,70,1.0,4.0,PNP,N,0
107513,2026,Fall,2268,1,ESPM,199,71,1.0,4.0,PNP,N,0
107513,2026,Fall,2268,1,ESPM,199,77,1.0,4.0,PNP,N,0
107513,2026,Fall,2268,1,ESPM,199,78,1.0,4.0,PNP,N,0
107513,2026,Fall,2268,1,ESPM,199,80,1.0,4.0,PNP,N,0
107513,2026,Fall,2268,1,ESPM,199,81,1.0,4.0,PNP,N,0
107513,2026,Fall,2268,1,ESPM,199,82,1.0,4.0,PNP,N,1
164122,2026,Fall,2268,1,ESPM,199S,001,1.0,4.0,PNP,A,0
107514,2026,Fall,2268,1,ESPM,2,001,3.0,3.0,OPT,Y,1806
107521,2026,Fall,2268,1,ESPM,201C,001,1.0,1.0,SUS,N,5
107522,2026,Fall,2268,1,ESPM,201S,001,1.0,1.0,SUS,N,0
124523,2026,Fall,2268,1,ESPM,205,001,3.0,3.0,OPT,N,0
166416,2026,Fall,2268,1,ESPM,207,001,2.0,2.0,OPT,Y,0
168510,2026,Fall,2268,1,ESPM,211A,001,3.0,3.0,OPT,N,3
107530,2026,Fall,2268,1,ESPM,215,001,2.0,2.0,SUS,N,15
107530,2026,Fall,2268,1,ESPM,215,002,2.0,2.0,OPT,N,9
107531,2026,Fall,2268,1,ESPM,217,001,3.0,3.0,OPT,N,67
107534,2026,Fall,2268,1,ESPM,222,001,3.0,3.0,OPT,N,0
107538,2026,Fall,2268,1,ESPM,226,001,3.0,3.0,OPT,N,0
107539,2026,Fall,2268,1,ESPM,227,001,2.0,2.0,SUS,Y,0
107542,2026,Fall,2268,1,ESPM,230,001,4.0,4.0,OPT,N,0
165973,2026,Fall,2268,1,ESPM,231,001,2.0,2.0,OPT,Y,103
161960,2026,Fall,2268,1,ESPM,234,101,3.0,3.0,OPT,N,0
107556,2026,Fall,2268,1,ESPM,24,001,1.0,1.0,OPT,Y,0
107556,2026,Fall,2268,1,ESPM,24,002,1.0,1.0,OPT,Y,0
107556,2026,Fall,2268,1,ESPM,24,003,1.0,1.0,OPT,Y,0
125600,2026,Fall,2268,1,ESPM,244,001,3.0,3.0,OPT,Y,34
166748,2026,Fall,2268,1,ESPM,252,001,4.0,4.0,OPT,N,0
107586,2026,Fall,2268,1,ESPM,259,001,3.0,3.0,OPT,N,0
107587,2026,Fall,2268,1,ESPM,260,002,3.0,3.0,OPT,N,0
107588,2026,Fall,2268,1,ESPM,261,001,3.0,3.0,OPT,N,1
107589,2026,Fall,2268,1,ESPM,262,001,3.0,3.0,OPT,N,0
168787,2026,Fall,2268,1,ESPM,262A,001,4.0,4.0,OPT,N,0
107594,2026,Fall,2268,1,ESPM,268,001,2.0,2.0,OPT,N,0
107602,2026,Fall,2268,1,ESPM,276,001,3.0,3.0,OPT,N,0
107603,2026,Fall,2268,1,ESPM,277,001,3.0,3.0,OPT,N,0
107607,2026,Fall,2268,1,ESPM,281,001,2.0,2.0,OPT,N,0
107630,2026,Fall,2268,1,ESPM,290,001,3.0,3.0,OPT,N,38
107630,2026,Fall,2268,1,ESPM,290,002,1.0,4.0,OPT,N,18
107630,2026,Fall,2268,1,ESPM,290,003,2.0,2.0,OPT,N,24
107630,2026,Fall,2268,1,ESPM,290,005,2.0,2.0,OPT,N,5
107630,2026,Fall,2268,1,ESPM,290,006,2.0,3.0,OPT,N,2
107633,2026,Fall,2268,1,ESPM,296,001,1.0,7.0,SUS,N,0
107633,2026,Fall,2268,1,ESPM,296,002,1.0,7.0,SUS,N,0
107633,2026,Fall,2268,1,ESPM,296,003,1.0,7.0,SUS,N,0
107634,2026,Fall,2268,1,ESPM,298,001,1.0,6.0,OPT,N,4
107634,2026,Fall,2268,1,ESPM,298,002,1.0,6.0,OPT,N,0
107634,2026,Fall,2268,1,ESPM,298,003,1.0,6.0,OPT,N,0
107634,2026,Fall,2268,1,ESPM,298,004,1.0,6.0,OPT,N,0
107634,2026,Fall,2268,1,ESPM,298,005,1.0,6.0,OPT,N,0
107634,2026,Fall,2268,1,ESPM,298,006,1.0,6.0,OPT,N,0
107634,2026,Fall,2268,1,ESPM,298,007,1.0,6.0,OPT,N,0
107634,2026,Fall,2268,1,ESPM,298,008,1.0,6.0,OPT,N,0
107634,2026,Fall,2268,1,ESPM,298,009,1.0,6.0,OPT,N,0
107634,2026,Fall,2268,1,ESPM,298,010,1.0,6.0,OPT,N,0
107634,2026,Fall,2268,1,ESPM,298,011,1.0,6.0,OPT,N,0
107634,2026,Fall,2268,1,ESPM,298,012,1.0,6.0,OPT,N,0
107634,2026,Fall,2268,1,ESPM,298,013,1.0,6.0,OPT,N,0
107634,2026,Fall,2268,1,ESPM,298,023,1.0,6.0,OPT,N,0
107634,2026,Fall,2268,1,ESPM,298,031,1.0,6.0,OPT,N,0
107634,2026,Fall,2268,1,ESPM,298,033,1.0,6.0,OPT,N,0
107634,2026,Fall,2268,1,ESPM,298,039,1.0,6.0,OPT,N,0
107634,2026,Fall,2268,1,ESPM,298,040,1.0,6.0,OPT,N,0
107634,2026,Fall,2268,1,ESPM,298,042,1.0,6.0,OPT,N,0
107634,2026,Fall,2268,1,ESPM,298,043,1.0,6.0,OPT,N,0
107634,2026,Fall,2268,1,ESPM,298,044,1.0,6.0,OPT,N,0
107634,2026,Fall,2268,1,ESPM,298,045,1.0,6.0,OPT,N,0
107634,2026,Fall,2268,1,ESPM,298,046,1.0,6.0,OPT,N,0
107635,2026,Fall,2268,1,ESPM,299,001,1.0,12.0,SUS,N,2
107635,2026,Fall,2268,1,ESPM,299,002,1.0,12.0,SUS,N,1
107635,2026,Fall,2268,1,ESPM,299,003,1.0,12.0,SUS,N,2
107635,2026,Fall,2268,1,ESPM,299,004,1.0,12.0,SUS,N,1
107635,2026,Fall,2268,1,ESPM,299,005,1.0,12.0,SUS,N,1
107635,2026,Fall,2268,1,ESPM,299,006,1.0,12.0,SUS,N,2
107635,2026,Fall,2268,1,ESPM,299,007,1.0,12.0,SUS,N,0
107635,2026,Fall,2268,1,ESPM,299,008,1.0,12.0,SUS,N,2
107635,2026,Fall,2268,1,ESPM,299,009,1.0,12.0,SUS,N,2
107635,2026,Fall,2268,1,ESPM,299,010,1.0,12.0,SUS,N,1
107635,2026,Fall,2268,1,ESPM,299,011,1.0,12.0,SUS,N,1
107635,2026,Fall,2268,1,ESPM,299,012,1.0,12.0,SUS,N,1
107635,2026,Fall,2268,1,ESPM,299,013,1.0,12.0,SUS,N,2
107635,2026,Fall,2268,1,ESPM,299,014,1.0,12.0,SUS,N,1
107635,2026,Fall,2268,1,ESPM,299,015,1.0,12.0,SUS,N,1
107635,2026,Fall,2268,1,ESPM,299,016,1.0,12.0,SUS,N,1
107635,2026,Fall,2268,1,ESPM,299,017,1.0,12.0,SUS,N,2
107635,2026,Fall,2268,1,ESPM,299,018,1.0,12.0,SUS,N,1
107635,2026,Fall,2268,1,ESPM,299,019,1.0,12.0,SUS,N,2
107635,2026,Fall,2268,1,ESPM,299,020,1.0,12.0,SUS,N,2
107635,2026,Fall,2268,1,ESPM,299,021,1.0,12.0,SUS,N,2
107635,2026,Fall,2268,1,ESPM,299,022,1.0,12.0,SUS,N,1
107635,2026,Fall,2268,1,ESPM,299,023,1.0,12.0,SUS,N,2
107635,2026,Fall,2268,1,ESPM,299,024,1.0,12.0,SUS,N,1
107635,2026,Fall,2268,1,ESPM,299,025,1.0,12.0,SUS,N,0
107635,2026,Fall,2268,1,ESPM,299,026,1.0,12.0,SUS,N,1
107635,2026,Fall,2268,1,ESPM,299,027,1.0,12.0,SUS,N,1
107635,2026,Fall,2268,1,ESPM,299,028,1.0,12.0,SUS,N,0
107635,2026,Fall,2268,1,ESPM,299,029,1.0,12.0,SUS,N,0
107635,2026,Fall,2268,1,ESPM,299,030,1.0,12.0,SUS,N,0
107635,2026,Fall,2268,1,ESPM,299,031,1.0,12.0,SUS,N,0
107635,2026,Fall,2268,1,ESPM,299,032,1.0,12.0,SUS,N,0
107635,2026,Fall,2268,1,ESPM,299,033,1.0,12.0,SUS,N,0
107635,2026,Fall,2268,1,ESPM,299,035,1.0,12.0,SUS,N,0
107635,2026,Fall,2268,1,ESPM,299,036,1.0,12.0,SUS,N,1
107635,2026,Fall,2268,1,ESPM,299,037,1.0,12.0,SUS,N,1
107635,2026,Fall,2268,1,ESPM,299,038,1.0,12.0,SUS,N,1
107635,2026,Fall,2268,1,ESPM,299,039,1.0,12.0,SUS,N,0
107635,2026,Fall,2268,1,ESPM,299,040,1.0,12.0,SUS,N,1
107635,2026,Fall,2268,1,ESPM,299,041,1.0,12.0,SUS,N,0
107635,2026,Fall,2268,1,ESPM,299,042,1.0,12.0,SUS,N,3
107635,2026,Fall,2268,1,ESPM,299,043,1.0,12.0,SUS,N,1
107635,2026,Fall,2268,1,ESPM,299,044,1.0,12.0,SUS,N,1
107635,2026,Fall,2268,1,ESPM,299,046,1.0,12.0,SUS,N,1
107635,2026,Fall,2268,1,ESPM,299,047,1.0,12.0,SUS,N,1
107635,2026,Fall,2268,1,ESPM,299,048,1.0,12.0,SUS,N,0
107635,2026,Fall,2268,1,ESPM,299,049,1.0,12.0,SUS,N,1
107635,2026,Fall,2268,1,ESPM,299,050,1.0,12.0,SUS,N,4
107635,2026,Fall,2268,1,ESPM,299,051,1.0,12.0,SUS,N,0
107635,2026,Fall,2268,1,ESPM,299,052,1.0,12.0,SUS,N,1
107635,2026,Fall,2268,1,ESPM,299,053,1.0,12.0,SUS,N,2
107635,2026,Fall,2268,1,ESPM,299,055,1.0,12.0,SUS,N,1
107635,2026,Fall,2268,1,ESPM,299,056,1.0,12.0,SUS,N,1
107635,2026,Fall,2268,1,ESPM,299,057,1.0,12.0,SUS,N,1
107635,2026,Fall,2268,1,ESPM,299,058,1.0,12.0,SUS,N,1
107635,2026,Fall,2268,1,ESPM,299,059,1.0,12.0,SUS,N,1
107635,2026,Fall,2268,1,ESPM,299,060,1.0,12.0,SUS,N,0
107635,2026,Fall,2268,1,ESPM,299,062,1.0,12.0,SUS,N,1
107635,2026,Fall,2268,1,ESPM,299,063,1.0,12.0,SUS,N,1
107635,2026,Fall,2268,1,ESPM,299,064,1.0,12.0,SUS,N,1
107635,2026,Fall,2268,1,ESPM,299,067,1.0,12.0,SUS,N,1
107635,2026,Fall,2268,1,ESPM,299,068,1.0,12.0,SUS,N,0
107635,2026,Fall,2268,1,ESPM,299,070,1.0,12.0,SUS,N,1
107635,2026,Fall,2268,1,ESPM,299,071,1.0,12.0,SUS,N,1
107635,2026,Fall,2268,1,ESPM,299,072,1.0,12.0,SUS,N,1
107635,2026,Fall,2268,1,ESPM,299,073,1.0,12.0,SUS,N,0
107635,2026,Fall,2268,1,ESPM,299,074,1.0,12.0,SUS,N,1
107635,2026,Fall,2268,1,ESPM,299,075,1.0,12.0,SUS,N,1
107635,2026,Fall,2268,1,ESPM,299,076,1.0,12.0,SUS,N,1
107635,2026,Fall,2268,1,ESPM,299,077,1.0,12.0,SUS,N,1
107635,2026,Fall,2268,1,ESPM,299,078,1.0,12.0,SUS,N,1
107635,2026,Fall,2268,1,ESPM,299,079,1.0,12.0,SUS,N,0
107635,2026,Fall,2268,1,ESPM,299,080,1.0,12.0,SUS,N,1
107635,2026,Fall,2268,1,ESPM,299,081,1.0,12.0,SUS,N,0
107636,2026,Fall,2268,1,ESPM,300,001,1.0,6.0,SUS,N,0
164596,2026,Fall,2268,1,ESPM,376,001,2.0,2.0,SUS,N,0
107640,2026,Fall,2268,1,ESPM,39,001,1.0,3.0,OPT,Y,0
107668,2026,Fall,2268,1,ESPM,40,001,3.0,3.0,OPT,Y,0
107670,2026,Fall,2268,1,ESPM,42,001,3.0,3.0,OPT,Y,498
107671,2026,Fall,2268,1,ESPM,44,001,2.0,2.0,OPT,Y,0
107673,2026,Fall,2268,1,ESPM,50AC,001,4.0,4.0,OPT,Y,10062
107674,2026,Fall,2268,1,ESPM,6,001,3.0,3.0,OPT,Y,28
107676,2026,Fall,2268,1,ESPM,60,001,4.0,4.0,OPT,Y,1
107686,2026,Fall,2268,1,ESPM,90,001,2.0,2.0,OPT,N,717
107687,2026,Fall,2268,1,ESPM,98,001,1.0,1.0,PNP,N,36
107687,2026,Fall,2268,1,ESPM,98,003,2.0,2.0,PNP,N,27
107687,2026,Fall,2268,1,ESPM,98,004,2.0,2.0,PNP,N,15
107688,2026,Fall,2268,1,ESPM,98BC,002,1.0,1.0,PNP,N,145
107689,2026,Fall,2268,1,ESPM,99,001,1.0,3.0,PNP,N,0
123925,2026,Fall,2268,1,ESPM,C10,9999,4.0,4.0,OPT,Y,0
123780,2026,Fall,2268,1,ESPM,C103,001,4.0,4.0,OPT,Y,174
124490,2026,Fall,2268,1,ESPM,C104,001,4.0,4.0,OPT,Y,0
124464,2026,Fall,2268,1,ESPM,C105,001,3.0,3.0,OPT,N,163
124225,2026,Fall,2268,1,ESPM,C107,001,15.0,15.0,OPT,A,1039
161269,2026,Fall,2268,1,ESPM,C110A,001,4.0,4.0,OPT,Y,167
155999,2026,Fall,2268,1,ESPM,C125,001,4.0,4.0,OPT,Y,134
124453,2026,Fall,2268,1,ESPM,C126,001,4.0,4.0,OPT,Y,169
123715,2026,Fall,2268,1,ESPM,C129,001,3.0,3.0,OPT,Y,29
124482,2026,Fall,2268,1,ESPM,C130,001,4.0,4.0,OPT,A,0
158113,2026,Fall,2268,1,ESPM,C135A,001,4.0,4.0,OPT,A,0
162169,2026,Fall,2268,1,ESPM,C162A,001,4.0,4.0,OPT,N,16
124380,2026,Fall,2268,1,ESPM,C170,001,3.0,3.0,OPT,N,0
160222,2026,Fall,2268,1,ESPM,C172,001,4.0,4.0,OPT,Y,14
161641,2026,Fall,2268,1,ESPM,C176,001,4.0,4.0,OPT,A,0
125728,2026,Fall,2268,1,ESPM,C179A,001,2.0,2.0,OPT,A,0
124488,2026,Fall,2268,1,ESPM,C192,001,2.0,2.0,OPT,Y,0
124423,2026,Fall,2268,1,ESPM,C204,001,1.0,1.0,OPT,N,86
165037,2026,Fall,2268,1,ESPM,C218,001,3.0,3.0,OPT,Y,24
124302,2026,Fall,2268,1,ESPM,C220,001,5.0,5.0,OPT,N,0
162815,2026,Fall,2268,1,ESPM,C223,001,4.0,4.0,OPT,N,17
123942,2026,Fall,2268,1,ESPM,C225,001,2.0,2.0,SUS,N,92
156010,2026,Fall,2268,1,ESPM,C22AC,001,4.0,4.0,OPT,Y,0
124346,2026,Fall,2268,1,ESPM,C252,001,3.0,3.0,OPT,N,60
124228,2026,Fall,2268,1,ESPM,C254,001,4.0,4.0,OPT,N,37
163264,2026,Fall,2268,1,ESPM,C266,001,3.0,3.0,OPT,Y,0
124348,2026,Fall,2268,1,ESPM,C273,001,3.0,3.0,SUS,N,0
107691,2026,Fall,2268,1,ESPM,H175A,001,3.0,3.0,OPT,N,0
107691,2026,Fall,2268,1,ESPM,H175A,002,3.0,3.0,OPT,N,0
107693,2026,Fall,2268,1,ESPM,H175L,001,1.0,1.0,OPT,N,0
107693,2026,Fall,2268,1,ESPM,H175L,002,1.0,1.0,OPT,N,0
107693,2026,Fall,2268,1,ESPM,H175L,003,1.0,1.0,OPT,N,0
107693,2026,Fall,2268,1,ESPM,H175L,004,1.0,1.0,OPT,N,0
107693,2026,Fall,2268,1,ESPM,H175L,005,1.0,1.0,OPT,N,0
107693,2026,Fall,2268,1,ESPM,H175L,006,1.0,1.0,OPT,N,0
107693,2026,Fall,2268,1,ESPM,H175L,007,1.0,1.0,OPT,N,0
107693,2026,Fall,2268,1,ESPM,H175L,008,1.0,1.0,OPT,N,0
107693,2026,Fall,2268,1,ESPM,H175L,009,1.0,1.0,OPT,N,0
107693,2026,Fall,2268,1,ESPM,H175L,010,1.0,1.0,OPT,N,0
107693,2026,Fall,2268,1,ESPM,H175L,011,1.0,1.0,OPT,N,0
107693,2026,Fall,2268,1,ESPM,H175L,012,1.0,1.0,OPT,N,0
107693,2026,Fall,2268,1,ESPM,H175L,013,1.0,1.0,OPT,N,0
107693,2026,Fall,2268,1,ESPM,H175L,014,1.0,1.0,OPT,N,0
107693,2026,Fall,2268,1,ESPM,H175L,015,1.0,1.0,OPT,N,0
107693,2026,Fall,2268,1,ESPM,H175L,16,1.0,1.0,OPT,N,0
107694,2026,Fall,2268,1,ESPM,H196,001,4.0,4.0,OPT,N,0
107694,2026,Fall,2268,1,ESPM,H196,002,4.0,4.0,OPT,N,0
107694,2026,Fall,2268,1,ESPM,H196,003,4.0,4.0,OPT,N,0
107694,2026,Fall,2268,1,ESPM,H196,004,4.0,4.0,OPT,N,0
107694,2026,Fall,2268,1,ESPM,H196,005,4.0,4.0,OPT,N,0
107694,2026,Fall,2268,1,ESPM,H196,006,4.0,4.0,OPT,N,0
107694,2026,Fall,2268,1,ESPM,H196,007,4.0,4.0,OPT,N,0
107694,2026,Fall,2268,1,ESPM,H196,008,4.0,4.0,OPT,N,0
107694,2026,Fall,2268,1,ESPM,H196,009,4.0,4.0,OPT,N,0
107694,2026,Fall,2268,1,ESPM,H196,010,4.0,4.0,OPT,N,0
107694,2026,Fall,2268,1,ESPM,H196,011,4.0,4.0,OPT,N,0
107694,2026,Fall,2268,1,ESPM,H196,012,4.0,4.0,OPT,N,0
107694,2026,Fall,2268,1,ESPM,H196,013,4.0,4.0,OPT,N,0
107694,2026,Fall,2268,1,ESPM,H196,014,4.0,4.0,OPT,N,0
107694,2026,Fall,2268,1,ESPM,H196,015,4.0,4.0,OPT,N,0
107694,2026,Fall,2268,1,ESPM,H196,016,4.0,4.0,OPT,N,0
107694,2026,Fall,2268,1,ESPM,H196,017,4.0,4.0,OPT,N,0
107694,2026,Fall,2268,1,ESPM,H196,018,4.0,4.0,OPT,N,0
107694,2026,Fall,2268,1,ESPM,H196,019,4.0,4.0,OPT,N,0
107694,2026,Fall,2268,1,ESPM,H196,020,4.0,4.0,OPT,N,0
107694,2026,Fall,2268,1,ESPM,H196,021,4.0,4.0,OPT,N,0
107694,2026,Fall,2268,1,ESPM,H196,022,4.0,4.0,OPT,N,0
107694,2026,Fall,2268,1,ESPM,H196,023,4.0,4.0,OPT,N,0
107694,2026,Fall,2268,1,ESPM,H196,026,4.0,4.0,OPT,N,0
107694,2026,Fall,2268,1,ESPM,H196,100,4.0,4.0,OPT,N,0
107694,2026,Fall,2268,1,ESPM,H196,222,4.0,4.0,OPT,N,0
107694,2026,Fall,2268,1,ESPM,H196,241,4.0,4.0,OPT,N,0
107694,2026,Fall,2268,1,ESPM,H196,25,4.0,4.0,OPT,N,0
107694,2026,Fall,2268,1,ESPM,H196,30,4.0,4.0,OPT,N,0
107694,2026,Fall,2268,1,ESPM,H196,31,4.0,4.0,OPT,N,0
107694,2026,Fall,2268,1,ESPM,H196,32,4.0,4.0,OPT,N,0
107694,2026,Fall,2268,1,ESPM,H196,33,4.0,4.0,OPT,N,0
107694,2026,Fall,2268,1,ESPM,H196,34,4.0,4.0,OPT,N,0
107694,2026,Fall,2268,1,ESPM,H196,35,4.0,4.0,OPT,N,0
107694,2026,Fall,2268,1,ESPM,H196,351,4.0,4.0,OPT,N,0
107694,2026,Fall,2268,1,ESPM,H196,352,4.0,4.0,OPT,N,0
107694,2026,Fall,2268,1,ESPM,H196,354,4.0,4.0,OPT,N,0
107694,2026,Fall,2268,1,ESPM,H196,355,4.0,4.0,OPT,N,0
107694,2026,Fall,2268,1,ESPM,H196,40,4.0,4.0,OPT,N,0
107694,2026,Fall,2268,1,ESPM,H196,41,4.0,4.0,OPT,N,0
107694,2026,Fall,2268,1,ESPM,H196,42,4.0,4.0,OPT,N,0
107694,2026,Fall,2268,1,ESPM,H196,43,4.0,4.0,OPT,N,0
107694,2026,Fall,2268,1,ESPM,H196,44,4.0,4.0,OPT,N,0
107694,2026,Fall,2268,1,ESPM,H196,45,4.0,4.0,OPT,N,0
107694,2026,Fall,2268,1,ESPM,H196,46,4.0,4.0,OPT,N,0
107694,2026,Fall,2268,1,ESPM,H196,47,4.0,4.0,OPT,N,0
107694,2026,Fall,2268,1,ESPM,H196,48,4.0,4.0,OPT,N,0
107694,2026,Fall,2268,1,ESPM,H196,50,4.0,4.0,OPT,N,0
107694,2026,Fall,2268,1,ESPM,H196,51,4.0,4.0,OPT,N,0
107694,2026,Fall,2268,1,ESPM,H196,52,4.0,4.0,OPT,N,0
107734,2026,Fall,2268,1,ETHSTD,100,001,4.0,4.0,OPT,N,0
107735,2026,Fall,2268,1,ETHSTD,101A,001,4.0,4.0,OPT,A,0
107736,2026,Fall,2268,1,ETHSTD,101B,001,4.0,4.0,OPT,N,309
107738,2026,Fall,2268,1,ETHSTD,103A,001,4.0,4.0,OPT,Y,0
107739,2026,Fall,2268,1,ETHSTD,103B,001,4.0,4.0,OPT,Y,0
107732,2026,Fall,2268,1,ETHSTD,10AC,001,4.0,4.0,OPT,Y,0
107743,2026,Fall,2268,1,ETHSTD,11AC,001,4.0,4.0,OPT,Y,880
161987,2026,Fall,2268,1,ETHSTD,12,001,4.0,4.0,OPT,A,578
161987,2026,Fall,2268,1,ETHSTD,12,002,4.0,4.0,OPT,A,611
161243,2026,Fall,2268,1,ETHSTD,127,001,4.0,4.0,OPT,A,0
107753,2026,Fall,2268,1,ETHSTD,130,001,4.0,4.0,OPT,Y,0
107759,2026,Fall,2268,1,ETHSTD,135,001,4.0,4.0,OPT,Y,0
107767,2026,Fall,2268,1,ETHSTD,145,001,4.0,4.0,OPT,A,0
107773,2026,Fall,2268,1,ETHSTD,150,001,4.0,4.0,OPT,Y,163
124449,2026,Fall,2268,1,ETHSTD,173AC,001,4.0,4.0,OPT,N,0
107776,2026,Fall,2268,1,ETHSTD,175,001,4.0,4.0,OPT,N,231
107778,2026,Fall,2268,1,ETHSTD,180,001,1.0,4.0,OPT,Y,0
107778,2026,Fall,2268,1,ETHSTD,180,002,4.0,4.0,OPT,Y,51
107778,2026,Fall,2268,1,ETHSTD,180,003,1.0,4.0,OPT,Y,0
107778,2026,Fall,2268,1,ETHSTD,180,004,1.0,4.0,OPT,Y,0
107780,2026,Fall,2268,1,ETHSTD,190,001,4.0,4.0,OPT,Y,0
107780,2026,Fall,2268,1,ETHSTD,190,002,4.0,4.0,OPT,Y,0
107780,2026,Fall,2268,1,ETHSTD,190,003,4.0,4.0,OPT,Y,0
107781,2026,Fall,2268,1,ETHSTD,190AC,001,4.0,4.0,OPT,Y,461
107781,2026,Fall,2268,1,ETHSTD,190AC,002,3.0,4.0,OPT,Y,0
156082,2026,Fall,2268,1,ETHSTD,194,001,2.0,2.0,OPT,A,0
156082,2026,Fall,2268,1,ETHSTD,194,002,2.0,2.0,OPT,A,0
156082,2026,Fall,2268,1,ETHSTD,194,003,2.0,2.0,OPT,A,0
156082,2026,Fall,2268,1,ETHSTD,194,004,2.0,2.0,OPT,A,0
156082,2026,Fall,2268,1,ETHSTD,194,005,2.0,2.0,OPT,A,0
156082,2026,Fall,2268,1,ETHSTD,194,006,2.0,2.0,OPT,A,0
155325,2026,Fall,2268,1,ETHSTD,194B,001,2.0,2.0,OPT,A,0
107784,2026,Fall,2268,1,ETHSTD,196,001,4.0,4.0,OPT,Y,0
107784,2026,Fall,2268,1,ETHSTD,196,002,4.0,4.0,OPT,Y,0
107785,2026,Fall,2268,1,ETHSTD,197,001,1.0,3.0,PNP,A,0
107785,2026,Fall,2268,1,ETHSTD,197,002,1.0,3.0,PNP,A,0
107785,2026,Fall,2268,1,ETHSTD,197,003,1.0,3.0,PNP,A,0
107785,2026,Fall,2268,1,ETHSTD,197,004,1.0,3.0,PNP,A,0
107785,2026,Fall,2268,1,ETHSTD,197,005,1.0,3.0,PNP,A,0
107785,2026,Fall,2268,1,ETHSTD,197,006,1.0,3.0,PNP,A,0
107785,2026,Fall,2268,1,ETHSTD,197,007,1.0,3.0,PNP,A,0
107785,2026,Fall,2268,1,ETHSTD,197,008,1.0,3.0,PNP,A,0
107785,2026,Fall,2268,1,ETHSTD,197,009,1.0,3.0,PNP,A,0
107785,2026,Fall,2268,1,ETHSTD,197,010,1.0,3.0,PNP,A,0
107785,2026,Fall,2268,1,ETHSTD,197,011,1.0,3.0,PNP,A,0
107785,2026,Fall,2268,1,ETHSTD,197,012,1.0,3.0,PNP,A,0
107785,2026,Fall,2268,1,ETHSTD,197,013,1.0,3.0,PNP,A,0
107785,2026,Fall,2268,1,ETHSTD,197,014,1.0,3.0,PNP,A,0
107785,2026,Fall,2268,1,ETHSTD,197,015,1.0,3.0,PNP,A,0
107785,2026,Fall,2268,1,ETHSTD,197,016,1.0,3.0,PNP,A,0
107785,2026,Fall,2268,1,ETHSTD,197,017,1.0,3.0,PNP,A,0
107785,2026,Fall,2268,1,ETHSTD,197,018,1.0,3.0,PNP,A,0
107785,2026,Fall,2268,1,ETHSTD,197,019,1.0,3.0,PNP,A,0
107785,2026,Fall,2268,1,ETHSTD,197,020,1.0,3.0,PNP,A,0
163996,2026,Fall,2268,1,ETHSTD,197A,001,1.0,1.0,PNP,A,0
107786,2026,Fall,2268,1,ETHSTD,198,002,1.0,1.0,PNP,N,112
107787,2026,Fall,2268,1,ETHSTD,198BC,001,1.0,1.0,PNP,N,44
107788,2026,Fall,2268,1,ETHSTD,199,001,1.0,4.0,PNP,N,0
107788,2026,Fall,2268,1,ETHSTD,199,002,1.0,4.0,PNP,N,0
107788,2026,Fall,2268,1,ETHSTD,199,003,1.0,4.0,PNP,N,0
107788,2026,Fall,2268,1,ETHSTD,199,004,1.0,4.0,PNP,N,0
107788,2026,Fall,2268,1,ETHSTD,199,005,1.0,4.0,PNP,N,0
107788,2026,Fall,2268,1,ETHSTD,199,006,1.0,4.0,PNP,N,0
125551,2026,Fall,2268,1,ETHSTD,200,001,4.0,4.0,OPT,N,0
125552,2026,Fall,2268,1,ETHSTD,201,001,4.0,4.0,OPT,N,0
125553,2026,Fall,2268,1,ETHSTD,202,001,4.0,4.0,OPT,N,10
125554,2026,Fall,2268,1,ETHSTD,203,001,4.0,4.0,OPT,N,0
107792,2026,Fall,2268,1,ETHSTD,21AC,001,4.0,4.0,OPT,Y,0
161973,2026,Fall,2268,1,ETHSTD,22AC,001,4.0,4.0,OPT,A,0
107793,2026,Fall,2268,1,ETHSTD,24,001,1.0,1.0,OPT,Y,0
107793,2026,Fall,2268,1,ETHSTD,24,002,1.0,1.0,OPT,Y,0
125556,2026,Fall,2268,1,ETHSTD,240,001,4.0,4.0,OPT,N,0
125557,2026,Fall,2268,1,ETHSTD,250,001,4.0,4.0,OPT,N,6
125557,2026,Fall,2268,1,ETHSTD,250,002,4.0,4.0,OPT,N,0
125557,2026,Fall,2268,1,ETHSTD,250,003,4.0,4.0,OPT,N,6
125558,2026,Fall,2268,1,ETHSTD,296,001,4.0,12.0,SUS,N,0
125559,2026,Fall,2268,1,ETHSTD,299,001,2.0,4.0,OPT,N,0
125559,2026,Fall,2268,1,ETHSTD,299,002,2.0,4.0,OPT,N,0
125559,2026,Fall,2268,1,ETHSTD,299,003,2.0,4.0,OPT,N,0
125559,2026,Fall,2268,1,ETHSTD,299,004,2.0,4.0,OPT,N,0
125559,2026,Fall,2268,1,ETHSTD,299,005,2.0,4.0,OPT,N,0
125559,2026,Fall,2268,1,ETHSTD,299,006,2.0,4.0,OPT,N,0
125559,2026,Fall,2268,1,ETHSTD,299,007,2.0,4.0,OPT,N,0
125559,2026,Fall,2268,1,ETHSTD,299,008,2.0,4.0,OPT,N,0
125559,2026,Fall,2268,1,ETHSTD,299,009,2.0,4.0,OPT,N,0
125559,2026,Fall,2268,1,ETHSTD,299,010,2.0,4.0,OPT,N,0
125559,2026,Fall,2268,1,ETHSTD,299,011,2.0,4.0,OPT,N,0
125559,2026,Fall,2268,1,ETHSTD,299,012,2.0,4.0,OPT,N,0
125559,2026,Fall,2268,1,ETHSTD,299,013,2.0,4.0,OPT,N,0
125559,2026,Fall,2268,1,ETHSTD,299,014,2.0,4.0,OPT,N,0
125559,2026,Fall,2268,1,ETHSTD,299,015,2.0,4.0,OPT,N,0
125560,2026,Fall,2268,1,ETHSTD,302,001,2.0,2.0,SUS,N,4
125561,2026,Fall,2268,1,ETHSTD,303,001,2.0,2.0,SUS,N,0
125562,2026,Fall,2268,1,ETHSTD,601,001,4.0,4.0,SUS,N,0
125605,2026,Fall,2268,1,ETHSTD,602,001,2.0,8.0,SUS,N,0
107825,2026,Fall,2268,1,ETHSTD,97,001,1.0,3.0,PNP,N,0
107825,2026,Fall,2268,1,ETHSTD,97,002,1.0,3.0,PNP,N,0
107825,2026,Fall,2268,1,ETHSTD,97,003,1.0,3.0,PNP,N,0
107825,2026,Fall,2268,1,ETHSTD,97,004,1.0,3.0,PNP,N,0
107825,2026,Fall,2268,1,ETHSTD,97,005,1.0,3.0,PNP,N,0
107825,2026,Fall,2268,1,ETHSTD,97,006,1.0,3.0,PNP,N,0
107825,2026,Fall,2268,1,ETHSTD,97,007,1.0,3.0,PNP,N,0
107825,2026,Fall,2268,1,ETHSTD,97,008,1.0,3.0,PNP,N,0
107825,2026,Fall,2268,1,ETHSTD,97,009,1.0,3.0,PNP,N,0
107825,2026,Fall,2268,1,ETHSTD,97,010,1.0,3.0,PNP,N,0
107825,2026,Fall,2268,1,ETHSTD,97,011,1.0,3.0,PNP,N,0
107825,2026,Fall,2268,1,ETHSTD,97,012,1.0,3.0,PNP,N,0
107825,2026,Fall,2268,1,ETHSTD,97,013,1.0,3.0,PNP,N,0
107825,2026,Fall,2268,1,ETHSTD,97,014,1.0,3.0,PNP,N,0
107825,2026,Fall,2268,1,ETHSTD,97,015,1.0,3.0,PNP,N,0
107825,2026,Fall,2268,1,ETHSTD,97,016,1.0,3.0,PNP,N,0
107825,2026,Fall,2268,1,ETHSTD,97,017,1.0,3.0,PNP,N,0
107825,2026,Fall,2268,1,ETHSTD,97,018,1.0,3.0,PNP,N,0
107825,2026,Fall,2268,1,ETHSTD,97,019,1.0,3.0,PNP,N,0
107825,2026,Fall,2268,1,ETHSTD,97,020,1.0,3.0,PNP,N,0
107825,2026,Fall,2268,1,ETHSTD,97,021,1.0,3.0,PNP,N,0
107827,2026,Fall,2268,1,ETHSTD,98BC,001,1.0,1.0,PNP,N,59
107828,2026,Fall,2268,1,ETHSTD,99,001,1.0,4.0,PNP,N,0
107828,2026,Fall,2268,1,ETHSTD,99,002,1.0,4.0,PNP,N,0
107828,2026,Fall,2268,1,ETHSTD,99,003,1.0,4.0,PNP,N,0
107828,2026,Fall,2268,1,ETHSTD,99,004,1.0,4.0,PNP,N,0
107828,2026,Fall,2268,1,ETHSTD,99,005,1.0,4.0,PNP,N,0
158113,2026,Fall,2268,1,ETHSTD,C135A,001,4.0,4.0,OPT,A,0
161517,2026,Fall,2268,1,ETHSTD,C199C,001,1.0,1.0,PNP,A,0
124386,2026,Fall,2268,1,ETHSTD,C375,001,4.0,4.0,OPT,N,4
124135,2026,Fall,2268,1,ETHSTD,C73AC,001,4.0,4.0,OPT,Y,0
107834,2026,Fall,2268,1,ETHSTD,H196A,001,3.0,3.0,BMT,N,0
124547,2026,Fall,2268,1,EUST,200,01,4.0,4.0,OPT,N,4
124548,2026,Fall,2268,1,EUST,201,001,4.0,4.0,OPT,N,2
107873,2026,Fall,2268,1,EWMBA,200C,01A,1.0,1.0,OPT,N,0
107873,2026,Fall,2268,1,EWMBA,200C,02A,1.0,1.0,OPT,N,0
107873,2026,Fall,2268,1,EWMBA,200C,31A,1.0,1.0,OPT,N,0
107873,2026,Fall,2268,1,EWMBA,200C,32A,1.0,1.0,OPT,N,0
107875,2026,Fall,2268,1,EWMBA,200S,001B,2.0,2.0,OPT,N,0
107875,2026,Fall,2268,1,EWMBA,200S,002B,2.0,2.0,OPT,N,0
107875,2026,Fall,2268,1,EWMBA,200S,031B,2.0,2.0,OPT,N,0
107875,2026,Fall,2268,1,EWMBA,200S,032B,2.0,2.0,OPT,N,0
107875,2026,Fall,2268,1,EWMBA,200S,05BF,2.0,2.0,OPT,N,0
107875,2026,Fall,2268,1,EWMBA,200S,06BF,2.0,2.0,OPT,N,0
107876,2026,Fall,2268,1,EWMBA,201A,001A,2.0,2.0,OPT,N,0
107876,2026,Fall,2268,1,EWMBA,201A,002A,2.0,2.0,OPT,N,0
107876,2026,Fall,2268,1,EWMBA,201A,031A,2.0,2.0,OPT,N,0
107876,2026,Fall,2268,1,EWMBA,201A,032A,2.0,2.0,OPT,N,0
107876,2026,Fall,2268,1,EWMBA,201A,05AF,2.0,2.0,OPT,N,0
107876,2026,Fall,2268,1,EWMBA,201A,06AF,2.0,2.0,OPT,N,0
107878,2026,Fall,2268,1,EWMBA,202,01B,2.0,2.0,OPT,N,0
107878,2026,Fall,2268,1,EWMBA,202,02B,2.0,2.0,OPT,N,0
107878,2026,Fall,2268,1,EWMBA,202,31B,2.0,2.0,OPT,N,0
107878,2026,Fall,2268,1,EWMBA,202,32B,2.0,2.0,OPT,N,0
107880,2026,Fall,2268,1,EWMBA,204,01A,2.0,2.0,OPT,N,0
107880,2026,Fall,2268,1,EWMBA,204,02A,2.0,2.0,OPT,N,0
107880,2026,Fall,2268,1,EWMBA,204,05AF,2.0,2.0,OPT,N,0
107880,2026,Fall,2268,1,EWMBA,204,06AF,2.0,2.0,OPT,N,0
107880,2026,Fall,2268,1,EWMBA,204,31A,2.0,2.0,OPT,N,0
107880,2026,Fall,2268,1,EWMBA,204,32A,2.0,2.0,OPT,N,0
107881,2026,Fall,2268,1,EWMBA,205,01A,2.0,2.0,OPT,N,0
107881,2026,Fall,2268,1,EWMBA,205,02A,2.0,2.0,OPT,N,0
107881,2026,Fall,2268,1,EWMBA,205,05AF,2.0,2.0,OPT,N,0
107881,2026,Fall,2268,1,EWMBA,205,06AF,2.0,2.0,OPT,N,0
107881,2026,Fall,2268,1,EWMBA,205,31A,2.0,2.0,OPT,N,0
107881,2026,Fall,2268,1,EWMBA,205,32A,2.0,2.0,OPT,N,0
107883,2026,Fall,2268,1,EWMBA,206,01B,2.0,2.0,OPT,N,0
107883,2026,Fall,2268,1,EWMBA,206,02B,2.0,2.0,OPT,N,0
107883,2026,Fall,2268,1,EWMBA,206,05BF,2.0,2.0,OPT,N,0
107883,2026,Fall,2268,1,EWMBA,206,06BF,2.0,2.0,OPT,N,0
107883,2026,Fall,2268,1,EWMBA,206,31B,2.0,2.0,OPT,N,0
107883,2026,Fall,2268,1,EWMBA,206,32B,2.0,2.0,OPT,N,0
107999,2026,Fall,2268,1,EWMBA,209,01B,2.0,2.0,OPT,N,0
107999,2026,Fall,2268,1,EWMBA,209,02B,2.0,2.0,OPT,N,0
107999,2026,Fall,2268,1,EWMBA,209,031B,2.0,2.0,OPT,N,0
107999,2026,Fall,2268,1,EWMBA,209,032B,2.0,2.0,OPT,N,0
107999,2026,Fall,2268,1,EWMBA,209,05BF,2.0,2.0,OPT,N,0
107999,2026,Fall,2268,1,EWMBA,209,06BF,2.0,2.0,OPT,N,0
107885,2026,Fall,2268,1,EWMBA,210,001F,3.0,3.0,OPT,N,0
107886,2026,Fall,2268,1,EWMBA,211,001,1.0,3.0,OPT,N,0
107887,2026,Fall,2268,1,EWMBA,212,011,3.0,3.0,OPT,Y,0
107888,2026,Fall,2268,1,EWMBA,212A,001,3.0,3.0,OPT,N,0
107890,2026,Fall,2268,1,EWMBA,215,001,1.0,3.0,OPT,N,0
107891,2026,Fall,2268,1,EWMBA,217,001,0.5,3.0,OPT,N,0
107891,2026,Fall,2268,1,EWMBA,217,002,0.5,3.0,OPT,N,0
107891,2026,Fall,2268,1,EWMBA,217,040,0.5,3.0,OPT,N,0
107894,2026,Fall,2268,1,EWMBA,222,001,3.0,3.0,OPT,Y,0
107894,2026,Fall,2268,1,EWMBA,222,011,3.0,3.0,OPT,Y,0
107894,2026,Fall,2268,1,EWMBA,222,040,3.0,3.0,OPT,Y,0
107895,2026,Fall,2268,1,EWMBA,223,001,3.0,3.0,OPT,N,0
107895,2026,Fall,2268,1,EWMBA,223,011,3.0,3.0,OPT,N,0
107896,2026,Fall,2268,1,EWMBA,224A,011,2.0,2.0,OPT,N,0
107896,2026,Fall,2268,1,EWMBA,224A,040,2.0,2.0,OPT,N,0
107900,2026,Fall,2268,1,EWMBA,231,011,3.0,3.0,OPT,N,0
107900,2026,Fall,2268,1,EWMBA,231,01F,3.0,3.0,OPT,N,0
107902,2026,Fall,2268,1,EWMBA,233,011F,2.0,3.0,OPT,Y,0
107905,2026,Fall,2268,1,EWMBA,236B,001,2.0,2.0,OPT,N,0
107905,2026,Fall,2268,1,EWMBA,236B,040,2.0,2.0,OPT,N,0
107907,2026,Fall,2268,1,EWMBA,236D,001,3.0,3.0,OPT,Y,0
107908,2026,Fall,2268,1,EWMBA,236E,011,2.0,2.0,OPT,Y,0
107908,2026,Fall,2268,1,EWMBA,236E,012,2.0,2.0,OPT,Y,0
107909,2026,Fall,2268,1,EWMBA,236F,011,1.0,3.0,OPT,N,0
107910,2026,Fall,2268,1,EWMBA,236G,10B,1.0,2.0,OPT,N,0
107910,2026,Fall,2268,1,EWMBA,236G,11B,1.0,2.0,OPT,N,0
148017,2026,Fall,2268,1,EWMBA,236I,001,2.0,2.0,OPT,N,0
148026,2026,Fall,2268,1,EWMBA,236L,001F,1.0,2.0,OPT,N,0
148026,2026,Fall,2268,1,EWMBA,236L,011,1.0,2.0,OPT,N,0
148026,2026,Fall,2268,1,EWMBA,236L,05F,1.0,2.0,OPT,N,0
107912,2026,Fall,2268,1,EWMBA,236V,001,2.0,3.0,OPT,N,0
107913,2026,Fall,2268,1,EWMBA,237,001,0.5,3.0,OPT,N,0
107913,2026,Fall,2268,1,EWMBA,237,002F,0.5,3.0,OPT,N,0
107913,2026,Fall,2268,1,EWMBA,237,003,0.5,3.0,OPT,N,0
107913,2026,Fall,2268,1,EWMBA,237,005,0.5,3.0,OPT,N,0
107913,2026,Fall,2268,1,EWMBA,237,011,0.5,3.0,OPT,N,0
107914,2026,Fall,2268,1,EWMBA,240,001,2.0,2.0,OPT,N,0
107961,2026,Fall,2268,1,EWMBA,246,011,1.0,2.0,OPT,N,0
107917,2026,Fall,2268,1,EWMBA,246A,011,3.0,3.0,OPT,Y,0
107918,2026,Fall,2268,1,EWMBA,247,001,0.5,3.0,OPT,N,0
107918,2026,Fall,2268,1,EWMBA,247,011,0.5,3.0,OPT,N,0
107921,2026,Fall,2268,1,EWMBA,248A,001,3.0,3.0,OPT,Y,0
161502,2026,Fall,2268,1,EWMBA,251A,011F,2.0,2.0,OPT,N,0
107924,2026,Fall,2268,1,EWMBA,252,001,2.0,3.0,OPT,N,0
107924,2026,Fall,2268,1,EWMBA,252,011,2.0,3.0,OPT,N,0
107924,2026,Fall,2268,1,EWMBA,252,02F,2.0,3.0,OPT,N,0
107925,2026,Fall,2268,1,EWMBA,254,001,2.0,3.0,OPT,Y,0
107925,2026,Fall,2268,1,EWMBA,254,02F,2.0,3.0,OPT,Y,0
107926,2026,Fall,2268,1,EWMBA,255,001,1.0,3.0,OPT,N,0
107927,2026,Fall,2268,1,EWMBA,256,001F,3.0,3.0,OPT,N,0
107928,2026,Fall,2268,1,EWMBA,257,002,0.5,3.0,OPT,N,0
107928,2026,Fall,2268,1,EWMBA,257,004,0.5,3.0,OPT,N,0
107928,2026,Fall,2268,1,EWMBA,257,011F,0.5,3.0,OPT,N,0
107928,2026,Fall,2268,1,EWMBA,257,012F,0.5,3.0,OPT,N,0
107928,2026,Fall,2268,1,EWMBA,257,013,0.5,3.0,OPT,N,0
161423,2026,Fall,2268,1,EWMBA,258P,11F,1.0,1.0,OPT,N,0
107931,2026,Fall,2268,1,EWMBA,260,001,3.0,3.0,OPT,Y,0
107932,2026,Fall,2268,1,EWMBA,261,001,2.0,3.0,OPT,N,0
107932,2026,Fall,2268,1,EWMBA,261,002,2.0,3.0,OPT,N,0
107932,2026,Fall,2268,1,EWMBA,261,011,2.0,3.0,OPT,N,0
107933,2026,Fall,2268,1,EWMBA,262,001,3.0,3.0,OPT,N,0
107937,2026,Fall,2268,1,EWMBA,266,001,3.0,3.0,OPT,Y,0
107939,2026,Fall,2268,1,EWMBA,267,001,0.5,3.0,OPT,N,0
107939,2026,Fall,2268,1,EWMBA,267,002,0.5,3.0,OPT,N,0
107939,2026,Fall,2268,1,EWMBA,267,011,0.5,3.0,OPT,N,0
107939,2026,Fall,2268,1,EWMBA,267,012,0.5,3.0,OPT,N,0
107940,2026,Fall,2268,1,EWMBA,268B,001,2.0,2.0,OPT,N,0
107941,2026,Fall,2268,1,EWMBA,268C,011,1.0,3.0,OPT,Y,0
125564,2026,Fall,2268,1,EWMBA,268D,011,3.0,3.0,OPT,N,0
107942,2026,Fall,2268,1,EWMBA,269,01F,3.0,3.0,OPT,N,0
107942,2026,Fall,2268,1,EWMBA,269,040,3.0,3.0,OPT,N,0
107944,2026,Fall,2268,1,EWMBA,273,011,2.0,3.0,OPT,N,0
107946,2026,Fall,2268,1,EWMBA,277,001,1.0,3.0,OPT,N,0
107946,2026,Fall,2268,1,EWMBA,277,002,1.0,3.0,OPT,N,0
107946,2026,Fall,2268,1,EWMBA,277,011,1.0,3.0,OPT,N,0
107946,2026,Fall,2268,1,EWMBA,277,012,1.0,3.0,OPT,N,0
107947,2026,Fall,2268,1,EWMBA,280,001,3.0,3.0,OPT,N,0
107948,2026,Fall,2268,1,EWMBA,282,001,3.0,3.0,OPT,Y,0
107949,2026,Fall,2268,1,EWMBA,283,001,3.0,3.0,OPT,Y,0
107952,2026,Fall,2268,1,EWMBA,287,001,1.0,3.0,OPT,N,0
107956,2026,Fall,2268,1,EWMBA,290H,001,3.0,3.0,OPT,N,0
107964,2026,Fall,2268,1,EWMBA,290T,001,0.5,3.0,OPT,N,0
107964,2026,Fall,2268,1,EWMBA,290T,002A,0.5,3.0,OPT,N,0
107964,2026,Fall,2268,1,EWMBA,290T,003,0.5,3.0,OPT,N,0
107964,2026,Fall,2268,1,EWMBA,290T,004,0.5,3.0,OPT,N,0
107964,2026,Fall,2268,1,EWMBA,290T,011,0.5,3.0,OPT,N,0
107964,2026,Fall,2268,1,EWMBA,290T,012,0.5,3.0,OPT,N,0
107964,2026,Fall,2268,1,EWMBA,290T,013,0.5,3.0,OPT,N,0
107964,2026,Fall,2268,1,EWMBA,290T,31A,0.5,3.0,OPT,N,0
107964,2026,Fall,2268,1,EWMBA,290T,32A,0.5,3.0,OPT,N,0
107965,2026,Fall,2268,1,EWMBA,290V,001,3.0,3.0,OPT,N,0
107965,2026,Fall,2268,1,EWMBA,290V,011,3.0,3.0,OPT,N,0
107967,2026,Fall,2268,1,EWMBA,291C,011,1.0,1.0,OPT,N,0
107967,2026,Fall,2268,1,EWMBA,291C,012,1.0,1.0,OPT,N,0
107968,2026,Fall,2268,1,EWMBA,291D,001,1.0,2.0,OPT,N,0
107968,2026,Fall,2268,1,EWMBA,291D,011,1.0,2.0,OPT,N,0
161656,2026,Fall,2268,1,EWMBA,291E,011F,2.0,2.0,OPT,N,0
160414,2026,Fall,2268,1,EWMBA,291F,012,1.0,1.0,OPT,N,0
107970,2026,Fall,2268,1,EWMBA,291L,011,1.0,1.0,OPT,N,0
158767,2026,Fall,2268,1,EWMBA,291R,011,1.0,1.0,OPT,N,0
107971,2026,Fall,2268,1,EWMBA,291S,001F,1.0,1.0,OPT,N,0
107972,2026,Fall,2268,1,EWMBA,291T,011,1.0,3.0,OPT,N,0
107972,2026,Fall,2268,1,EWMBA,291T,012,1.0,3.0,OPT,N,0
107972,2026,Fall,2268,1,EWMBA,291T,013,1.0,3.0,OPT,N,0
107973,2026,Fall,2268,1,EWMBA,292A,001,2.0,3.0,OPT,Y,0
107974,2026,Fall,2268,1,EWMBA,292B,011,1.0,1.0,OPT,N,0
107975,2026,Fall,2268,1,EWMBA,292C,01F,1.0,3.0,OPT,N,0
107977,2026,Fall,2268,1,EWMBA,292I,011,1.0,1.0,OPT,Y,0
161540,2026,Fall,2268,1,EWMBA,292ID,011,1.0,1.0,OPT,N,0
107978,2026,Fall,2268,1,EWMBA,292J,001,2.0,2.0,OPT,N,0
107980,2026,Fall,2268,1,EWMBA,292N,001,1.0,3.0,OPT,N,0
107980,2026,Fall,2268,1,EWMBA,292N,002,1.0,3.0,OPT,N,0
107980,2026,Fall,2268,1,EWMBA,292N,003,1.0,3.0,OPT,N,0
107980,2026,Fall,2268,1,EWMBA,292N,011,1.0,3.0,OPT,N,0
107980,2026,Fall,2268,1,EWMBA,292N,012,1.0,3.0,OPT,N,0
107980,2026,Fall,2268,1,EWMBA,292N,013,1.0,3.0,OPT,N,0
158799,2026,Fall,2268,1,EWMBA,292R,011,1.0,1.0,OPT,N,0
107982,2026,Fall,2268,1,EWMBA,292S,001,3.0,3.0,OPT,N,0
107983,2026,Fall,2268,1,EWMBA,292T,001,0.5,3.0,OPT,N,0
107983,2026,Fall,2268,1,EWMBA,292T,002,0.5,3.0,OPT,N,0
107983,2026,Fall,2268,1,EWMBA,292T,003F,0.5,3.0,OPT,N,0
107983,2026,Fall,2268,1,EWMBA,292T,004,0.5,3.0,OPT,N,0
107983,2026,Fall,2268,1,EWMBA,292T,005,0.5,3.0,OPT,N,0
107983,2026,Fall,2268,1,EWMBA,292T,006,0.5,3.0,OPT,N,0
107983,2026,Fall,2268,1,EWMBA,292T,007,0.5,3.0,OPT,N,0
107983,2026,Fall,2268,1,EWMBA,292T,011,0.5,3.0,OPT,N,0
107983,2026,Fall,2268,1,EWMBA,292T,012F,0.5,3.0,OPT,N,0
107983,2026,Fall,2268,1,EWMBA,292T,013,0.5,3.0,OPT,N,0
107983,2026,Fall,2268,1,EWMBA,292T,014,0.5,3.0,OPT,N,0
107984,2026,Fall,2268,1,EWMBA,293,001,1.0,5.0,OPT,N,0
107984,2026,Fall,2268,1,EWMBA,293,002,1.0,5.0,OPT,N,0
107984,2026,Fall,2268,1,EWMBA,293,003,1.0,5.0,OPT,N,0
107984,2026,Fall,2268,1,EWMBA,293,004,1.0,5.0,OPT,N,0
107984,2026,Fall,2268,1,EWMBA,293,005,1.0,5.0,OPT,N,0
107984,2026,Fall,2268,1,EWMBA,293,006,1.0,5.0,OPT,N,0
107984,2026,Fall,2268,1,EWMBA,293,007,1.0,5.0,OPT,N,0
107984,2026,Fall,2268,1,EWMBA,293,008,1.0,5.0,OPT,N,0
107984,2026,Fall,2268,1,EWMBA,293,009,1.0,5.0,OPT,N,0
107984,2026,Fall,2268,1,EWMBA,293,010,1.0,5.0,OPT,N,0
107984,2026,Fall,2268,1,EWMBA,293,011,1.0,5.0,OPT,N,0
107984,2026,Fall,2268,1,EWMBA,293,012,1.0,5.0,OPT,N,0
107984,2026,Fall,2268,1,EWMBA,293,013,1.0,5.0,OPT,N,0
107984,2026,Fall,2268,1,EWMBA,293,014,1.0,5.0,OPT,N,0
107984,2026,Fall,2268,1,EWMBA,293,015,1.0,5.0,OPT,N,0
107984,2026,Fall,2268,1,EWMBA,293,016,1.0,5.0,OPT,N,0
107986,2026,Fall,2268,1,EWMBA,295A,011,3.0,3.0,OPT,N,0
107986,2026,Fall,2268,1,EWMBA,295A,01F,3.0,3.0,OPT,N,0
107987,2026,Fall,2268,1,EWMBA,295B,001,3.0,3.0,OPT,N,0
154871,2026,Fall,2268,1,EWMBA,295C,001F,2.0,3.0,OPT,N,0
107993,2026,Fall,2268,1,EWMBA,295M,001,2.0,2.0,OPT,N,0
107994,2026,Fall,2268,1,EWMBA,295T,001,0.5,3.0,OPT,N,0
107994,2026,Fall,2268,1,EWMBA,295T,002F,0.5,3.0,OPT,N,0
107994,2026,Fall,2268,1,EWMBA,295T,011,0.5,3.0,OPT,N,0
107994,2026,Fall,2268,1,EWMBA,295T,012,0.5,3.0,OPT,N,0
107994,2026,Fall,2268,1,EWMBA,295T,013,0.5,3.0,OPT,N,0
107995,2026,Fall,2268,1,EWMBA,296,001F,1.0,3.0,OPT,N,0
107995,2026,Fall,2268,1,EWMBA,296,002F,1.0,3.0,OPT,N,0
107995,2026,Fall,2268,1,EWMBA,296,003,1.0,3.0,OPT,N,0
107995,2026,Fall,2268,1,EWMBA,296,004F,1.0,3.0,OPT,N,0
107995,2026,Fall,2268,1,EWMBA,296,011,1.0,3.0,OPT,N,0
107995,2026,Fall,2268,1,EWMBA,296,013,1.0,3.0,OPT,N,0
107995,2026,Fall,2268,1,EWMBA,296,031B,1.0,3.0,OPT,N,0
107995,2026,Fall,2268,1,EWMBA,296,032B,1.0,3.0,OPT,N,0
107995,2026,Fall,2268,1,EWMBA,296,051,1.0,3.0,OPT,N,0
107995,2026,Fall,2268,1,EWMBA,296,052F,1.0,3.0,OPT,N,0
107995,2026,Fall,2268,1,EWMBA,296,053F,1.0,3.0,OPT,N,0
107995,2026,Fall,2268,1,EWMBA,296,054F,1.0,3.0,OPT,N,0
107996,2026,Fall,2268,1,EWMBA,297A,040,3.0,3.0,OPT,N,0
107997,2026,Fall,2268,1,EWMBA,298S,001,2.0,3.0,OPT,N,0
107997,2026,Fall,2268,1,EWMBA,298S,002,2.0,3.0,OPT,N,0
107997,2026,Fall,2268,1,EWMBA,298S,004,2.0,3.0,OPT,N,0
107998,2026,Fall,2268,1,EWMBA,298X,001,1.0,15.0,SUS,N,0
107998,2026,Fall,2268,1,EWMBA,298X,002,1.0,15.0,SUS,N,0
108000,2026,Fall,2268,1,EWMBA,299B,011,2.0,3.0,OPT,N,0
108002,2026,Fall,2268,1,EWMBA,299M,001,3.0,3.0,OPT,N,0
108002,2026,Fall,2268,1,EWMBA,299M,011,3.0,3.0,OPT,N,0
108008,2026,Fall,2268,1,FILIPN,100A,001,5.0,5.0,OPT,Y,50
108008,2026,Fall,2268,1,FILIPN,100A,002,5.0,5.0,OPT,Y,37
108008,2026,Fall,2268,1,FILIPN,100A,UC01,5.0,5.0,OPT,Y,0
108010,2026,Fall,2268,1,FILIPN,101A,001,3.0,3.0,OPT,A,87
108006,2026,Fall,2268,1,FILIPN,1A,001,5.0,5.0,OPT,Y,115
108006,2026,Fall,2268,1,FILIPN,1A,002,5.0,5.0,OPT,Y,110
108006,2026,Fall,2268,1,FILIPN,1A,003,5.0,5.0,OPT,Y,81
108017,2026,Fall,2268,1,FILIPN,1X,001,5.0,5.0,OPT,A,72
108017,2026,Fall,2268,1,FILIPN,1X,UC01,5.0,5.0,OPT,A,0
108018,2026,Fall,2268,1,FILIPN,1Y,001,5.0,5.0,OPT,A,17
108018,2026,Fall,2268,1,FILIPN,1Y,UC01,5.0,5.0,OPT,A,0
166637,2026,Fall,2268,1,FILIPN,299,001,1.0,12.0,SUS,Y,2
158576,2026,Fall,2268,1,FILM,10,001,4.0,4.0,OPT,Y,287
158565,2026,Fall,2268,1,FILM,125,001,4.0,4.0,OPT,A,115
158574,2026,Fall,2268,1,FILM,135,001,4.0,4.0,OPT,N,86
158557,2026,Fall,2268,1,FILM,145,001,4.0,4.0,OPT,Y,321
158557,2026,Fall,2268,1,FILM,145,002,4.0,4.0,OPT,Y,122
158557,2026,Fall,2268,1,FILM,145,003,4.0,4.0,OPT,Y,66
158523,2026,Fall,2268,1,FILM,155,001,4.0,4.0,OPT,Y,225
108034,2026,Fall,2268,1,FILM,170,001,4.0,4.0,OPT,Y,137
160155,2026,Fall,2268,1,FILM,171,001,4.0,4.0,OPT,Y,60
160161,2026,Fall,2268,1,FILM,172,001,4.0,4.0,OPT,Y,61
108041,2026,Fall,2268,1,FILM,180,001,4.0,4.0,OPT,Y,475
157560,2026,Fall,2268,1,FILM,182,001,4.0,4.0,OPT,Y,114
108114,2026,Fall,2268,1,FILM,183,001,4.0,4.0,OPT,A,120
108046,2026,Fall,2268,1,FILM,185,001,4.0,4.0,OPT,A,166
108046,2026,Fall,2268,1,FILM,185,002,4.0,4.0,OPT,A,176
161387,2026,Fall,2268,1,FILM,188,001,4.0,4.0,OPT,A,125
108026,2026,Fall,2268,1,FILM,190,001,4.0,4.0,OPT,Y,54
161581,2026,Fall,2268,1,FILM,193,001,4.0,4.0,OPT,A,39
108053,2026,Fall,2268,1,FILM,197A,001,2.0,2.0,PNP,N,0
108054,2026,Fall,2268,1,FILM,197B,001,1.0,4.0,PNP,N,0
108058,2026,Fall,2268,1,FILM,199,001,1.0,4.0,PNP,N,0
108058,2026,Fall,2268,1,FILM,199,002,1.0,4.0,PNP,N,0
108058,2026,Fall,2268,1,FILM,199,003,1.0,4.0,PNP,N,0
108060,2026,Fall,2268,1,FILM,20,001,4.0,4.0,OPT,Y,692
108061,2026,Fall,2268,1,FILM,200,001,4.0,4.0,OPT,N,21
108063,2026,Fall,2268,1,FILM,203,001,2.0,4.0,SUS,N,24
108069,2026,Fall,2268,1,FILM,240,001,4.0,4.0,OPT,N,16
108069,2026,Fall,2268,1,FILM,240,002,4.0,4.0,OPT,N,14
108075,2026,Fall,2268,1,FILM,298,001,1.0,4.0,OPT,N,0
108075,2026,Fall,2268,1,FILM,298,002,1.0,4.0,OPT,N,0
108075,2026,Fall,2268,1,FILM,298,003,1.0,4.0,OPT,N,0
108075,2026,Fall,2268,1,FILM,298,004,1.0,4.0,OPT,N,0
108075,2026,Fall,2268,1,FILM,298,005,1.0,4.0,OPT,N,0
108076,2026,Fall,2268,1,FILM,299,001,1.0,12.0,SUS,N,0
108076,2026,Fall,2268,1,FILM,299,002,1.0,12.0,SUS,N,0
108076,2026,Fall,2268,1,FILM,299,003,1.0,12.0,SUS,N,0
108076,2026,Fall,2268,1,FILM,299,004,1.0,12.0,SUS,N,0
108076,2026,Fall,2268,1,FILM,299,005,1.0,12.0,SUS,N,0
108076,2026,Fall,2268,1,FILM,299,006,1.0,12.0,SUS,N,0
108076,2026,Fall,2268,1,FILM,299,007,1.0,12.0,SUS,N,0
108076,2026,Fall,2268,1,FILM,299,008,1.0,12.0,SUS,N,0
108076,2026,Fall,2268,1,FILM,299,009,1.0,12.0,SUS,N,0
108076,2026,Fall,2268,1,FILM,299,010,1.0,12.0,SUS,N,0
108076,2026,Fall,2268,1,FILM,299,011,1.0,12.0,SUS,N,0
108076,2026,Fall,2268,1,FILM,299,012,1.0,12.0,SUS,N,0
108076,2026,Fall,2268,1,FILM,299,013,1.0,12.0,SUS,N,0
108076,2026,Fall,2268,1,FILM,299,014,1.0,12.0,SUS,N,0
108076,2026,Fall,2268,1,FILM,299,015,1.0,12.0,SUS,N,0
108076,2026,Fall,2268,1,FILM,299,016,1.0,12.0,SUS,N,0
158540,2026,Fall,2268,1,FILM,30,001,4.0,4.0,OPT,Y,114
158540,2026,Fall,2268,1,FILM,30,002,4.0,4.0,OPT,Y,187
158577,2026,Fall,2268,1,FILM,35,001,4.0,4.0,OPT,Y,172
161396,2026,Fall,2268,1,FILM,375,001,2.0,2.0,SUS,N,0
158567,2026,Fall,2268,1,FILM,45,001,4.0,4.0,OPT,Y,0
108107,2026,Fall,2268,1,FILM,602,001,1.0,6.0,SUS,N,0
108107,2026,Fall,2268,1,FILM,602,002,1.0,6.0,SUS,N,0
108107,2026,Fall,2268,1,FILM,602,003,1.0,6.0,SUS,N,0
108107,2026,Fall,2268,1,FILM,602,004,1.0,6.0,SUS,N,0
108107,2026,Fall,2268,1,FILM,602,005,1.0,6.0,SUS,N,0
108107,2026,Fall,2268,1,FILM,602,006,1.0,6.0,SUS,N,0
108107,2026,Fall,2268,1,FILM,602,007,1.0,6.0,SUS,N,0
108107,2026,Fall,2268,1,FILM,602,008,1.0,6.0,SUS,N,0
108107,2026,Fall,2268,1,FILM,602,009,1.0,6.0,SUS,N,0
108107,2026,Fall,2268,1,FILM,602,010,1.0,6.0,SUS,N,0
108107,2026,Fall,2268,1,FILM,602,012,1.0,6.0,SUS,N,0
108107,2026,Fall,2268,1,FILM,602,013,1.0,6.0,SUS,N,0
108107,2026,Fall,2268,1,FILM,602,014,1.0,6.0,SUS,N,0
108107,2026,Fall,2268,1,FILM,602,015,1.0,6.0,SUS,N,0
108107,2026,Fall,2268,1,FILM,602,016,1.0,6.0,SUS,N,0
108107,2026,Fall,2268,1,FILM,602,017,1.0,6.0,SUS,N,0
108107,2026,Fall,2268,1,FILM,602,018,1.0,6.0,SUS,N,2
108117,2026,Fall,2268,1,FILM,H195,001,4.0,4.0,OPT,N,0
108117,2026,Fall,2268,1,FILM,H195,002,4.0,4.0,OPT,N,0
108117,2026,Fall,2268,1,FILM,H195,003,4.0,4.0,OPT,N,0
108117,2026,Fall,2268,1,FILM,H195,004,4.0,4.0,OPT,N,0
108117,2026,Fall,2268,1,FILM,H195,005,4.0,4.0,OPT,N,0
108117,2026,Fall,2268,1,FILM,H195,006,4.0,4.0,OPT,N,0
108117,2026,Fall,2268,1,FILM,H195,007,4.0,4.0,OPT,N,0
108117,2026,Fall,2268,1,FILM,H195,008,4.0,4.0,OPT,N,0
108117,2026,Fall,2268,1,FILM,H195,009,4.0,4.0,OPT,N,0
108117,2026,Fall,2268,1,FILM,H195,010,4.0,4.0,OPT,N,0
108121,2026,Fall,2268,1,FILM,R1A,003,4.0,4.0,GRD,N,737
108122,2026,Fall,2268,1,FILM,R1B,002,4.0,4.0,GRD,N,383
108122,2026,Fall,2268,1,FILM,R1B,003,4.0,4.0,GRD,N,520
108122,2026,Fall,2268,1,FILM,R1B,004,4.0,4.0,GRD,N,625
108122,2026,Fall,2268,1,FILM,R1B,005,4.0,4.0,GRD,N,229
108128,2026,Fall,2268,1,FINNISH,1A,001,4.0,4.0,OPT,Y,25
108128,2026,Fall,2268,1,FINNISH,1A,UC01,4.0,4.0,OPT,Y,0
168513,2026,Fall,2268,1,FOLKLOR,297,1,2.0,2.0,SUS,N,0
108135,2026,Fall,2268,1,FOLKLOR,298,001,3.0,6.0,OPT,N,0
108135,2026,Fall,2268,1,FOLKLOR,298,002,3.0,6.0,OPT,N,0
108135,2026,Fall,2268,1,FOLKLOR,298,003,3.0,6.0,OPT,N,0
108135,2026,Fall,2268,1,FOLKLOR,298,004,3.0,6.0,OPT,N,0
108135,2026,Fall,2268,1,FOLKLOR,298,005,3.0,6.0,OPT,N,0
108136,2026,Fall,2268,1,FOLKLOR,299,001,3.0,6.0,OPT,N,0
108136,2026,Fall,2268,1,FOLKLOR,299,002,3.0,6.0,OPT,N,0
108136,2026,Fall,2268,1,FOLKLOR,299,003,3.0,6.0,OPT,N,0
108136,2026,Fall,2268,1,FOLKLOR,299,004,3.0,6.0,OPT,N,0
108136,2026,Fall,2268,1,FOLKLOR,299,005,3.0,6.0,OPT,N,0
108136,2026,Fall,2268,1,FOLKLOR,299,006,3.0,6.0,OPT,N,0
124041,2026,Fall,2268,1,FOLKLOR,C262A,1,4.0,4.0,OPT,N,8
108264,2026,Fall,2268,1,FRENCH,1,001,5.0,5.0,OPT,C,172
108264,2026,Fall,2268,1,FRENCH,1,002,5.0,5.0,OPT,C,85
108264,2026,Fall,2268,1,FRENCH,1,003,5.0,5.0,OPT,C,60
108264,2026,Fall,2268,1,FRENCH,1,004,5.0,5.0,OPT,C,47
108264,2026,Fall,2268,1,FRENCH,1,005,5.0,5.0,OPT,C,46
108264,2026,Fall,2268,1,FRENCH,1,006,5.0,5.0,OPT,C,57
108264,2026,Fall,2268,1,FRENCH,1,007,5.0,5.0,OPT,C,68
108267,2026,Fall,2268,1,FRENCH,102,001,4.0,4.0,OPT,A,108
108267,2026,Fall,2268,1,FRENCH,102,002,4.0,4.0,OPT,A,0
108267,2026,Fall,2268,1,FRENCH,102,003,4.0,4.0,OPT,A,61
108269,2026,Fall,2268,1,FRENCH,103B,001,4.0,4.0,OPT,Y,467
108271,2026,Fall,2268,1,FRENCH,112A,001,4.0,4.0,OPT,Y,0
108272,2026,Fall,2268,1,FRENCH,112B,001,4.0,4.0,OPT,Y,0
108279,2026,Fall,2268,1,FRENCH,117B,001,4.0,4.0,OPT,Y,220
108282,2026,Fall,2268,1,FRENCH,119A,001,4.0,4.0,OPT,Y,0
108288,2026,Fall,2268,1,FRENCH,121A,001,4.0,4.0,OPT,Y,252
108289,2026,Fall,2268,1,FRENCH,121B,001,4.0,4.0,OPT,Y,0
108300,2026,Fall,2268,1,FRENCH,13,1,2.0,2.0,OPT,N,126
108309,2026,Fall,2268,1,FRENCH,137,001,4.0,4.0,OPT,Y,37
108311,2026,Fall,2268,1,FRENCH,139,001,4.0,4.0,OPT,Y,0
108315,2026,Fall,2268,1,FRENCH,140B,001,4.0,4.0,OPT,Y,101
108318,2026,Fall,2268,1,FRENCH,141,001,4.0,4.0,OPT,Y,1084
108319,2026,Fall,2268,1,FRENCH,142AC,001,4.0,4.0,OPT,Y,365
108324,2026,Fall,2268,1,FRENCH,146A,001,4.0,4.0,OPT,Y,151
108330,2026,Fall,2268,1,FRENCH,150B,001,4.0,4.0,OPT,Y,0
108332,2026,Fall,2268,1,FRENCH,151A,001,4.0,4.0,OPT,Y,0
108337,2026,Fall,2268,1,FRENCH,161A,001,4.0,4.0,OPT,Y,0
108344,2026,Fall,2268,1,FRENCH,171B,001,4.0,4.0,OPT,Y,0
108347,2026,Fall,2268,1,FRENCH,173,001,4.0,4.0,OPT,N,44
108350,2026,Fall,2268,1,FRENCH,175A,001,4.0,4.0,OPT,Y,0
108357,2026,Fall,2268,1,FRENCH,178A,001,4.0,4.0,OPT,Y,0
108363,2026,Fall,2268,1,FRENCH,183A,001,4.0,4.0,OPT,Y,78
108367,2026,Fall,2268,1,FRENCH,185,001,4.0,4.0,OPT,Y,0
108368,2026,Fall,2268,1,FRENCH,197,001,1.0,4.0,PNP,N,10
108368,2026,Fall,2268,1,FRENCH,197,002,1.0,4.0,PNP,N,13
108369,2026,Fall,2268,1,FRENCH,199,011,2.0,4.0,PNP,N,0
108369,2026,Fall,2268,1,FRENCH,199,012,2.0,4.0,PNP,N,0
108369,2026,Fall,2268,1,FRENCH,199,013,2.0,4.0,PNP,N,0
108369,2026,Fall,2268,1,FRENCH,199,014,2.0,4.0,PNP,N,0
108369,2026,Fall,2268,1,FRENCH,199,015,2.0,4.0,PNP,N,1
108369,2026,Fall,2268,1,FRENCH,199,016,2.0,4.0,PNP,N,1
108370,2026,Fall,2268,1,FRENCH,2,002,5.0,5.0,OPT,C,53
108370,2026,Fall,2268,1,FRENCH,2,003,5.0,5.0,OPT,C,26
108370,2026,Fall,2268,1,FRENCH,2,006,5.0,5.0,OPT,C,34
108370,2026,Fall,2268,1,FRENCH,2,8,5.0,5.0,OPT,C,20
108372,2026,Fall,2268,1,FRENCH,200A,1,1.0,1.0,SUS,N,10
163482,2026,Fall,2268,1,FRENCH,200B,001,1.0,1.0,SUS,N,0
108379,2026,Fall,2268,1,FRENCH,206,001,4.0,4.0,OPT,Y,0
108383,2026,Fall,2268,1,FRENCH,210A,001,4.0,4.0,OPT,N,0
108394,2026,Fall,2268,1,FRENCH,230B,001,4.0,4.0,OPT,N,0
108397,2026,Fall,2268,1,FRENCH,240A,001,4.0,4.0,OPT,N,0
108401,2026,Fall,2268,1,FRENCH,245B,1,4.0,4.0,OPT,N,7
108403,2026,Fall,2268,1,FRENCH,250A,001,4.0,4.0,OPT,N,0
108409,2026,Fall,2268,1,FRENCH,260A,001,4.0,4.0,OPT,N,0
108412,2026,Fall,2268,1,FRENCH,265A,001,4.0,4.0,OPT,N,10
108413,2026,Fall,2268,1,FRENCH,265B,001,4.0,4.0,OPT,N,0
156613,2026,Fall,2268,1,FRENCH,281,001,4.0,4.0,OPT,N,56
108424,2026,Fall,2268,1,FRENCH,298,001,1.0,4.0,SUS,N,0
108424,2026,Fall,2268,1,FRENCH,298,002,1.0,4.0,SUS,N,0
108424,2026,Fall,2268,1,FRENCH,298,003,1.0,4.0,SUS,N,0
108424,2026,Fall,2268,1,FRENCH,298,004,1.0,4.0,SUS,N,0
108424,2026,Fall,2268,1,FRENCH,298,005,1.0,4.0,SUS,N,0
108424,2026,Fall,2268,1,FRENCH,298,006,1.0,4.0,SUS,N,0
108424,2026,Fall,2268,1,FRENCH,298,007,1.0,4.0,SUS,N,0
108424,2026,Fall,2268,1,FRENCH,298,008,1.0,4.0,SUS,N,0
108424,2026,Fall,2268,1,FRENCH,298,009,1.0,4.0,SUS,N,0
108424,2026,Fall,2268,1,FRENCH,298,010,1.0,4.0,SUS,N,0
108424,2026,Fall,2268,1,FRENCH,298,011,1.0,4.0,SUS,N,0
108424,2026,Fall,2268,1,FRENCH,298,012,1.0,4.0,SUS,N,0
108424,2026,Fall,2268,1,FRENCH,298,013,1.0,4.0,SUS,N,0
108424,2026,Fall,2268,1,FRENCH,298,014,1.0,4.0,SUS,N,0
108424,2026,Fall,2268,1,FRENCH,298,015,1.0,4.0,SUS,N,0
108425,2026,Fall,2268,1,FRENCH,299,001,4.0,12.0,OPT,N,0
108425,2026,Fall,2268,1,FRENCH,299,002,4.0,12.0,OPT,N,0
108425,2026,Fall,2268,1,FRENCH,299,003,4.0,12.0,OPT,N,0
108425,2026,Fall,2268,1,FRENCH,299,004,4.0,12.0,OPT,N,0
108425,2026,Fall,2268,1,FRENCH,299,005,4.0,12.0,OPT,N,0
108425,2026,Fall,2268,1,FRENCH,299,006,4.0,12.0,OPT,N,0
108425,2026,Fall,2268,1,FRENCH,299,007,4.0,12.0,OPT,N,0
108425,2026,Fall,2268,1,FRENCH,299,008,4.0,12.0,OPT,N,0
108425,2026,Fall,2268,1,FRENCH,299,009,4.0,12.0,OPT,N,0
108425,2026,Fall,2268,1,FRENCH,299,010,4.0,12.0,OPT,N,0
108425,2026,Fall,2268,1,FRENCH,299,011,4.0,12.0,OPT,N,0
108425,2026,Fall,2268,1,FRENCH,299,012,4.0,12.0,OPT,N,0
108425,2026,Fall,2268,1,FRENCH,299,013,4.0,12.0,OPT,N,0
108425,2026,Fall,2268,1,FRENCH,299,014,4.0,12.0,OPT,N,0
108425,2026,Fall,2268,1,FRENCH,299,015,4.0,12.0,OPT,N,0
108425,2026,Fall,2268,1,FRENCH,299,016,4.0,12.0,OPT,N,0
108425,2026,Fall,2268,1,FRENCH,299,17,4.0,12.0,OPT,N,0
108426,2026,Fall,2268,1,FRENCH,3,003,5.0,5.0,OPT,C,96
108426,2026,Fall,2268,1,FRENCH,3,004,5.0,5.0,OPT,C,57
108426,2026,Fall,2268,1,FRENCH,3,005,5.0,5.0,OPT,C,50
108427,2026,Fall,2268,1,FRENCH,375A,001,4.0,4.0,SUS,N,13
108465,2026,Fall,2268,1,FRENCH,4,002,5.0,5.0,OPT,C,75
108465,2026,Fall,2268,1,FRENCH,4,005,5.0,5.0,OPT,C,74
108469,2026,Fall,2268,1,FRENCH,43A,001,3.0,3.0,OPT,Y,660
162784,2026,Fall,2268,1,FRENCH,48,001,3.0,3.0,OPT,A,166
108474,2026,Fall,2268,1,FRENCH,601,001,1.0,12.0,SUS,N,0
108474,2026,Fall,2268,1,FRENCH,601,002,1.0,12.0,SUS,N,0
108474,2026,Fall,2268,1,FRENCH,601,003,1.0,12.0,SUS,N,0
108474,2026,Fall,2268,1,FRENCH,601,004,1.0,12.0,SUS,N,0
108474,2026,Fall,2268,1,FRENCH,601,005,1.0,12.0,SUS,N,0
108474,2026,Fall,2268,1,FRENCH,601,006,1.0,12.0,SUS,N,0
108474,2026,Fall,2268,1,FRENCH,601,007,1.0,12.0,SUS,N,0
108474,2026,Fall,2268,1,FRENCH,601,008,1.0,12.0,SUS,N,0
108474,2026,Fall,2268,1,FRENCH,601,009,1.0,12.0,SUS,N,0
108474,2026,Fall,2268,1,FRENCH,601,010,1.0,12.0,SUS,N,0
108474,2026,Fall,2268,1,FRENCH,601,011,1.0,12.0,SUS,N,0
108474,2026,Fall,2268,1,FRENCH,601,012,1.0,12.0,SUS,N,0
108474,2026,Fall,2268,1,FRENCH,601,013,1.0,12.0,SUS,N,0
108474,2026,Fall,2268,1,FRENCH,601,014,1.0,12.0,SUS,N,0
108474,2026,Fall,2268,1,FRENCH,601,015,1.0,12.0,SUS,N,0
108475,2026,Fall,2268,1,FRENCH,602,001,1.0,12.0,SUS,N,0
108475,2026,Fall,2268,1,FRENCH,602,002,1.0,12.0,SUS,N,0
108475,2026,Fall,2268,1,FRENCH,602,003,1.0,12.0,SUS,N,0
108475,2026,Fall,2268,1,FRENCH,602,004,1.0,12.0,SUS,N,0
108475,2026,Fall,2268,1,FRENCH,602,005,1.0,12.0,SUS,N,0
108475,2026,Fall,2268,1,FRENCH,602,006,1.0,12.0,SUS,N,0
108475,2026,Fall,2268,1,FRENCH,602,007,1.0,12.0,SUS,N,0
108475,2026,Fall,2268,1,FRENCH,602,008,1.0,12.0,SUS,N,0
108475,2026,Fall,2268,1,FRENCH,602,009,1.0,12.0,SUS,N,0
108475,2026,Fall,2268,1,FRENCH,602,010,1.0,12.0,SUS,N,0
108475,2026,Fall,2268,1,FRENCH,602,011,1.0,12.0,SUS,N,0
108475,2026,Fall,2268,1,FRENCH,602,012,1.0,12.0,SUS,N,0
108475,2026,Fall,2268,1,FRENCH,602,013,1.0,12.0,SUS,N,0
108475,2026,Fall,2268,1,FRENCH,602,014,1.0,12.0,SUS,N,0
108475,2026,Fall,2268,1,FRENCH,602,015,1.0,12.0,SUS,N,0
108475,2026,Fall,2268,1,FRENCH,602,16,1.0,12.0,SUS,N,0
158117,2026,Fall,2268,1,FRENCH,80,001,4.0,4.0,OPT,Y,586
108477,2026,Fall,2268,1,FRENCH,H195A,001,2.0,2.0,BMT,N,0
108477,2026,Fall,2268,1,FRENCH,H195A,002,2.0,2.0,BMT,N,0
108477,2026,Fall,2268,1,FRENCH,H195A,003,2.0,2.0,BMT,N,0
108477,2026,Fall,2268,1,FRENCH,H195A,004,2.0,2.0,BMT,N,0
108477,2026,Fall,2268,1,FRENCH,H195A,005,2.0,2.0,BMT,N,0
108478,2026,Fall,2268,1,FRENCH,H195B,001,2.0,2.0,OPT,N,0
108478,2026,Fall,2268,1,FRENCH,H195B,002,2.0,2.0,OPT,N,0
108478,2026,Fall,2268,1,FRENCH,H195B,003,2.0,2.0,OPT,N,0
108478,2026,Fall,2268,1,FRENCH,H195B,004,2.0,2.0,OPT,N,0
108485,2026,Fall,2268,1,FRENCH,R1B,001,4.0,4.0,GRD,N,295
108485,2026,Fall,2268,1,FRENCH,R1B,002,4.0,4.0,GRD,N,228
108485,2026,Fall,2268,1,FRENCH,R1B,003,4.0,4.0,GRD,N,188
157873,2026,Fall,2268,1,GEOG,10AC,001,4.0,4.0,OPT,A,2997
166432,2026,Fall,2268,1,GEOG,115,001,3.0,3.0,OPT,A,0
167459,2026,Fall,2268,1,GEOG,117,001,3.0,3.0,OPT,A,111
163289,2026,Fall,2268,1,GEOG,127,001,4.0,4.0,OPT,A,114
108587,2026,Fall,2268,1,GEOG,138,001,4.0,4.0,OPT,A,296
108591,2026,Fall,2268,1,GEOG,140B,001,4.0,4.0,OPT,N,0
108593,2026,Fall,2268,1,GEOG,142,001,4.0,4.0,OPT,Y,126
167958,2026,Fall,2268,1,GEOG,169,001,3.0,3.0,OPT,A,44
108621,2026,Fall,2268,1,GEOG,170,001,3.0,3.0,OPT,Y,157
167956,2026,Fall,2268,1,GEOG,174,001,3.0,3.0,OPT,A,49
164835,2026,Fall,2268,1,GEOG,178,001,3.0,3.0,OPT,N,0
108634,2026,Fall,2268,1,GEOG,181,001,4.0,4.0,OPT,N,182
162717,2026,Fall,2268,1,GEOG,189,001,4.0,4.0,OPT,A,140
108643,2026,Fall,2268,1,GEOG,197,001,1.0,4.0,PNP,N,0
108643,2026,Fall,2268,1,GEOG,197,002,1.0,4.0,PNP,N,1
108644,2026,Fall,2268,1,GEOG,198,001,1.0,1.0,PNP,N,12
108644,2026,Fall,2268,1,GEOG,198,002,1.0,1.0,PNP,N,8
108644,2026,Fall,2268,1,GEOG,198,003,1.0,1.0,PNP,N,7
108644,2026,Fall,2268,1,GEOG,198,004,1.0,1.0,PNP,N,6
108645,2026,Fall,2268,1,GEOG,199,001,1.0,4.0,PNP,N,0
108645,2026,Fall,2268,1,GEOG,199,002,1.0,4.0,PNP,N,0
108645,2026,Fall,2268,1,GEOG,199,003,1.0,4.0,PNP,N,0
108645,2026,Fall,2268,1,GEOG,199,004,1.0,4.0,PNP,N,0
108645,2026,Fall,2268,1,GEOG,199,005,1.0,4.0,PNP,N,0
108645,2026,Fall,2268,1,GEOG,199,006,1.0,4.0,PNP,N,0
108645,2026,Fall,2268,1,GEOG,199,007,1.0,4.0,PNP,N,11
108645,2026,Fall,2268,1,GEOG,199,008,1.0,4.0,PNP,N,0
108645,2026,Fall,2268,1,GEOG,199,009,1.0,4.0,PNP,N,0
108645,2026,Fall,2268,1,GEOG,199,010,1.0,4.0,PNP,N,0
108645,2026,Fall,2268,1,GEOG,199,011,1.0,4.0,PNP,N,0
108645,2026,Fall,2268,1,GEOG,199,012,1.0,4.0,PNP,N,0
108645,2026,Fall,2268,1,GEOG,199,013,1.0,4.0,PNP,N,0
108645,2026,Fall,2268,1,GEOG,199,014,1.0,4.0,PNP,N,0
108645,2026,Fall,2268,1,GEOG,199,015,1.0,4.0,PNP,N,0
108645,2026,Fall,2268,1,GEOG,199,016,1.0,4.0,PNP,N,0
108645,2026,Fall,2268,1,GEOG,199,017,1.0,4.0,PNP,N,0
108645,2026,Fall,2268,1,GEOG,199,018,1.0,4.0,PNP,N,0
108646,2026,Fall,2268,1,GEOG,20,001,4.0,4.0,OPT,Y,893
108648,2026,Fall,2268,1,GEOG,200A,001,5.0,5.0,OPT,N,47
161248,2026,Fall,2268,1,GEOG,200C,001,5.0,5.0,OPT,N,52
108652,2026,Fall,2268,1,GEOG,203,001,4.0,4.0,OPT,N,0
161287,2026,Fall,2268,1,GEOG,205,001,4.0,4.0,OPT,N,0
166071,2026,Fall,2268,1,GEOG,207,001,4.0,4.0,SUS,N,10
108660,2026,Fall,2268,1,GEOG,220,001,4.0,4.0,OPT,N,16
108665,2026,Fall,2268,1,GEOG,24,001,1.0,1.0,OPT,Y,0
108670,2026,Fall,2268,1,GEOG,245,001,4.0,4.0,SUS,N,0
166426,2026,Fall,2268,1,GEOG,248,001,4.0,4.0,OPT,N,0
108675,2026,Fall,2268,1,GEOG,252,001,4.0,4.0,OPT,N,0
108676,2026,Fall,2268,1,GEOG,253,001,4.0,4.0,OPT,N,0
108678,2026,Fall,2268,1,GEOG,255,002,4.0,4.0,OPT,N,31
108680,2026,Fall,2268,1,GEOG,257,001,4.0,4.0,OPT,N,0
125383,2026,Fall,2268,1,GEOG,285,001,3.0,3.0,OPT,N,46
108694,2026,Fall,2268,1,GEOG,295,001,1.0,1.0,SUS,N,26
108695,2026,Fall,2268,1,GEOG,296,001,1.0,12.0,SUS,N,0
108695,2026,Fall,2268,1,GEOG,296,002,1.0,12.0,SUS,N,0
108695,2026,Fall,2268,1,GEOG,296,003,1.0,12.0,SUS,N,0
108695,2026,Fall,2268,1,GEOG,296,004,1.0,12.0,SUS,N,0
108695,2026,Fall,2268,1,GEOG,296,005,1.0,12.0,SUS,N,0
108695,2026,Fall,2268,1,GEOG,296,006,1.0,12.0,SUS,N,0
108695,2026,Fall,2268,1,GEOG,296,007,1.0,12.0,SUS,N,0
108695,2026,Fall,2268,1,GEOG,296,008,1.0,12.0,SUS,N,0
108695,2026,Fall,2268,1,GEOG,296,009,1.0,12.0,SUS,N,0
108695,2026,Fall,2268,1,GEOG,296,010,1.0,12.0,SUS,N,0
108695,2026,Fall,2268,1,GEOG,296,011,1.0,12.0,SUS,N,0
108695,2026,Fall,2268,1,GEOG,296,012,1.0,12.0,SUS,N,0
108695,2026,Fall,2268,1,GEOG,296,013,1.0,12.0,SUS,N,0
108695,2026,Fall,2268,1,GEOG,296,014,1.0,12.0,SUS,N,0
108695,2026,Fall,2268,1,GEOG,296,015,1.0,12.0,SUS,N,0
108695,2026,Fall,2268,1,GEOG,296,016,1.0,12.0,SUS,N,0
108695,2026,Fall,2268,1,GEOG,296,017,1.0,12.0,SUS,N,0
108696,2026,Fall,2268,1,GEOG,297,001,1.0,6.0,SUS,N,0
108696,2026,Fall,2268,1,GEOG,297,002,1.0,6.0,SUS,N,0
108697,2026,Fall,2268,1,GEOG,298,001,1.0,6.0,OPT,N,3
108698,2026,Fall,2268,1,GEOG,299,001,1.0,8.0,OPT,N,0
108698,2026,Fall,2268,1,GEOG,299,002,1.0,8.0,OPT,N,0
108698,2026,Fall,2268,1,GEOG,299,003,1.0,8.0,OPT,N,0
108698,2026,Fall,2268,1,GEOG,299,004,1.0,8.0,OPT,N,0
108698,2026,Fall,2268,1,GEOG,299,006,1.0,8.0,OPT,N,0
108698,2026,Fall,2268,1,GEOG,299,007,1.0,8.0,OPT,N,0
108698,2026,Fall,2268,1,GEOG,299,008,1.0,8.0,OPT,N,0
108698,2026,Fall,2268,1,GEOG,299,009,1.0,8.0,OPT,N,0
108698,2026,Fall,2268,1,GEOG,299,010,1.0,8.0,OPT,N,0
108698,2026,Fall,2268,1,GEOG,299,011,1.0,8.0,OPT,N,0
108698,2026,Fall,2268,1,GEOG,299,012,1.0,8.0,OPT,N,0
108698,2026,Fall,2268,1,GEOG,299,013,1.0,8.0,OPT,N,0
108698,2026,Fall,2268,1,GEOG,299,015,1.0,8.0,OPT,N,0
108698,2026,Fall,2268,1,GEOG,299,016,1.0,8.0,OPT,N,0
108698,2026,Fall,2268,1,GEOG,299,017,1.0,8.0,OPT,N,0
108698,2026,Fall,2268,1,GEOG,299,018,1.0,8.0,OPT,N,0
108698,2026,Fall,2268,1,GEOG,299,019,1.0,8.0,OPT,N,0
108698,2026,Fall,2268,1,GEOG,299,020,1.0,8.0,OPT,N,0
108698,2026,Fall,2268,1,GEOG,299,021,1.0,8.0,OPT,N,0
162114,2026,Fall,2268,1,GEOG,375,001,4.0,4.0,SUS,N,12
108733,2026,Fall,2268,1,GEOG,40,001,4.0,4.0,OPT,Y,439
108734,2026,Fall,2268,1,GEOG,50AC,001,4.0,4.0,OPT,Y,1872
108736,2026,Fall,2268,1,GEOG,601,001,1.0,6.0,SUS,N,0
108736,2026,Fall,2268,1,GEOG,601,002,1.0,6.0,SUS,N,0
108736,2026,Fall,2268,1,GEOG,601,003,1.0,6.0,SUS,N,0
108736,2026,Fall,2268,1,GEOG,601,004,1.0,6.0,SUS,N,0
108736,2026,Fall,2268,1,GEOG,601,005,1.0,6.0,SUS,N,0
108736,2026,Fall,2268,1,GEOG,601,006,1.0,6.0,SUS,N,0
108736,2026,Fall,2268,1,GEOG,601,007,1.0,6.0,SUS,N,0
108736,2026,Fall,2268,1,GEOG,601,008,1.0,6.0,SUS,N,0
108736,2026,Fall,2268,1,GEOG,601,009,1.0,6.0,SUS,N,0
108736,2026,Fall,2268,1,GEOG,601,010,1.0,6.0,SUS,N,0
108736,2026,Fall,2268,1,GEOG,601,011,1.0,6.0,SUS,N,0
108736,2026,Fall,2268,1,GEOG,601,012,1.0,6.0,SUS,N,0
108736,2026,Fall,2268,1,GEOG,601,013,1.0,6.0,SUS,N,0
108736,2026,Fall,2268,1,GEOG,601,014,1.0,6.0,SUS,N,0
108736,2026,Fall,2268,1,GEOG,601,015,1.0,6.0,SUS,N,0
108736,2026,Fall,2268,1,GEOG,601,016,1.0,6.0,SUS,N,0
108736,2026,Fall,2268,1,GEOG,601,017,1.0,6.0,SUS,N,0
108736,2026,Fall,2268,1,GEOG,601,018,1.0,6.0,SUS,N,0
108737,2026,Fall,2268,1,GEOG,602,001,1.0,6.0,SUS,N,0
108737,2026,Fall,2268,1,GEOG,602,002,1.0,6.0,SUS,N,0
108737,2026,Fall,2268,1,GEOG,602,003,1.0,6.0,SUS,N,0
108737,2026,Fall,2268,1,GEOG,602,004,1.0,6.0,SUS,N,0
108737,2026,Fall,2268,1,GEOG,602,005,1.0,6.0,SUS,N,0
108737,2026,Fall,2268,1,GEOG,602,006,1.0,6.0,SUS,N,0
108737,2026,Fall,2268,1,GEOG,602,007,1.0,6.0,SUS,N,0
108737,2026,Fall,2268,1,GEOG,602,008,1.0,6.0,SUS,N,0
108737,2026,Fall,2268,1,GEOG,602,009,1.0,6.0,SUS,N,0
108737,2026,Fall,2268,1,GEOG,602,010,1.0,6.0,SUS,N,0
108737,2026,Fall,2268,1,GEOG,602,011,1.0,6.0,SUS,N,0
108737,2026,Fall,2268,1,GEOG,602,012,1.0,6.0,SUS,N,0
108737,2026,Fall,2268,1,GEOG,602,013,1.0,6.0,SUS,N,0
108737,2026,Fall,2268,1,GEOG,602,014,1.0,6.0,SUS,N,0
108737,2026,Fall,2268,1,GEOG,602,015,1.0,6.0,SUS,N,0
108737,2026,Fall,2268,1,GEOG,602,016,1.0,6.0,SUS,N,0
108737,2026,Fall,2268,1,GEOG,602,017,1.0,6.0,SUS,N,0
108741,2026,Fall,2268,1,GEOG,80,001,4.0,4.0,OPT,A,0
108742,2026,Fall,2268,1,GEOG,84,001,2.0,2.0,OPT,Y,164
124482,2026,Fall,2268,1,GEOG,C136,001,4.0,4.0,OPT,A,0
124461,2026,Fall,2268,1,GEOG,C139,001,3.0,3.0,OPT,Y,68
155999,2026,Fall,2268,1,GEOG,C148,001,4.0,4.0,OPT,Y,62
161679,2026,Fall,2268,1,GEOG,C160,001,4.0,4.0,OPT,Y,131
165461,2026,Fall,2268,1,GEOG,C183,001,4.0,4.0,OPT,A,0
123946,2026,Fall,2268,1,GEOG,C188,001,4.0,4.0,OPT,Y,255
123763,2026,Fall,2268,1,GEOG,C32,001,4.0,4.0,OPT,A,367
124378,2026,Fall,2268,1,GEOG,C55,001,3.0,3.0,OPT,Y,939
108748,2026,Fall,2268,1,GEOG,H195A,001,1.0,4.0,OPT,N,0
108748,2026,Fall,2268,1,GEOG,H195A,002,1.0,4.0,OPT,N,0
108748,2026,Fall,2268,1,GEOG,H195A,003,1.0,4.0,OPT,N,0
108748,2026,Fall,2268,1,GEOG,H195A,004,1.0,4.0,OPT,N,0
108748,2026,Fall,2268,1,GEOG,H195A,005,1.0,4.0,OPT,N,0
108748,2026,Fall,2268,1,GEOG,H195A,006,1.0,4.0,OPT,N,0
108748,2026,Fall,2268,1,GEOG,H195A,007,1.0,4.0,OPT,N,0
108748,2026,Fall,2268,1,GEOG,H195A,008,1.0,4.0,OPT,N,0
108748,2026,Fall,2268,1,GEOG,H195A,009,1.0,4.0,OPT,N,0
108748,2026,Fall,2268,1,GEOG,H195A,010,1.0,4.0,OPT,N,0
108748,2026,Fall,2268,1,GEOG,H195A,011,1.0,4.0,OPT,N,0
108748,2026,Fall,2268,1,GEOG,H195A,012,1.0,4.0,OPT,N,0
108748,2026,Fall,2268,1,GEOG,H195A,013,1.0,4.0,OPT,N,0
108748,2026,Fall,2268,1,GEOG,H195A,014,1.0,4.0,OPT,N,0
108748,2026,Fall,2268,1,GEOG,H195A,015,1.0,4.0,OPT,N,0
108748,2026,Fall,2268,1,GEOG,H195A,016,1.0,4.0,OPT,N,0
108748,2026,Fall,2268,1,GEOG,H195A,017,1.0,4.0,OPT,N,0
108748,2026,Fall,2268,1,GEOG,H195A,018,1.0,4.0,OPT,N,0
108748,2026,Fall,2268,1,GEOG,H195A,019,1.0,4.0,OPT,N,0
108748,2026,Fall,2268,1,GEOG,H195A,020,1.0,4.0,OPT,N,0
108748,2026,Fall,2268,1,GEOG,H195A,021,1.0,4.0,OPT,N,0
108748,2026,Fall,2268,1,GEOG,H195A,022,1.0,4.0,OPT,N,0
108748,2026,Fall,2268,1,GEOG,H195A,023,1.0,4.0,OPT,N,0
108748,2026,Fall,2268,1,GEOG,H195A,024,1.0,4.0,OPT,N,0
108749,2026,Fall,2268,1,GEOG,H195B,001,1.0,4.0,OPT,N,0
166754,2026,Fall,2268,1,GEOG,R1A,001,4.0,4.0,OPT,A,44
166759,2026,Fall,2268,1,GEOG,R1B,001,4.0,4.0,OPT,A,121
108926,2026,Fall,2268,1,GERMAN,1,001,5.0,5.0,OPT,Y,114
108926,2026,Fall,2268,1,GERMAN,1,002,5.0,5.0,OPT,Y,54
108926,2026,Fall,2268,1,GERMAN,1,003,5.0,5.0,OPT,Y,30
108931,2026,Fall,2268,1,GERMAN,100,001,4.0,4.0,OPT,A,236
108932,2026,Fall,2268,1,GERMAN,101,001,4.0,4.0,OPT,N,100
108937,2026,Fall,2268,1,GERMAN,102B,001,4.0,4.0,OPT,A,2
108939,2026,Fall,2268,1,GERMAN,102D,001,4.0,4.0,OPT,Y,0
108939,2026,Fall,2268,1,GERMAN,102D,002,4.0,4.0,OPT,Y,0
109006,2026,Fall,2268,1,GERMAN,155,001,4.0,4.0,OPT,A,82
109013,2026,Fall,2268,1,GERMAN,157B,001,4.0,4.0,OPT,Y,56
109020,2026,Fall,2268,1,GERMAN,160B,001,4.0,4.0,OPT,Y,165
109061,2026,Fall,2268,1,GERMAN,186,001,4.0,4.0,OPT,A,35
109075,2026,Fall,2268,1,GERMAN,199,001,1.0,2.0,PNP,N,0
109075,2026,Fall,2268,1,GERMAN,199,002,1.0,2.0,PNP,N,0
109075,2026,Fall,2268,1,GERMAN,199,003,1.0,2.0,PNP,N,0
109075,2026,Fall,2268,1,GERMAN,199,004,1.0,2.0,PNP,N,0
109075,2026,Fall,2268,1,GERMAN,199,005,1.0,2.0,PNP,N,0
109076,2026,Fall,2268,1,GERMAN,2,001,5.0,5.0,OPT,Y,30
109090,2026,Fall,2268,1,GERMAN,204,001,2.0,2.0,OPT,N,25
109090,2026,Fall,2268,1,GERMAN,204,002,2.0,2.0,OPT,N,13
109099,2026,Fall,2268,1,GERMAN,207,001,4.0,4.0,OPT,N,8
109115,2026,Fall,2268,1,GERMAN,214,001,4.0,4.0,OPT,N,24
109132,2026,Fall,2268,1,GERMAN,24,001,1.0,1.0,OPT,Y,89
109150,2026,Fall,2268,1,GERMAN,256,001,4.0,4.0,OPT,N,3
109190,2026,Fall,2268,1,GERMAN,298,001,2.0,8.0,SUS,N,1
109190,2026,Fall,2268,1,GERMAN,298,002,2.0,8.0,SUS,N,2
109190,2026,Fall,2268,1,GERMAN,298,003,2.0,8.0,SUS,N,1
109190,2026,Fall,2268,1,GERMAN,298,004,2.0,8.0,SUS,N,0
109190,2026,Fall,2268,1,GERMAN,298,005,2.0,8.0,SUS,N,1
109190,2026,Fall,2268,1,GERMAN,298,006,2.0,8.0,SUS,N,1
109190,2026,Fall,2268,1,GERMAN,298,007,2.0,8.0,SUS,N,1
109191,2026,Fall,2268,1,GERMAN,299,001,1.0,12.0,SUS,N,2
109191,2026,Fall,2268,1,GERMAN,299,002,1.0,12.0,SUS,N,1
109191,2026,Fall,2268,1,GERMAN,299,004,1.0,12.0,SUS,N,1
109191,2026,Fall,2268,1,GERMAN,299,005,1.0,12.0,SUS,N,2
109191,2026,Fall,2268,1,GERMAN,299,007,1.0,12.0,SUS,N,1
109191,2026,Fall,2268,1,GERMAN,299,008,1.0,12.0,SUS,N,1
109192,2026,Fall,2268,1,GERMAN,3,001,5.0,5.0,OPT,Y,62
109204,2026,Fall,2268,1,GERMAN,375A,001,4.0,4.0,SUS,N,5
109233,2026,Fall,2268,1,GERMAN,4,001,5.0,5.0,OPT,N,0
109249,2026,Fall,2268,1,GERMAN,602,001,1.0,8.0,SUS,N,1
109249,2026,Fall,2268,1,GERMAN,602,002,1.0,8.0,SUS,N,1
109249,2026,Fall,2268,1,GERMAN,602,003,1.0,8.0,SUS,N,1
109249,2026,Fall,2268,1,GERMAN,602,004,1.0,8.0,SUS,N,1
109249,2026,Fall,2268,1,GERMAN,602,005,1.0,8.0,SUS,N,1
109252,2026,Fall,2268,1,GERMAN,99,001,1.0,4.0,PNP,N,0
109255,2026,Fall,2268,1,GERMAN,H196,001,2.0,4.0,OPT,N,0
109255,2026,Fall,2268,1,GERMAN,H196,002,2.0,4.0,OPT,N,0
109255,2026,Fall,2268,1,GERMAN,H196,003,2.0,4.0,OPT,N,0
109255,2026,Fall,2268,1,GERMAN,H196,004,2.0,4.0,OPT,N,0
109259,2026,Fall,2268,1,GERMAN,R5A,001,4.0,4.0,GRD,N,227
109259,2026,Fall,2268,1,GERMAN,R5A,002,4.0,4.0,GRD,N,202
109259,2026,Fall,2268,1,GERMAN,R5A,003,4.0,4.0,GRD,N,303
147944,2026,Fall,2268,1,GLOBAL,100P,001,4.0,4.0,OPT,Y,123
154539,2026,Fall,2268,1,GLOBAL,102,001,4.0,4.0,OPT,N,124
154539,2026,Fall,2268,1,GLOBAL,102,002,4.0,4.0,OPT,N,61
154538,2026,Fall,2268,1,GLOBAL,10B,001,3.0,3.0,OPT,Y,306
147949,2026,Fall,2268,1,GLOBAL,110L,001,3.0,3.0,OPT,Y,30
147951,2026,Fall,2268,1,GLOBAL,110Q,001,3.0,3.0,OPT,A,193
154212,2026,Fall,2268,1,GLOBAL,121,001,4.0,4.0,OPT,A,253
147954,2026,Fall,2268,1,GLOBAL,123L,001,4.0,4.0,OPT,A,486
160157,2026,Fall,2268,1,GLOBAL,126,001,4.0,4.0,OPT,A,97
147956,2026,Fall,2268,1,GLOBAL,132,001,3.0,3.0,OPT,Y,0
156296,2026,Fall,2268,1,GLOBAL,140,001,4.0,4.0,OPT,Y,0
147960,2026,Fall,2268,1,GLOBAL,142,001,4.0,4.0,OPT,Y,0
158564,2026,Fall,2268,1,GLOBAL,150E,001,4.0,4.0,OPT,Y,0
154537,2026,Fall,2268,1,GLOBAL,150Q,001,4.0,4.0,OPT,Y,355
147962,2026,Fall,2268,1,GLOBAL,154M,001,4.0,4.0,OPT,Y,71
147964,2026,Fall,2268,1,GLOBAL,173,001,4.0,4.0,OPT,A,970
159626,2026,Fall,2268,1,GLOBAL,197,001,1.0,4.0,PNP,A,0
159626,2026,Fall,2268,1,GLOBAL,197,002,1.0,4.0,PNP,A,0
159626,2026,Fall,2268,1,GLOBAL,197,003,1.0,4.0,PNP,A,0
159626,2026,Fall,2268,1,GLOBAL,197,004,1.0,4.0,PNP,A,0
159626,2026,Fall,2268,1,GLOBAL,197,005,1.0,4.0,PNP,A,0
159517,2026,Fall,2268,1,GLOBAL,198,001,1.0,1.0,PNP,A,8
154535,2026,Fall,2268,1,GLOBAL,199,001,1.0,4.0,PNP,N,0
154306,2026,Fall,2268,1,GLOBAL,210,001,4.0,4.0,OPT,N,23
147969,2026,Fall,2268,1,GLOBAL,24,001,1.0,1.0,PNP,A,515
147969,2026,Fall,2268,1,GLOBAL,24,002,1.0,1.0,PNP,A,841
161611,2026,Fall,2268,1,GLOBAL,298,001,1.0,1.0,SUS,N,0
163478,2026,Fall,2268,1,GLOBAL,299,001,1.0,4.0,SUS,N,0
163478,2026,Fall,2268,1,GLOBAL,299,002,1.0,4.0,SUS,N,0
147970,2026,Fall,2268,1,GLOBAL,45,001,4.0,4.0,OPT,Y,543
123763,2026,Fall,2268,1,GLOBAL,C10A,001,4.0,4.0,OPT,A,680
147971,2026,Fall,2268,1,GLOBAL,H102,001,4.0,4.0,OPT,N,69
109272,2026,Fall,2268,1,GMS,200,001,3.0,3.0,OPT,N,0
109274,2026,Fall,2268,1,GMS,299,001,1.0,12.0,OPT,N,0
161370,2026,Fall,2268,1,GMS,C215,001,3.0,3.0,OPT,N,6
109275,2026,Fall,2268,1,GPP,105,001,4.0,4.0,OPT,A,603
109276,2026,Fall,2268,1,GPP,115,001,4.0,4.0,OPT,Y,794
124513,2026,Fall,2268,1,GPP,150,001,4.0,4.0,OPT,N,104
124513,2026,Fall,2268,1,GPP,150,002,4.0,4.0,OPT,N,58
109277,2026,Fall,2268,1,GPP,196,001,3.0,3.0,OPT,N,36
109278,2026,Fall,2268,1,GREEK,1,001,4.0,4.0,OPT,Y,78
109278,2026,Fall,2268,1,GREEK,1,002,4.0,4.0,OPT,Y,40
109280,2026,Fall,2268,1,GREEK,100,001,4.0,4.0,OPT,Y,97
109296,2026,Fall,2268,1,GREEK,121,001,4.0,4.0,OPT,Y,80
109319,2026,Fall,2268,1,GWS,10,001,4.0,4.0,OPT,Y,544
109320,2026,Fall,2268,1,GWS,100AC,001,3.0,3.0,OPT,Y,14
109322,2026,Fall,2268,1,GWS,102,001,4.0,4.0,OPT,A,331
109325,2026,Fall,2268,1,GWS,111,001,4.0,4.0,OPT,Y,164
109325,2026,Fall,2268,1,GWS,111,002,4.0,4.0,OPT,Y,37
165840,2026,Fall,2268,1,GWS,112,001,4.0,4.0,OPT,A,31
109329,2026,Fall,2268,1,GWS,125,001,4.0,4.0,OPT,Y,128
109331,2026,Fall,2268,1,GWS,129,001,4.0,4.0,OPT,Y,0
109333,2026,Fall,2268,1,GWS,130AC,001,4.0,4.0,OPT,Y,1595
109334,2026,Fall,2268,1,GWS,131,001,4.0,4.0,OPT,Y,190
109336,2026,Fall,2268,1,GWS,133AC,001,4.0,4.0,OPT,N,1167
109342,2026,Fall,2268,1,GWS,142,001,4.0,4.0,OPT,Y,107
109345,2026,Fall,2268,1,GWS,155,001,4.0,4.0,OPT,Y,0
161030,2026,Fall,2268,1,GWS,194A,001,2.0,2.0,BMT,N,0
109347,2026,Fall,2268,1,GWS,195,001,4.0,4.0,OPT,N,52
109348,2026,Fall,2268,1,GWS,197,001,2.0,4.0,PNP,N,0
109348,2026,Fall,2268,1,GWS,197,002,2.0,4.0,PNP,N,0
109348,2026,Fall,2268,1,GWS,197,003,2.0,4.0,PNP,N,63
109349,2026,Fall,2268,1,GWS,198,001,1.0,4.0,PNP,N,24
109350,2026,Fall,2268,1,GWS,199,001,1.0,4.0,PNP,N,0
109350,2026,Fall,2268,1,GWS,199,002,1.0,4.0,PNP,N,0
109350,2026,Fall,2268,1,GWS,199,003,1.0,4.0,PNP,N,0
109350,2026,Fall,2268,1,GWS,199,004,1.0,4.0,PNP,N,0
109353,2026,Fall,2268,1,GWS,210,001,4.0,4.0,OPT,N,17
109353,2026,Fall,2268,1,GWS,210,002,4.0,4.0,OPT,N,23
156721,2026,Fall,2268,1,GWS,235,001,4.0,4.0,OPT,N,12
109358,2026,Fall,2268,1,GWS,236,001,4.0,4.0,OPT,N,13
109367,2026,Fall,2268,1,GWS,299,001,1.0,9.0,OPT,N,0
109367,2026,Fall,2268,1,GWS,299,002,1.0,9.0,OPT,N,0
109367,2026,Fall,2268,1,GWS,299,003,1.0,9.0,OPT,N,0
109398,2026,Fall,2268,1,GWS,50AC,001,3.0,3.0,OPT,Y,896
109400,2026,Fall,2268,1,GWS,97,001,2.0,4.0,PNP,N,0
109400,2026,Fall,2268,1,GWS,97,002,2.0,4.0,PNP,N,0
109402,2026,Fall,2268,1,GWS,99,001,1.0,4.0,PNP,N,0
109402,2026,Fall,2268,1,GWS,99,002,1.0,4.0,PNP,N,0
155862,2026,Fall,2268,1,GWS,C138,001,4.0,4.0,OPT,Y,127
123958,2026,Fall,2268,1,GWS,C146A,001,4.0,4.0,OPT,Y,60
124311,2026,Fall,2268,1,GWS,C146B,001,4.0,4.0,OPT,A,0
124373,2026,Fall,2268,1,GWS,C196A,002,4.0,4.0,OPT,N,0
124366,2026,Fall,2268,1,GWS,C196B,001,8.0,12.0,OPT,N,66
163291,2026,Fall,2268,1,GWS,H195A,001,4.0,4.0,BMT,A,9
163290,2026,Fall,2268,1,GWS,H195B,001,4.0,4.0,OPT,A,0
109412,2026,Fall,2268,1,HEBREW,100A,001,3.0,3.0,OPT,Y,37
109425,2026,Fall,2268,1,HEBREW,106A,001,3.0,3.0,OPT,Y,31
109409,2026,Fall,2268,1,HEBREW,1A,001,5.0,5.0,OPT,Y,40
109451,2026,Fall,2268,1,HEBREW,20A,001,5.0,5.0,OPT,Y,39
109471,2026,Fall,2268,1,HINDI,100A,001,4.0,4.0,OPT,Y,150
109473,2026,Fall,2268,1,HINDI,101A,001,4.0,4.0,OPT,Y,196
109469,2026,Fall,2268,1,HINDI,1A,001,5.0,5.0,OPT,Y,143
121937,2026,Fall,2268,1,HINDI,299,001,1.0,12.0,SUS,N,1
109494,2026,Fall,2268,1,HISTART,10,001,4.0,4.0,OPT,Y,594
109498,2026,Fall,2268,1,HISTART,101,001,4.0,4.0,OPT,A,443
109511,2026,Fall,2268,1,HISTART,131B,001,4.0,4.0,OPT,Y,472
109535,2026,Fall,2268,1,HISTART,15A,001,4.0,4.0,OPT,Y,0
109562,2026,Fall,2268,1,HISTART,171,001,4.0,4.0,OPT,Y,100
109581,2026,Fall,2268,1,HISTART,183,001,4.0,4.0,OPT,Y,89
109587,2026,Fall,2268,1,HISTART,185A,001,4.0,4.0,OPT,Y,218
109620,2026,Fall,2268,1,HISTART,192A,001,4.0,4.0,OPT,N,149
109620,2026,Fall,2268,1,HISTART,192A,002,2.0,4.0,OPT,N,109
109622,2026,Fall,2268,1,HISTART,192B,001,4.0,4.0,OPT,N,33
109627,2026,Fall,2268,1,HISTART,192F,001,4.0,4.0,OPT,N,71
109628,2026,Fall,2268,1,HISTART,192G,001,4.0,4.0,OPT,N,101
109636,2026,Fall,2268,1,HISTART,199,001,1.0,4.0,PNP,N,8
109636,2026,Fall,2268,1,HISTART,199,002,1.0,4.0,PNP,N,2
109636,2026,Fall,2268,1,HISTART,199,003,1.0,4.0,PNP,N,6
109637,2026,Fall,2268,1,HISTART,200,001,2.0,4.0,OPT,N,24
109664,2026,Fall,2268,1,HISTART,290,001,2.0,4.0,OPT,N,22
109664,2026,Fall,2268,1,HISTART,290,002,2.0,4.0,OPT,N,0
109664,2026,Fall,2268,1,HISTART,290,003,2.0,4.0,OPT,N,17
109666,2026,Fall,2268,1,HISTART,296,001,3.0,12.0,SUS,N,0
109666,2026,Fall,2268,1,HISTART,296,002,3.0,12.0,SUS,N,0
109666,2026,Fall,2268,1,HISTART,296,003,3.0,12.0,SUS,N,0
109666,2026,Fall,2268,1,HISTART,296,004,3.0,12.0,SUS,N,0
109666,2026,Fall,2268,1,HISTART,296,005,3.0,12.0,SUS,N,0
109666,2026,Fall,2268,1,HISTART,296,006,3.0,12.0,SUS,N,0
109666,2026,Fall,2268,1,HISTART,296,007,3.0,12.0,SUS,N,0
109666,2026,Fall,2268,1,HISTART,296,008,3.0,12.0,SUS,N,0
109666,2026,Fall,2268,1,HISTART,296,009,3.0,12.0,SUS,N,0
109666,2026,Fall,2268,1,HISTART,296,010,3.0,12.0,SUS,N,0
109666,2026,Fall,2268,1,HISTART,296,011,3.0,12.0,SUS,N,0
109666,2026,Fall,2268,1,HISTART,296,012,3.0,12.0,SUS,N,0
109666,2026,Fall,2268,1,HISTART,296,013,3.0,12.0,SUS,N,0
109666,2026,Fall,2268,1,HISTART,296,014,3.0,12.0,SUS,N,0
109666,2026,Fall,2268,1,HISTART,296,015,3.0,12.0,SUS,N,0
109668,2026,Fall,2268,1,HISTART,299,001,1.0,12.0,SUS,N,0
109668,2026,Fall,2268,1,HISTART,299,002,1.0,12.0,SUS,N,0
109668,2026,Fall,2268,1,HISTART,299,003,1.0,12.0,SUS,N,1
109668,2026,Fall,2268,1,HISTART,299,004,1.0,12.0,SUS,N,0
109668,2026,Fall,2268,1,HISTART,299,005,1.0,12.0,SUS,N,1
109668,2026,Fall,2268,1,HISTART,299,006,1.0,12.0,SUS,N,0
109668,2026,Fall,2268,1,HISTART,299,007,1.0,12.0,SUS,N,0
109668,2026,Fall,2268,1,HISTART,299,008,1.0,12.0,SUS,N,1
109668,2026,Fall,2268,1,HISTART,299,009,1.0,12.0,SUS,N,1
109668,2026,Fall,2268,1,HISTART,299,010,1.0,12.0,SUS,N,3
109668,2026,Fall,2268,1,HISTART,299,011,1.0,12.0,SUS,N,0
109668,2026,Fall,2268,1,HISTART,299,012,1.0,12.0,SUS,N,1
156248,2026,Fall,2268,1,HISTART,37,001,4.0,4.0,OPT,Y,1924
109676,2026,Fall,2268,1,HISTART,375,001,2.0,2.0,SUS,N,15
109707,2026,Fall,2268,1,HISTART,601,001,1.0,12.0,SUS,N,0
109708,2026,Fall,2268,1,HISTART,602,001,1.0,12.0,SUS,N,5
123559,2026,Fall,2268,1,HISTART,C121A,001,4.0,4.0,OPT,Y,40
124373,2026,Fall,2268,1,HISTART,C196A,001,4.0,4.0,OPT,N,59
124366,2026,Fall,2268,1,HISTART,C196B,001,8.0,12.0,OPT,N,33
109741,2026,Fall,2268,1,HISTART,R1B,001,4.0,4.0,GRD,N,217
109741,2026,Fall,2268,1,HISTART,R1B,002,4.0,4.0,GRD,N,402
109741,2026,Fall,2268,1,HISTART,R1B,003,4.0,4.0,GRD,N,190
109741,2026,Fall,2268,1,HISTART,R1B,004,4.0,4.0,GRD,N,187
109741,2026,Fall,2268,1,HISTART,R1B,005,4.0,4.0,GRD,N,134
109741,2026,Fall,2268,1,HISTART,R1B,006,4.0,4.0,GRD,N,211
154320,2026,Fall,2268,1,HISTORY,1,001,4.0,4.0,OPT,Y,1116
109756,2026,Fall,2268,1,HISTORY,10,001,4.0,4.0,OPT,Y,249
109758,2026,Fall,2268,1,HISTORY,100AC,001,4.0,4.0,OPT,Y,1015
109760,2026,Fall,2268,1,HISTORY,100B,001,4.0,4.0,OPT,Y,244
109760,2026,Fall,2268,1,HISTORY,100B,002,4.0,4.0,OPT,Y,242
109763,2026,Fall,2268,1,HISTORY,100E,001,4.0,4.0,OPT,Y,160
109764,2026,Fall,2268,1,HISTORY,100F,002,4.0,4.0,OPT,Y,310
109765,2026,Fall,2268,1,HISTORY,100H,001,4.0,4.0,OPT,Y,60
109767,2026,Fall,2268,1,HISTORY,100M,001,4.0,4.0,OPT,Y,180
109769,2026,Fall,2268,1,HISTORY,100U,001,4.0,4.0,OPT,Y,162
163286,2026,Fall,2268,1,HISTORY,101A,001,4.0,4.0,OPT,A,0
109772,2026,Fall,2268,1,HISTORY,102,001,4.0,4.0,OPT,N,43
109772,2026,Fall,2268,1,HISTORY,102,002,4.0,4.0,OPT,N,23
109774,2026,Fall,2268,1,HISTORY,103A,001,4.0,4.0,OPT,A,310
109775,2026,Fall,2268,1,HISTORY,103B,001,4.0,4.0,OPT,A,184
109775,2026,Fall,2268,1,HISTORY,103B,002,4.0,4.0,OPT,A,145
109777,2026,Fall,2268,1,HISTORY,103D,001,4.0,4.0,OPT,A,420
109777,2026,Fall,2268,1,HISTORY,103D,002,4.0,4.0,OPT,A,75
109777,2026,Fall,2268,1,HISTORY,103D,003,4.0,4.0,OPT,A,138
109777,2026,Fall,2268,1,HISTORY,103D,004,4.0,4.0,OPT,A,91
109777,2026,Fall,2268,1,HISTORY,103D,005,4.0,4.0,OPT,A,128
109777,2026,Fall,2268,1,HISTORY,103D,006,4.0,4.0,OPT,A,58
109784,2026,Fall,2268,1,HISTORY,103U,001,4.0,4.0,OPT,A,185
109784,2026,Fall,2268,1,HISTORY,103U,003,4.0,4.0,OPT,A,159
109785,2026,Fall,2268,1,HISTORY,104,001,4.0,4.0,OPT,A,257
109785,2026,Fall,2268,1,HISTORY,104,002,4.0,4.0,OPT,A,281
109792,2026,Fall,2268,1,HISTORY,106B,001,4.0,4.0,OPT,Y,262
166763,2026,Fall,2268,1,HISTORY,129A,001,4.0,4.0,OPT,Y,329
109860,2026,Fall,2268,1,HISTORY,130,001,4.0,4.0,OPT,A,984
109865,2026,Fall,2268,1,HISTORY,131B,001,4.0,4.0,OPT,Y,655
157134,2026,Fall,2268,1,HISTORY,133B,001,4.0,4.0,OPT,Y,552
109885,2026,Fall,2268,1,HISTORY,14,001,4.0,4.0,OPT,Y,312
109929,2026,Fall,2268,1,HISTORY,160,001,4.0,4.0,OPT,Y,842
109941,2026,Fall,2268,1,HISTORY,165A,001,4.0,4.0,OPT,Y,130
109947,2026,Fall,2268,1,HISTORY,166B,001,4.0,4.0,OPT,Y,210
109948,2026,Fall,2268,1,HISTORY,166C,001,4.0,4.0,OPT,Y,115
109957,2026,Fall,2268,1,HISTORY,169A,001,4.0,4.0,OPT,Y,306
109964,2026,Fall,2268,1,HISTORY,171B,001,4.0,4.0,OPT,Y,190
156724,2026,Fall,2268,1,HISTORY,175B,001,4.0,4.0,OPT,Y,402
163253,2026,Fall,2268,1,HISTORY,175E,001,4.0,4.0,OPT,A,129
161883,2026,Fall,2268,1,HISTORY,182CT,001,4.0,4.0,OPT,Y,653
109992,2026,Fall,2268,1,HISTORY,185A,001,4.0,4.0,OPT,Y,184
161893,2026,Fall,2268,1,HISTORY,188E,001,4.0,4.0,OPT,A,326
109998,2026,Fall,2268,1,HISTORY,198BC,001,1.0,1.0,PNP,N,36
110000,2026,Fall,2268,1,HISTORY,199,001,1.0,4.0,PNP,N,0
110000,2026,Fall,2268,1,HISTORY,199,002,1.0,4.0,PNP,N,0
110000,2026,Fall,2268,1,HISTORY,199,003,1.0,4.0,PNP,N,0
110000,2026,Fall,2268,1,HISTORY,199,004,1.0,4.0,PNP,N,0
110000,2026,Fall,2268,1,HISTORY,199,005,1.0,4.0,PNP,N,0
110000,2026,Fall,2268,1,HISTORY,199,006,1.0,4.0,PNP,N,0
110000,2026,Fall,2268,1,HISTORY,199,007,1.0,4.0,PNP,N,0
110010,2026,Fall,2268,1,HISTORY,275E,001,4.0,4.0,OPT,N,30
110019,2026,Fall,2268,1,HISTORY,280A,001,4.0,4.0,OPT,N,17
110020,2026,Fall,2268,1,HISTORY,280B,001,4.0,4.0,OPT,N,13
110020,2026,Fall,2268,1,HISTORY,280B,002,4.0,4.0,OPT,N,24
110020,2026,Fall,2268,1,HISTORY,280B,003,4.0,4.0,OPT,N,17
110022,2026,Fall,2268,1,HISTORY,280D,001,4.0,4.0,OPT,N,15
110022,2026,Fall,2268,1,HISTORY,280D,002,4.0,4.0,OPT,N,18
110022,2026,Fall,2268,1,HISTORY,280D,003,4.0,4.0,OPT,N,9
110024,2026,Fall,2268,1,HISTORY,280F,001,4.0,4.0,OPT,N,7
110024,2026,Fall,2268,1,HISTORY,280F,002,4.0,4.0,OPT,N,11
110024,2026,Fall,2268,1,HISTORY,280F,003,4.0,4.0,OPT,N,10
110026,2026,Fall,2268,1,HISTORY,280H,001,4.0,4.0,OPT,N,21
147938,2026,Fall,2268,1,HISTORY,280M,001,4.0,4.0,OPT,N,23
110030,2026,Fall,2268,1,HISTORY,280S,001,4.0,4.0,OPT,N,64
110032,2026,Fall,2268,1,HISTORY,280U,002,4.0,4.0,OPT,N,18
110032,2026,Fall,2268,1,HISTORY,280U,003,4.0,4.0,OPT,N,23
110032,2026,Fall,2268,1,HISTORY,280U,004,4.0,4.0,OPT,N,13
110035,2026,Fall,2268,1,HISTORY,283,001,4.0,4.0,OPT,N,7
110040,2026,Fall,2268,1,HISTORY,285A,001,4.0,4.0,OPT,N,9
110041,2026,Fall,2268,1,HISTORY,285B,001,4.0,4.0,OPT,N,7
110043,2026,Fall,2268,1,HISTORY,285D,001,4.0,4.0,OPT,N,11
110045,2026,Fall,2268,1,HISTORY,285F,001,4.0,4.0,OPT,N,12
110045,2026,Fall,2268,1,HISTORY,285F,002,4.0,4.0,OPT,N,6
110046,2026,Fall,2268,1,HISTORY,285H,001,4.0,4.0,OPT,N,8
162111,2026,Fall,2268,1,HISTORY,285M,001,4.0,4.0,OPT,N,9
110052,2026,Fall,2268,1,HISTORY,285U,001,4.0,4.0,OPT,N,0
110052,2026,Fall,2268,1,HISTORY,285U,002,4.0,4.0,OPT,N,2
110052,2026,Fall,2268,1,HISTORY,285U,004,4.0,4.0,OPT,N,0
110053,2026,Fall,2268,1,HISTORY,290,001,1.0,1.0,SUS,N,10
110057,2026,Fall,2268,1,HISTORY,296,001,1.0,12.0,SUS,N,1
110057,2026,Fall,2268,1,HISTORY,296,002,1.0,12.0,SUS,N,0
110057,2026,Fall,2268,1,HISTORY,296,003,1.0,12.0,SUS,N,0
110057,2026,Fall,2268,1,HISTORY,296,004,1.0,12.0,SUS,N,0
110057,2026,Fall,2268,1,HISTORY,296,005,1.0,12.0,SUS,N,0
110057,2026,Fall,2268,1,HISTORY,296,006,1.0,12.0,SUS,N,0
110057,2026,Fall,2268,1,HISTORY,296,007,1.0,12.0,SUS,N,0
110057,2026,Fall,2268,1,HISTORY,296,008,1.0,12.0,SUS,N,0
110057,2026,Fall,2268,1,HISTORY,296,009,1.0,12.0,SUS,N,0
110057,2026,Fall,2268,1,HISTORY,296,010,1.0,12.0,SUS,N,0
110057,2026,Fall,2268,1,HISTORY,296,011,1.0,12.0,SUS,N,0
110057,2026,Fall,2268,1,HISTORY,296,012,1.0,12.0,SUS,N,1
110057,2026,Fall,2268,1,HISTORY,296,013,1.0,12.0,SUS,N,0
110057,2026,Fall,2268,1,HISTORY,296,014,1.0,12.0,SUS,N,0
110057,2026,Fall,2268,1,HISTORY,296,015,1.0,12.0,SUS,N,0
110057,2026,Fall,2268,1,HISTORY,296,016,1.0,12.0,SUS,N,0
110057,2026,Fall,2268,1,HISTORY,296,017,1.0,12.0,SUS,N,0
110057,2026,Fall,2268,1,HISTORY,296,018,1.0,12.0,SUS,N,0
110057,2026,Fall,2268,1,HISTORY,296,019,1.0,12.0,SUS,N,0
110057,2026,Fall,2268,1,HISTORY,296,020,1.0,12.0,SUS,N,0
110057,2026,Fall,2268,1,HISTORY,296,021,1.0,12.0,SUS,N,0
110057,2026,Fall,2268,1,HISTORY,296,022,1.0,12.0,SUS,N,0
110057,2026,Fall,2268,1,HISTORY,296,023,1.0,12.0,SUS,N,0
110057,2026,Fall,2268,1,HISTORY,296,024,1.0,12.0,SUS,N,0
110057,2026,Fall,2268,1,HISTORY,296,025,1.0,12.0,SUS,N,0
110057,2026,Fall,2268,1,HISTORY,296,026,1.0,12.0,SUS,N,0
110057,2026,Fall,2268,1,HISTORY,296,027,1.0,12.0,SUS,N,0
110057,2026,Fall,2268,1,HISTORY,296,028,1.0,12.0,SUS,N,0
110057,2026,Fall,2268,1,HISTORY,296,029,1.0,12.0,SUS,N,0
110057,2026,Fall,2268,1,HISTORY,296,030,1.0,12.0,SUS,N,0
110057,2026,Fall,2268,1,HISTORY,296,031,1.0,12.0,SUS,N,0
110057,2026,Fall,2268,1,HISTORY,296,032,1.0,12.0,SUS,N,0
110057,2026,Fall,2268,1,HISTORY,296,033,1.0,12.0,SUS,N,0
110057,2026,Fall,2268,1,HISTORY,296,034,1.0,12.0,SUS,N,0
110057,2026,Fall,2268,1,HISTORY,296,035,1.0,12.0,SUS,N,0
110057,2026,Fall,2268,1,HISTORY,296,036,1.0,12.0,SUS,N,0
110057,2026,Fall,2268,1,HISTORY,296,037,1.0,12.0,SUS,N,0
110057,2026,Fall,2268,1,HISTORY,296,038,1.0,12.0,SUS,N,0
110057,2026,Fall,2268,1,HISTORY,296,039,1.0,12.0,SUS,N,0
110057,2026,Fall,2268,1,HISTORY,296,040,1.0,12.0,SUS,N,0
110057,2026,Fall,2268,1,HISTORY,296,041,1.0,12.0,SUS,N,0
110057,2026,Fall,2268,1,HISTORY,296,042,1.0,12.0,SUS,N,1
110057,2026,Fall,2268,1,HISTORY,296,043,1.0,12.0,SUS,N,0
110057,2026,Fall,2268,1,HISTORY,296,044,1.0,12.0,SUS,N,0
110057,2026,Fall,2268,1,HISTORY,296,045,1.0,12.0,SUS,N,1
110057,2026,Fall,2268,1,HISTORY,296,046,1.0,12.0,SUS,N,0
110057,2026,Fall,2268,1,HISTORY,296,047,1.0,12.0,SUS,N,0
110057,2026,Fall,2268,1,HISTORY,296,048,1.0,12.0,SUS,N,0
110057,2026,Fall,2268,1,HISTORY,296,049,1.0,12.0,SUS,N,0
110057,2026,Fall,2268,1,HISTORY,296,050,1.0,12.0,SUS,N,0
110057,2026,Fall,2268,1,HISTORY,296,051,1.0,12.0,SUS,N,0
110057,2026,Fall,2268,1,HISTORY,296,052,1.0,12.0,SUS,N,0
110057,2026,Fall,2268,1,HISTORY,296,053,1.0,12.0,SUS,N,0
110057,2026,Fall,2268,1,HISTORY,296,054,1.0,12.0,SUS,N,0
110057,2026,Fall,2268,1,HISTORY,296,055,1.0,12.0,SUS,N,0
110057,2026,Fall,2268,1,HISTORY,296,056,1.0,12.0,SUS,N,0
110057,2026,Fall,2268,1,HISTORY,296,057,1.0,12.0,SUS,N,0
110058,2026,Fall,2268,1,HISTORY,298,001,2.0,12.0,SUS,N,0
110059,2026,Fall,2268,1,HISTORY,299,001,1.0,12.0,OPT,N,0
110059,2026,Fall,2268,1,HISTORY,299,002,1.0,12.0,OPT,N,0
110059,2026,Fall,2268,1,HISTORY,299,003,1.0,12.0,OPT,N,0
110059,2026,Fall,2268,1,HISTORY,299,004,1.0,12.0,OPT,N,0
110059,2026,Fall,2268,1,HISTORY,299,005,1.0,12.0,OPT,N,0
110059,2026,Fall,2268,1,HISTORY,299,006,1.0,12.0,OPT,N,0
110059,2026,Fall,2268,1,HISTORY,299,007,1.0,12.0,OPT,N,0
110059,2026,Fall,2268,1,HISTORY,299,008,1.0,12.0,OPT,N,0
110059,2026,Fall,2268,1,HISTORY,299,009,1.0,12.0,OPT,N,0
110059,2026,Fall,2268,1,HISTORY,299,010,1.0,12.0,OPT,N,0
110059,2026,Fall,2268,1,HISTORY,299,011,1.0,12.0,OPT,N,0
110059,2026,Fall,2268,1,HISTORY,299,012,1.0,12.0,OPT,N,0
110059,2026,Fall,2268,1,HISTORY,299,013,1.0,12.0,OPT,N,0
110059,2026,Fall,2268,1,HISTORY,299,014,1.0,12.0,OPT,N,0
110059,2026,Fall,2268,1,HISTORY,299,015,1.0,12.0,OPT,N,0
110059,2026,Fall,2268,1,HISTORY,299,016,1.0,12.0,OPT,N,0
110059,2026,Fall,2268,1,HISTORY,299,017,1.0,12.0,OPT,N,0
110059,2026,Fall,2268,1,HISTORY,299,018,1.0,12.0,OPT,N,0
110059,2026,Fall,2268,1,HISTORY,299,019,1.0,12.0,OPT,N,0
110059,2026,Fall,2268,1,HISTORY,299,020,1.0,12.0,OPT,N,0
110059,2026,Fall,2268,1,HISTORY,299,021,1.0,12.0,OPT,N,0
110059,2026,Fall,2268,1,HISTORY,299,022,1.0,12.0,OPT,N,0
110059,2026,Fall,2268,1,HISTORY,299,023,1.0,12.0,OPT,N,0
110059,2026,Fall,2268,1,HISTORY,299,024,1.0,12.0,OPT,N,0
110059,2026,Fall,2268,1,HISTORY,299,025,1.0,12.0,OPT,N,0
110059,2026,Fall,2268,1,HISTORY,299,026,1.0,12.0,OPT,N,0
110059,2026,Fall,2268,1,HISTORY,299,027,1.0,12.0,OPT,N,0
110059,2026,Fall,2268,1,HISTORY,299,028,1.0,12.0,OPT,N,0
110059,2026,Fall,2268,1,HISTORY,299,029,1.0,12.0,OPT,N,0
110059,2026,Fall,2268,1,HISTORY,299,030,1.0,12.0,OPT,N,0
110059,2026,Fall,2268,1,HISTORY,299,031,1.0,12.0,OPT,N,0
110059,2026,Fall,2268,1,HISTORY,299,032,1.0,12.0,OPT,N,0
110059,2026,Fall,2268,1,HISTORY,299,033,1.0,12.0,OPT,N,0
110059,2026,Fall,2268,1,HISTORY,299,034,1.0,12.0,OPT,N,0
110059,2026,Fall,2268,1,HISTORY,299,035,1.0,12.0,OPT,N,0
110059,2026,Fall,2268,1,HISTORY,299,036,1.0,12.0,OPT,N,0
110059,2026,Fall,2268,1,HISTORY,299,037,1.0,12.0,OPT,N,0
110059,2026,Fall,2268,1,HISTORY,299,038,1.0,12.0,OPT,N,0
110059,2026,Fall,2268,1,HISTORY,299,039,1.0,12.0,OPT,N,0
110059,2026,Fall,2268,1,HISTORY,299,040,1.0,12.0,OPT,N,0
110059,2026,Fall,2268,1,HISTORY,299,041,1.0,12.0,OPT,N,0
110060,2026,Fall,2268,1,HISTORY,3,001,4.0,4.0,OPT,Y,306
110061,2026,Fall,2268,1,HISTORY,30,001,4.0,4.0,OPT,A,1325
162755,2026,Fall,2268,1,HISTORY,301,001,4.0,4.0,SUS,N,0
110098,2026,Fall,2268,1,HISTORY,4A,001,4.0,4.0,OPT,Y,306
110100,2026,Fall,2268,1,HISTORY,5,001,4.0,4.0,OPT,Y,359
110104,2026,Fall,2268,1,HISTORY,601,001,1.0,8.0,SUS,N,0
110105,2026,Fall,2268,1,HISTORY,602,001,1.0,8.0,SUS,N,0
110102,2026,Fall,2268,1,HISTORY,6A,001,4.0,4.0,OPT,Y,301
110107,2026,Fall,2268,1,HISTORY,7A,001,4.0,4.0,OPT,A,1875
110112,2026,Fall,2268,1,HISTORY,84,001,1.0,2.0,OPT,Y,0
110110,2026,Fall,2268,1,HISTORY,8A,001,4.0,4.0,OPT,Y,198
110119,2026,Fall,2268,1,HISTORY,98BC,001,1.0,1.0,PNP,N,55
109925,2026,Fall,2268,1,HISTORY,C159A,001,4.0,4.0,OPT,Y,331
124466,2026,Fall,2268,1,HISTORY,C182C,001,4.0,4.0,OPT,Y,147
109990,2026,Fall,2268,1,HISTORY,C183A,001,4.0,4.0,OPT,A,270
157712,2026,Fall,2268,1,HISTORY,C184D,001,4.0,4.0,OPT,Y,217
124373,2026,Fall,2268,1,HISTORY,C196A,001,4.0,4.0,OPT,N,46
124366,2026,Fall,2268,1,HISTORY,C196B,001,8.0,12.0,PNP,N,38
124346,2026,Fall,2268,1,HISTORY,C250,001,3.0,3.0,OPT,N,10
164198,2026,Fall,2268,1,HISTORY,C254,001,4.0,4.0,OPT,N,33
110122,2026,Fall,2268,1,HISTORY,H195,001,4.0,4.0,OPT,N,0
110141,2026,Fall,2268,1,HISTORY,R1B,001,4.0,4.0,GRD,N,734
110141,2026,Fall,2268,1,HISTORY,R1B,002,4.0,4.0,GRD,N,339
110141,2026,Fall,2268,1,HISTORY,R1B,003,4.0,4.0,GRD,N,299
161751,2026,Fall,2268,1,HMEDSCI,205A,001,10.0,10.0,OPT,N,8
161974,2026,Fall,2268,1,HMEDSCI,205C,001,10.0,10.0,OPT,N,10
161974,2026,Fall,2268,1,HMEDSCI,205C,002,10.0,10.0,OPT,N,7
161982,2026,Fall,2268,1,HMEDSCI,205E,001,10.0,10.0,OPT,N,2
161949,2026,Fall,2268,1,HMEDSCI,216A,001,3.0,3.0,OPT,N,7
161949,2026,Fall,2268,1,HMEDSCI,216A,002,3.0,3.0,OPT,N,3
161955,2026,Fall,2268,1,HMEDSCI,216C,001,3.0,3.0,OPT,Y,6
161955,2026,Fall,2268,1,HMEDSCI,216C,002,3.0,3.0,OPT,Y,3
161954,2026,Fall,2268,1,HMEDSCI,216E,001,4.0,4.0,OPT,N,13
162171,2026,Fall,2268,1,HMEDSCI,261A,001,4.0,4.0,OPT,N,15
162183,2026,Fall,2268,1,HMEDSCI,261C,001,3.0,3.0,SUS,N,10
162172,2026,Fall,2268,1,HMEDSCI,261E,001,3.0,3.0,SUS,N,5
168790,2026,Fall,2268,1,HMEDSCI,261PA,001,3.0,3.0,SUS,N,1
168789,2026,Fall,2268,1,HMEDSCI,261PC,001,3.0,3.0,SUS,N,0
110264,2026,Fall,2268,1,HMEDSCI,296,001,1.0,10.0,OPT,N,0
110264,2026,Fall,2268,1,HMEDSCI,296,002,1.0,10.0,OPT,N,0
110264,2026,Fall,2268,1,HMEDSCI,296,003,1.0,10.0,OPT,N,0
110264,2026,Fall,2268,1,HMEDSCI,296,004,1.0,10.0,OPT,N,0
110264,2026,Fall,2268,1,HMEDSCI,296,011,1.0,10.0,OPT,N,0
110264,2026,Fall,2268,1,HMEDSCI,296,012,1.0,10.0,OPT,N,0
110264,2026,Fall,2268,1,HMEDSCI,296,013,1.0,10.0,OPT,N,0
110265,2026,Fall,2268,1,HMEDSCI,298,001,1.0,5.0,OPT,N,0
110265,2026,Fall,2268,1,HMEDSCI,298,003,1.0,5.0,OPT,N,0
110265,2026,Fall,2268,1,HMEDSCI,298,004,1.0,5.0,OPT,N,0
110265,2026,Fall,2268,1,HMEDSCI,298,006,1.0,5.0,OPT,N,0
110265,2026,Fall,2268,1,HMEDSCI,298,009,1.0,5.0,OPT,N,0
110265,2026,Fall,2268,1,HMEDSCI,298,010,1.0,5.0,OPT,N,0
110266,2026,Fall,2268,1,HMEDSCI,299,001,1.0,12.0,OPT,N,0
110266,2026,Fall,2268,1,HMEDSCI,299,002,1.0,12.0,OPT,N,0
110266,2026,Fall,2268,1,HMEDSCI,299,003,1.0,12.0,OPT,N,0
110266,2026,Fall,2268,1,HMEDSCI,299,004,1.0,12.0,OPT,N,0
110266,2026,Fall,2268,1,HMEDSCI,299,005,1.0,12.0,OPT,N,0
110266,2026,Fall,2268,1,HMEDSCI,299,006,1.0,12.0,OPT,N,0
110266,2026,Fall,2268,1,HMEDSCI,299,007,1.0,12.0,OPT,N,0
110266,2026,Fall,2268,1,HMEDSCI,299,008,1.0,12.0,OPT,N,0
110266,2026,Fall,2268,1,HMEDSCI,299,009,1.0,12.0,OPT,N,0
110266,2026,Fall,2268,1,HMEDSCI,299,010,1.0,12.0,OPT,N,0
110266,2026,Fall,2268,1,HMEDSCI,299,011,1.0,12.0,OPT,N,0
110266,2026,Fall,2268,1,HMEDSCI,299,012,1.0,12.0,OPT,N,0
110266,2026,Fall,2268,1,HMEDSCI,299,013,1.0,12.0,OPT,N,0
110266,2026,Fall,2268,1,HMEDSCI,299,014,1.0,12.0,OPT,N,0
110266,2026,Fall,2268,1,HMEDSCI,299,015,1.0,12.0,OPT,N,0
110266,2026,Fall,2268,1,HMEDSCI,299,016,1.0,12.0,OPT,N,0
110266,2026,Fall,2268,1,HMEDSCI,299,017,1.0,12.0,OPT,N,0
157872,2026,Fall,2268,1,HUM,10,001,4.0,4.0,OPT,A,3862
161094,2026,Fall,2268,1,HUM,100,001,4.0,4.0,OPT,A,92
160843,2026,Fall,2268,1,HUM,105,1,3.0,3.0,OPT,A,654
110372,2026,Fall,2268,1,HUNGARI,100,001,2.0,2.0,OPT,N,13
110372,2026,Fall,2268,1,HUNGARI,100,UC01,2.0,2.0,OPT,N,0
110370,2026,Fall,2268,1,HUNGARI,1A,001,3.0,4.0,OPT,A,45
110370,2026,Fall,2268,1,HUNGARI,1A,UC01,3.0,4.0,OPT,A,0
110416,2026,Fall,2268,1,IAS,299,001,1.0,4.0,SUS,N,0
123890,2026,Fall,2268,1,IAS,C118,001,4.0,4.0,OPT,Y,41
125598,2026,Fall,2268,1,IAS,C176,001,4.0,4.0,OPT,Y,102
110565,2026,Fall,2268,1,INDENG,115,001,3.0,3.0,OPT,Y,681
110566,2026,Fall,2268,1,INDENG,120,1,3.0,3.0,OPT,Y,523
110567,2026,Fall,2268,1,INDENG,130,001,3.0,3.0,OPT,Y,251
163993,2026,Fall,2268,1,INDENG,142A,1,4.0,4.0,OPT,Y,706
161612,2026,Fall,2268,1,INDENG,145,01,3.0,3.0,OPT,Y,177
110570,2026,Fall,2268,1,INDENG,150,01,3.0,3.0,OPT,Y,161
110572,2026,Fall,2268,1,INDENG,153,1,3.0,3.0,OPT,Y,388
110575,2026,Fall,2268,1,INDENG,162,001,3.0,3.0,OPT,Y,385
110581,2026,Fall,2268,1,INDENG,171,001,3.0,3.0,OPT,A,304
110582,2026,Fall,2268,1,INDENG,172,001,4.0,4.0,OPT,Y,533
157490,2026,Fall,2268,1,INDENG,174,001,3.0,3.0,OPT,A,288
110583,2026,Fall,2268,1,INDENG,180,001,4.0,4.0,OPT,N,22
110600,2026,Fall,2268,1,INDENG,197,001,1.0,12.0,PNP,N,0
110600,2026,Fall,2268,1,INDENG,197,002,1.0,12.0,PNP,N,0
110602,2026,Fall,2268,1,INDENG,199,001,1.0,4.0,PNP,N,0
110602,2026,Fall,2268,1,INDENG,199,002,1.0,4.0,PNP,N,0
110602,2026,Fall,2268,1,INDENG,199,003,1.0,4.0,PNP,N,0
110602,2026,Fall,2268,1,INDENG,199,004,1.0,4.0,PNP,N,0
110602,2026,Fall,2268,1,INDENG,199,005,1.0,4.0,PNP,N,0
110602,2026,Fall,2268,1,INDENG,199,007,1.0,4.0,PNP,N,0
110602,2026,Fall,2268,1,INDENG,199,008,1.0,4.0,PNP,N,0
110602,2026,Fall,2268,1,INDENG,199,009,1.0,4.0,PNP,N,0
110602,2026,Fall,2268,1,INDENG,199,010,1.0,4.0,PNP,N,0
110602,2026,Fall,2268,1,INDENG,199,011,1.0,4.0,PNP,N,0
110602,2026,Fall,2268,1,INDENG,199,012,1.0,4.0,PNP,N,0
110602,2026,Fall,2268,1,INDENG,199,013,1.0,4.0,PNP,N,0
110602,2026,Fall,2268,1,INDENG,199,014,1.0,4.0,PNP,N,0
110602,2026,Fall,2268,1,INDENG,199,015,1.0,4.0,PNP,N,0
110602,2026,Fall,2268,1,INDENG,199,16,1.0,4.0,PNP,N,0
110602,2026,Fall,2268,1,INDENG,199,17,1.0,4.0,PNP,N,0
161827,2026,Fall,2268,1,INDENG,210,1,3.0,3.0,OPT,N,0
168797,2026,Fall,2268,1,INDENG,211,1,1.0,1.0,SUS,N,0
168797,2026,Fall,2268,1,INDENG,211,2,1.0,1.0,SUS,N,0
168797,2026,Fall,2268,1,INDENG,211,3,1.0,1.0,SUS,N,0
168797,2026,Fall,2268,1,INDENG,211,4,1.0,1.0,SUS,N,0
110603,2026,Fall,2268,1,INDENG,215,001,3.0,3.0,OPT,N,63
110605,2026,Fall,2268,1,INDENG,221,001,3.0,3.0,OPT,Y,191
110609,2026,Fall,2268,1,INDENG,24,01,1.0,1.0,OPT,Y,210
110610,2026,Fall,2268,1,INDENG,240,001,3.0,3.0,OPT,N,76
110610,2026,Fall,2268,1,INDENG,240,002,3.0,3.0,OPT,N,53
110611,2026,Fall,2268,1,INDENG,241,001,3.0,3.0,OPT,N,64
110611,2026,Fall,2268,1,INDENG,241,002,3.0,3.0,OPT,N,28
125391,2026,Fall,2268,1,INDENG,242A,1,4.0,4.0,OPT,N,87
163243,2026,Fall,2268,1,INDENG,245,1,3.0,3.0,OPT,N,23
110613,2026,Fall,2268,1,INDENG,250,01,3.0,3.0,OPT,Y,27
110619,2026,Fall,2268,1,INDENG,262A,001,4.0,4.0,OPT,Y,65
110621,2026,Fall,2268,1,INDENG,263A,001,4.0,4.0,OPT,Y,99
110625,2026,Fall,2268,1,INDENG,266,1,3.0,3.0,OPT,Y,31
110633,2026,Fall,2268,1,INDENG,290,001,2.0,2.0,OPT,Y,20
110633,2026,Fall,2268,1,INDENG,290,005,2.0,3.0,OPT,Y,0
110633,2026,Fall,2268,1,INDENG,290,006,2.0,3.0,OPT,Y,11
110633,2026,Fall,2268,1,INDENG,290,007,2.0,3.0,OPT,Y,0
110653,2026,Fall,2268,1,INDENG,298,001,1.0,1.0,SUS,N,38
110653,2026,Fall,2268,1,INDENG,298,002,1.0,4.0,OPT,N,0
110653,2026,Fall,2268,1,INDENG,298,005,1.0,4.0,OPT,N,0
110653,2026,Fall,2268,1,INDENG,298,006,1.0,4.0,OPT,N,0
110653,2026,Fall,2268,1,INDENG,298,10,1.0,4.0,IOP,N,0
110653,2026,Fall,2268,1,INDENG,298,11,2.0,2.0,SUS,N,0
110653,2026,Fall,2268,1,INDENG,298,7,1.0,4.0,IOP,N,0
110653,2026,Fall,2268,1,INDENG,298,8,1.0,4.0,IOP,N,0
110653,2026,Fall,2268,1,INDENG,298,9,1.0,4.0,IOP,N,0
110654,2026,Fall,2268,1,INDENG,299,001,1.0,12.0,SUS,N,0
110654,2026,Fall,2268,1,INDENG,299,002,1.0,12.0,SUS,N,0
110654,2026,Fall,2268,1,INDENG,299,003,1.0,12.0,SUS,N,0
110654,2026,Fall,2268,1,INDENG,299,004,1.0,12.0,SUS,N,0
110654,2026,Fall,2268,1,INDENG,299,005,1.0,12.0,SUS,N,0
110654,2026,Fall,2268,1,INDENG,299,006,1.0,12.0,SUS,N,0
110654,2026,Fall,2268,1,INDENG,299,007,1.0,12.0,SUS,N,0
110654,2026,Fall,2268,1,INDENG,299,008,1.0,12.0,SUS,N,0
110654,2026,Fall,2268,1,INDENG,299,009,1.0,12.0,SUS,N,0
110654,2026,Fall,2268,1,INDENG,299,010,1.0,12.0,SUS,N,0
110654,2026,Fall,2268,1,INDENG,299,012,1.0,12.0,SUS,N,0
110654,2026,Fall,2268,1,INDENG,299,013,1.0,12.0,SUS,N,0
110654,2026,Fall,2268,1,INDENG,299,014,1.0,12.0,SUS,N,0
110654,2026,Fall,2268,1,INDENG,299,015,1.0,12.0,SUS,N,0
110654,2026,Fall,2268,1,INDENG,299,016,1.0,12.0,SUS,N,0
110654,2026,Fall,2268,1,INDENG,299,017,1.0,12.0,SUS,N,0
110654,2026,Fall,2268,1,INDENG,299,018,1.0,12.0,SUS,N,0
110654,2026,Fall,2268,1,INDENG,299,019,1.0,12.0,SUS,N,0
110654,2026,Fall,2268,1,INDENG,299,11,1.0,12.0,SUS,N,4
110654,2026,Fall,2268,1,INDENG,299,20,1.0,12.0,SUS,N,0
110654,2026,Fall,2268,1,INDENG,299,21,1.0,12.0,SUS,N,0
110654,2026,Fall,2268,1,INDENG,299,22,1.0,12.0,SUS,N,0
110654,2026,Fall,2268,1,INDENG,299,23,1.0,12.0,SUS,N,0
158116,2026,Fall,2268,1,INDENG,375,001,2.0,2.0,SUS,N,12
110690,2026,Fall,2268,1,INDENG,H196A,1,3.0,3.0,PNP,Y,0
114430,2026,Fall,2268,1,INDONES,100A,001,5.0,5.0,OPT,Y,67
114428,2026,Fall,2268,1,INDONES,1A,001,5.0,5.0,OPT,Y,63
114438,2026,Fall,2268,1,INDONES,210A,001,4.0,4.0,OPT,N,4
121938,2026,Fall,2268,1,INDONES,299,001,1.0,12.0,SUS,N,0
161979,2026,Fall,2268,1,INFO,153A,001,3.0,3.0,OPT,Y,170
110716,2026,Fall,2268,1,INFO,199,001,1.0,4.0,PNP,N,0
110716,2026,Fall,2268,1,INFO,199,002,1.0,4.0,PNP,N,0
110716,2026,Fall,2268,1,INFO,199,003,1.0,4.0,PNP,N,0
159693,2026,Fall,2268,1,INFO,201,001,3.0,3.0,OPT,N,79
110717,2026,Fall,2268,1,INFO,202,001,3.0,3.0,OPT,N,42
158115,2026,Fall,2268,1,INFO,206A,001,2.0,2.0,OPT,N,43
110720,2026,Fall,2268,1,INFO,206B,001,2.0,2.0,OPT,N,3
110726,2026,Fall,2268,1,INFO,213,001,4.0,4.0,OPT,N,127
110736,2026,Fall,2268,1,INFO,225,001,3.0,3.0,OPT,N,46
154321,2026,Fall,2268,1,INFO,239,001,3.0,3.0,OPT,N,52
161460,2026,Fall,2268,1,INFO,241,001,3.0,3.0,OPT,N,54
110754,2026,Fall,2268,1,INFO,253A,001,3.0,3.0,OPT,N,20
110756,2026,Fall,2268,1,INFO,256,001,3.0,3.0,OPT,N,0
110762,2026,Fall,2268,1,INFO,271B,001,3.0,3.0,OPT,N,59
110763,2026,Fall,2268,1,INFO,272,001,3.0,3.0,OPT,N,33
168548,2026,Fall,2268,1,INFO,285,001,3.0,3.0,OPT,N,3
158325,2026,Fall,2268,1,INFO,289,001,3.0,3.0,OPT,N,39
110770,2026,Fall,2268,1,INFO,290,001,2.0,2.0,OPT,N,39
110770,2026,Fall,2268,1,INFO,290,003,3.0,3.0,OPT,N,21
110770,2026,Fall,2268,1,INFO,290,004,2.0,2.0,OPT,N,6
110770,2026,Fall,2268,1,INFO,290,005,4.0,4.0,OPT,N,3
110770,2026,Fall,2268,1,INFO,290,006,2.0,4.0,OPT,N,6
110770,2026,Fall,2268,1,INFO,290,008,2.0,2.0,OPT,N,5
110774,2026,Fall,2268,1,INFO,290T,001,3.0,3.0,OPT,N,17
110777,2026,Fall,2268,1,INFO,295,001,1.0,1.0,SUS,N,2
110781,2026,Fall,2268,1,INFO,298,001,1.0,4.0,OPT,N,0
110781,2026,Fall,2268,1,INFO,298,002,1.0,4.0,OPT,N,0
110781,2026,Fall,2268,1,INFO,298,003,1.0,4.0,OPT,N,0
110781,2026,Fall,2268,1,INFO,298,011,1.0,4.0,OPT,N,0
110783,2026,Fall,2268,1,INFO,299,001,1.0,12.0,OPT,N,0
110783,2026,Fall,2268,1,INFO,299,002,1.0,12.0,OPT,N,0
110783,2026,Fall,2268,1,INFO,299,003,1.0,12.0,OPT,N,0
110783,2026,Fall,2268,1,INFO,299,004,1.0,12.0,OPT,N,0
110783,2026,Fall,2268,1,INFO,299,005,1.0,12.0,OPT,N,0
110783,2026,Fall,2268,1,INFO,299,006,1.0,12.0,OPT,N,0
110783,2026,Fall,2268,1,INFO,299,007,1.0,12.0,OPT,N,0
110783,2026,Fall,2268,1,INFO,299,008,1.0,12.0,OPT,N,0
110783,2026,Fall,2268,1,INFO,299,009,1.0,12.0,OPT,N,0
110783,2026,Fall,2268,1,INFO,299,010,1.0,12.0,OPT,N,0
110783,2026,Fall,2268,1,INFO,299,012,1.0,12.0,OPT,N,0
110783,2026,Fall,2268,1,INFO,299,013,1.0,12.0,OPT,N,0
110783,2026,Fall,2268,1,INFO,299,014,1.0,12.0,OPT,N,0
110783,2026,Fall,2268,1,INFO,299,016,1.0,12.0,OPT,N,0
110783,2026,Fall,2268,1,INFO,299,017,1.0,12.0,OPT,N,0
110783,2026,Fall,2268,1,INFO,299,018,1.0,12.0,OPT,N,0
110783,2026,Fall,2268,1,INFO,299,019,1.0,12.0,OPT,N,0
110783,2026,Fall,2268,1,INFO,299,020,1.0,12.0,OPT,N,0
110783,2026,Fall,2268,1,INFO,299,021,1.0,12.0,OPT,N,0
110783,2026,Fall,2268,1,INFO,299,022,1.0,12.0,OPT,N,0
110817,2026,Fall,2268,1,INFO,98,001,2.0,2.0,PNP,N,42
124165,2026,Fall,2268,1,INFO,C262,001,4.0,4.0,OPT,N,65
124567,2026,Fall,2268,1,INFO,C8,001,4.0,4.0,OPT,Y,113
124567,2026,Fall,2268,1,INFO,C8,002,4.0,4.0,OPT,Y,63
110935,2026,Fall,2268,1,INTEGBI,103LF,001,5.0,5.0,OPT,Y,0
157548,2026,Fall,2268,1,INTEGBI,108,001,4.0,4.0,OPT,Y,410
158530,2026,Fall,2268,1,INTEGBI,11,001,3.0,3.0,OPT,A,1222
110948,2026,Fall,2268,1,INTEGBI,112,001,1.0,1.0,PNP,N,137
147979,2026,Fall,2268,1,INTEGBI,114,001,4.0,4.0,OPT,Y,585
110954,2026,Fall,2268,1,INTEGBI,117,001,2.0,2.0,OPT,Y,0
110956,2026,Fall,2268,1,INTEGBI,117LF,001,2.0,2.0,OPT,Y,0
110956,2026,Fall,2268,1,INTEGBI,117LF,002,2.0,2.0,OPT,Y,0
110957,2026,Fall,2268,1,INTEGBI,118,001,4.0,4.0,OPT,Y,0
166122,2026,Fall,2268,1,INTEGBI,123,001,3.0,3.0,OPT,Y,0
111172,2026,Fall,2268,1,INTEGBI,130,001,4.0,4.0,OPT,Y,314
110979,2026,Fall,2268,1,INTEGBI,131,001,3.0,3.0,OPT,Y,692
110981,2026,Fall,2268,1,INTEGBI,131L,101,3.0,3.0,OPT,Y,204
110981,2026,Fall,2268,1,INTEGBI,131L,102,3.0,3.0,OPT,Y,49
110981,2026,Fall,2268,1,INTEGBI,131L,103,3.0,3.0,OPT,Y,40
110981,2026,Fall,2268,1,INTEGBI,131L,104,3.0,3.0,OPT,Y,31
110981,2026,Fall,2268,1,INTEGBI,131L,105,3.0,3.0,OPT,Y,39
110981,2026,Fall,2268,1,INTEGBI,131L,106,3.0,3.0,OPT,Y,31
110981,2026,Fall,2268,1,INTEGBI,131L,107,3.0,3.0,OPT,Y,34
110981,2026,Fall,2268,1,INTEGBI,131L,108,3.0,3.0,OPT,Y,20
159827,2026,Fall,2268,1,INTEGBI,134L,001,4.0,4.0,OPT,Y,207
110988,2026,Fall,2268,1,INTEGBI,135,001,4.0,4.0,OPT,Y,0
110990,2026,Fall,2268,1,INTEGBI,136,001,4.0,4.0,OPT,Y,0
111007,2026,Fall,2268,1,INTEGBI,148,001,3.0,3.0,OPT,Y,0
111030,2026,Fall,2268,1,INTEGBI,157LF,001,5.0,5.0,OPT,Y,239
111031,2026,Fall,2268,1,INTEGBI,159,001,3.0,3.0,OPT,Y,0
111033,2026,Fall,2268,1,INTEGBI,160,001,4.0,4.0,OPT,Y,634
111037,2026,Fall,2268,1,INTEGBI,164L,001,4.0,4.0,OPT,N,178
111048,2026,Fall,2268,1,INTEGBI,173LF,001,5.0,5.0,OPT,Y,94
147994,2026,Fall,2268,1,INTEGBI,177LF,001,4.0,4.0,OPT,A,0
161757,2026,Fall,2268,1,INTEGBI,178,001,3.0,3.0,OPT,A,0
111066,2026,Fall,2268,1,INTEGBI,184L,001,4.0,4.0,OPT,Y,0
111070,2026,Fall,2268,1,INTEGBI,190,001,1.0,3.0,OPT,N,0
111071,2026,Fall,2268,1,INTEGBI,191,010,3.0,3.0,OPT,N,0
111071,2026,Fall,2268,1,INTEGBI,191,020,3.0,3.0,OPT,N,0
111071,2026,Fall,2268,1,INTEGBI,191,045,3.0,3.0,OPT,N,0
111071,2026,Fall,2268,1,INTEGBI,191,050,3.0,3.0,OPT,N,0
111071,2026,Fall,2268,1,INTEGBI,191,055,3.0,3.0,OPT,N,0
111071,2026,Fall,2268,1,INTEGBI,191,065,3.0,3.0,OPT,N,0
111071,2026,Fall,2268,1,INTEGBI,191,070,3.0,3.0,OPT,N,0
111071,2026,Fall,2268,1,INTEGBI,191,080,3.0,3.0,OPT,N,0
111071,2026,Fall,2268,1,INTEGBI,191,100,3.0,3.0,OPT,N,0
111071,2026,Fall,2268,1,INTEGBI,191,110,3.0,3.0,OPT,N,0
111071,2026,Fall,2268,1,INTEGBI,191,130,3.0,3.0,OPT,N,0
111071,2026,Fall,2268,1,INTEGBI,191,140,3.0,3.0,OPT,N,0
111071,2026,Fall,2268,1,INTEGBI,191,165,3.0,3.0,OPT,N,0
111071,2026,Fall,2268,1,INTEGBI,191,170,3.0,3.0,OPT,N,0
111071,2026,Fall,2268,1,INTEGBI,191,180,3.0,3.0,OPT,N,0
111071,2026,Fall,2268,1,INTEGBI,191,210,3.0,3.0,OPT,N,0
111071,2026,Fall,2268,1,INTEGBI,191,240,3.0,3.0,OPT,N,0
111071,2026,Fall,2268,1,INTEGBI,191,260,3.0,3.0,OPT,N,0
111071,2026,Fall,2268,1,INTEGBI,191,270,3.0,3.0,OPT,N,0
111071,2026,Fall,2268,1,INTEGBI,191,280,3.0,3.0,OPT,N,0
111071,2026,Fall,2268,1,INTEGBI,191,300,3.0,3.0,OPT,N,0
111071,2026,Fall,2268,1,INTEGBI,191,325,3.0,3.0,OPT,N,0
111071,2026,Fall,2268,1,INTEGBI,191,350,3.0,3.0,OPT,N,0
111071,2026,Fall,2268,1,INTEGBI,191,370,3.0,3.0,OPT,N,0
111071,2026,Fall,2268,1,INTEGBI,191,375,3.0,3.0,OPT,N,0
111071,2026,Fall,2268,1,INTEGBI,191,380,3.0,3.0,OPT,N,0
111071,2026,Fall,2268,1,INTEGBI,191,385,3.0,3.0,OPT,N,0
111071,2026,Fall,2268,1,INTEGBI,191,390,3.0,3.0,OPT,N,0
111071,2026,Fall,2268,1,INTEGBI,191,423,3.0,3.0,OPT,N,0
111071,2026,Fall,2268,1,INTEGBI,191,445,3.0,3.0,OPT,N,0
111071,2026,Fall,2268,1,INTEGBI,191,465,3.0,3.0,OPT,N,0
111071,2026,Fall,2268,1,INTEGBI,191,471,3.0,3.0,OPT,N,0
111071,2026,Fall,2268,1,INTEGBI,191,500,3.0,3.0,OPT,N,0
111071,2026,Fall,2268,1,INTEGBI,191,510,3.0,3.0,OPT,N,0
111071,2026,Fall,2268,1,INTEGBI,191,520,3.0,3.0,OPT,N,0
111071,2026,Fall,2268,1,INTEGBI,191,530,3.0,3.0,OPT,N,0
111071,2026,Fall,2268,1,INTEGBI,191,540,3.0,3.0,OPT,N,0
111071,2026,Fall,2268,1,INTEGBI,191,550,3.0,3.0,OPT,N,0
111071,2026,Fall,2268,1,INTEGBI,191,560,3.0,3.0,OPT,N,0
111071,2026,Fall,2268,1,INTEGBI,191,561,3.0,3.0,OPT,N,0
111071,2026,Fall,2268,1,INTEGBI,191,562,3.0,3.0,OPT,N,0
111071,2026,Fall,2268,1,INTEGBI,191,563,3.0,3.0,OPT,N,0
111071,2026,Fall,2268,1,INTEGBI,191,564,3.0,3.0,OPT,N,0
161242,2026,Fall,2268,1,INTEGBI,192,001,2.0,3.0,PNP,A,0
161242,2026,Fall,2268,1,INTEGBI,192,002,2.0,3.0,PNP,A,0
161209,2026,Fall,2268,1,INTEGBI,193,001,1.0,1.0,PNP,A,0
111074,2026,Fall,2268,1,INTEGBI,198,001,2.0,2.0,PNP,N,75
111074,2026,Fall,2268,1,INTEGBI,198,002,1.0,1.0,PNP,N,147
111074,2026,Fall,2268,1,INTEGBI,198,003,1.0,1.0,PNP,N,44
111074,2026,Fall,2268,1,INTEGBI,198,004,2.0,2.0,PNP,N,40
111074,2026,Fall,2268,1,INTEGBI,198,005,2.0,2.0,PNP,N,36
111074,2026,Fall,2268,1,INTEGBI,198,202,1.0,1.0,PNP,N,13
160227,2026,Fall,2268,1,INTEGBI,198BC,001,1.0,1.0,PNP,N,71
160227,2026,Fall,2268,1,INTEGBI,198BC,002,1.0,1.0,PNP,N,40
111075,2026,Fall,2268,1,INTEGBI,199,010,1.0,4.0,PNP,N,0
111075,2026,Fall,2268,1,INTEGBI,199,020,1.0,4.0,PNP,N,0
111075,2026,Fall,2268,1,INTEGBI,199,030,1.0,4.0,PNP,N,0
111075,2026,Fall,2268,1,INTEGBI,199,040,1.0,4.0,PNP,N,0
111075,2026,Fall,2268,1,INTEGBI,199,050,1.0,4.0,PNP,N,0
111075,2026,Fall,2268,1,INTEGBI,199,060,1.0,4.0,PNP,N,0
111075,2026,Fall,2268,1,INTEGBI,199,070,1.0,4.0,PNP,N,0
111075,2026,Fall,2268,1,INTEGBI,199,080,1.0,4.0,PNP,N,0
111075,2026,Fall,2268,1,INTEGBI,199,090,1.0,4.0,PNP,N,0
111075,2026,Fall,2268,1,INTEGBI,199,100,1.0,4.0,PNP,N,0
111075,2026,Fall,2268,1,INTEGBI,199,130,1.0,4.0,PNP,N,0
111075,2026,Fall,2268,1,INTEGBI,199,150,1.0,4.0,PNP,N,0
111075,2026,Fall,2268,1,INTEGBI,199,160,1.0,4.0,PNP,N,0
111075,2026,Fall,2268,1,INTEGBI,199,170,1.0,4.0,PNP,N,0
111075,2026,Fall,2268,1,INTEGBI,199,180,1.0,4.0,PNP,N,0
111075,2026,Fall,2268,1,INTEGBI,199,190,1.0,4.0,PNP,N,0
111075,2026,Fall,2268,1,INTEGBI,199,200,1.0,4.0,PNP,N,0
111075,2026,Fall,2268,1,INTEGBI,199,210,1.0,4.0,PNP,N,0
111075,2026,Fall,2268,1,INTEGBI,199,220,1.0,4.0,PNP,N,0
111075,2026,Fall,2268,1,INTEGBI,199,230,1.0,4.0,PNP,N,0
111075,2026,Fall,2268,1,INTEGBI,199,240,1.0,4.0,PNP,N,0
111075,2026,Fall,2268,1,INTEGBI,199,255,1.0,4.0,PNP,N,0
111075,2026,Fall,2268,1,INTEGBI,199,260,1.0,4.0,PNP,N,0
111075,2026,Fall,2268,1,INTEGBI,199,270,1.0,4.0,PNP,N,0
111075,2026,Fall,2268,1,INTEGBI,199,280,1.0,4.0,PNP,N,0
111075,2026,Fall,2268,1,INTEGBI,199,290,1.0,4.0,PNP,N,0
111075,2026,Fall,2268,1,INTEGBI,199,300,1.0,4.0,PNP,N,0
111075,2026,Fall,2268,1,INTEGBI,199,310,1.0,4.0,PNP,N,0
111075,2026,Fall,2268,1,INTEGBI,199,320,1.0,4.0,PNP,N,0
111075,2026,Fall,2268,1,INTEGBI,199,330,1.0,4.0,PNP,N,0
111075,2026,Fall,2268,1,INTEGBI,199,340,1.0,4.0,PNP,N,0
111075,2026,Fall,2268,1,INTEGBI,199,350,1.0,4.0,PNP,N,0
111075,2026,Fall,2268,1,INTEGBI,199,360,1.0,4.0,PNP,N,0
111075,2026,Fall,2268,1,INTEGBI,199,380,1.0,4.0,PNP,N,0
111075,2026,Fall,2268,1,INTEGBI,199,390,1.0,4.0,PNP,N,0
111075,2026,Fall,2268,1,INTEGBI,199,400,1.0,4.0,PNP,N,0
111075,2026,Fall,2268,1,INTEGBI,199,410,1.0,4.0,PNP,N,0
111075,2026,Fall,2268,1,INTEGBI,199,420,1.0,4.0,PNP,N,0
111075,2026,Fall,2268,1,INTEGBI,199,430,1.0,4.0,PNP,N,0
111075,2026,Fall,2268,1,INTEGBI,199,440,1.0,4.0,PNP,N,0
111075,2026,Fall,2268,1,INTEGBI,199,450,1.0,4.0,PNP,N,0
111075,2026,Fall,2268,1,INTEGBI,199,470,1.0,4.0,PNP,N,0
111075,2026,Fall,2268,1,INTEGBI,199,490,1.0,4.0,PNP,N,0
111075,2026,Fall,2268,1,INTEGBI,199,900,1.0,4.0,PNP,N,0
111086,2026,Fall,2268,1,INTEGBI,206,001,3.0,3.0,OPT,N,107
111092,2026,Fall,2268,1,INTEGBI,222,001,2.0,2.0,SUS,N,22
111093,2026,Fall,2268,1,INTEGBI,223,001,2.0,2.0,OPT,N,5
111101,2026,Fall,2268,1,INTEGBI,234,001,1.0,1.0,SUS,N,18
111107,2026,Fall,2268,1,INTEGBI,24,001,1.0,1.0,OPT,A,598
111107,2026,Fall,2268,1,INTEGBI,24,002,1.0,1.0,OPT,A,0
111107,2026,Fall,2268,1,INTEGBI,24,003,1.0,1.0,OPT,A,460
111135,2026,Fall,2268,1,INTEGBI,264,001,1.0,1.0,SUS,N,17
111149,2026,Fall,2268,1,INTEGBI,283,001,1.0,1.0,OPT,N,0
111153,2026,Fall,2268,1,INTEGBI,286,001,2.0,2.0,SUS,N,0
161029,2026,Fall,2268,1,INTEGBI,287,001,1.0,1.0,SUS,N,20
111157,2026,Fall,2268,1,INTEGBI,290,001,1.0,2.0,OPT,N,2
111157,2026,Fall,2268,1,INTEGBI,290,003,1.0,1.0,OPT,N,17
111157,2026,Fall,2268,1,INTEGBI,290,004,1.0,1.0,OPT,N,25
111157,2026,Fall,2268,1,INTEGBI,290,065,1.0,2.0,OPT,N,0
111158,2026,Fall,2268,1,INTEGBI,291,010,1.0,1.0,SUS,N,0
111158,2026,Fall,2268,1,INTEGBI,291,020,1.0,1.0,SUS,N,0
111158,2026,Fall,2268,1,INTEGBI,291,030,1.0,1.0,SUS,N,0
111158,2026,Fall,2268,1,INTEGBI,291,040,1.0,1.0,SUS,N,0
111158,2026,Fall,2268,1,INTEGBI,291,050,1.0,1.0,SUS,N,0
111158,2026,Fall,2268,1,INTEGBI,291,060,1.0,1.0,SUS,N,0
111158,2026,Fall,2268,1,INTEGBI,291,065,1.0,1.0,SUS,N,0
111158,2026,Fall,2268,1,INTEGBI,291,070,1.0,1.0,SUS,N,0
111158,2026,Fall,2268,1,INTEGBI,291,080,1.0,1.0,SUS,N,0
111158,2026,Fall,2268,1,INTEGBI,291,090,1.0,1.0,SUS,N,0
111158,2026,Fall,2268,1,INTEGBI,291,100,1.0,1.0,SUS,N,0
111158,2026,Fall,2268,1,INTEGBI,291,110,1.0,1.0,SUS,N,0
111158,2026,Fall,2268,1,INTEGBI,291,130,1.0,1.0,SUS,N,0
111158,2026,Fall,2268,1,INTEGBI,291,140,1.0,1.0,SUS,N,0
111158,2026,Fall,2268,1,INTEGBI,291,150,1.0,1.0,SUS,N,0
111158,2026,Fall,2268,1,INTEGBI,291,160,1.0,1.0,SUS,N,0
111158,2026,Fall,2268,1,INTEGBI,291,165,1.0,1.0,SUS,N,0
111158,2026,Fall,2268,1,INTEGBI,291,170,1.0,1.0,SUS,N,0
111158,2026,Fall,2268,1,INTEGBI,291,175,1.0,1.0,SUS,N,0
111158,2026,Fall,2268,1,INTEGBI,291,180,1.0,1.0,SUS,N,0
111158,2026,Fall,2268,1,INTEGBI,291,185,1.0,1.0,SUS,N,0
111158,2026,Fall,2268,1,INTEGBI,291,190,1.0,1.0,SUS,N,0
111158,2026,Fall,2268,1,INTEGBI,291,200,1.0,1.0,SUS,N,0
111158,2026,Fall,2268,1,INTEGBI,291,210,1.0,1.0,SUS,N,0
111158,2026,Fall,2268,1,INTEGBI,291,220,1.0,1.0,SUS,N,0
111158,2026,Fall,2268,1,INTEGBI,291,230,1.0,1.0,SUS,N,0
111158,2026,Fall,2268,1,INTEGBI,291,235,1.0,1.0,SUS,N,0
111158,2026,Fall,2268,1,INTEGBI,291,240,1.0,1.0,SUS,N,0
111158,2026,Fall,2268,1,INTEGBI,291,250,1.0,1.0,SUS,N,0
111158,2026,Fall,2268,1,INTEGBI,291,260,1.0,1.0,SUS,N,0
111158,2026,Fall,2268,1,INTEGBI,291,270,1.0,1.0,SUS,N,0
111158,2026,Fall,2268,1,INTEGBI,291,275,1.0,1.0,SUS,N,0
111158,2026,Fall,2268,1,INTEGBI,291,280,1.0,1.0,SUS,N,0
111158,2026,Fall,2268,1,INTEGBI,291,290,1.0,1.0,SUS,N,0
111158,2026,Fall,2268,1,INTEGBI,291,300,1.0,1.0,SUS,N,0
111158,2026,Fall,2268,1,INTEGBI,291,310,1.0,1.0,SUS,N,0
111158,2026,Fall,2268,1,INTEGBI,291,320,1.0,1.0,SUS,N,0
111158,2026,Fall,2268,1,INTEGBI,291,339,1.0,1.0,SUS,N,0
111158,2026,Fall,2268,1,INTEGBI,291,340,1.0,1.0,SUS,N,0
111158,2026,Fall,2268,1,INTEGBI,291,350,1.0,1.0,SUS,N,0
111158,2026,Fall,2268,1,INTEGBI,291,360,1.0,1.0,SUS,N,0
111158,2026,Fall,2268,1,INTEGBI,291,370,1.0,1.0,SUS,N,0
111158,2026,Fall,2268,1,INTEGBI,291,375,1.0,1.0,SUS,N,0
111158,2026,Fall,2268,1,INTEGBI,291,380,1.0,1.0,SUS,N,0
111158,2026,Fall,2268,1,INTEGBI,291,390,1.0,1.0,SUS,N,0
111158,2026,Fall,2268,1,INTEGBI,291,400,1.0,1.0,SUS,N,0
111158,2026,Fall,2268,1,INTEGBI,291,410,1.0,1.0,SUS,N,0
111158,2026,Fall,2268,1,INTEGBI,291,420,1.0,1.0,SUS,N,0
111158,2026,Fall,2268,1,INTEGBI,291,425,1.0,1.0,SUS,N,0
111158,2026,Fall,2268,1,INTEGBI,291,426,1.0,1.0,SUS,N,0
111158,2026,Fall,2268,1,INTEGBI,291,430,1.0,1.0,SUS,N,0
111158,2026,Fall,2268,1,INTEGBI,291,440,1.0,1.0,SUS,N,0
111158,2026,Fall,2268,1,INTEGBI,291,445,1.0,1.0,SUS,N,0
111158,2026,Fall,2268,1,INTEGBI,291,450,1.0,1.0,SUS,N,0
111159,2026,Fall,2268,1,INTEGBI,292,001,0.0,0.0,OPT,N,0
111159,2026,Fall,2268,1,INTEGBI,292,002,0.0,0.0,OPT,N,0
111162,2026,Fall,2268,1,INTEGBI,297,010,1.0,8.0,SUS,N,0
111162,2026,Fall,2268,1,INTEGBI,297,160,1.0,8.0,SUS,N,0
111162,2026,Fall,2268,1,INTEGBI,297,190,1.0,8.0,SUS,N,0
111162,2026,Fall,2268,1,INTEGBI,297,200,1.0,8.0,SUS,N,0
111162,2026,Fall,2268,1,INTEGBI,297,240,1.0,8.0,SUS,N,0
111162,2026,Fall,2268,1,INTEGBI,297,330,1.0,8.0,SUS,N,0
111162,2026,Fall,2268,1,INTEGBI,297,440,1.0,8.0,SUS,N,0
111163,2026,Fall,2268,1,INTEGBI,298,010,1.0,12.0,OPT,N,7
111163,2026,Fall,2268,1,INTEGBI,298,015,1.0,12.0,OPT,N,3
111163,2026,Fall,2268,1,INTEGBI,298,020,1.0,12.0,OPT,N,2
111163,2026,Fall,2268,1,INTEGBI,298,045,1.0,12.0,OPT,N,0
111163,2026,Fall,2268,1,INTEGBI,298,050,1.0,12.0,OPT,N,2
111163,2026,Fall,2268,1,INTEGBI,298,060,1.0,12.0,OPT,N,1
111163,2026,Fall,2268,1,INTEGBI,298,065,1.0,12.0,OPT,N,2
111163,2026,Fall,2268,1,INTEGBI,298,070,1.0,12.0,OPT,N,0
111163,2026,Fall,2268,1,INTEGBI,298,075,1.0,12.0,OPT,N,0
111163,2026,Fall,2268,1,INTEGBI,298,080,1.0,12.0,OPT,N,1
111163,2026,Fall,2268,1,INTEGBI,298,110,1.0,12.0,OPT,N,1
111163,2026,Fall,2268,1,INTEGBI,298,130,1.0,12.0,OPT,N,0
111163,2026,Fall,2268,1,INTEGBI,298,140,1.0,12.0,OPT,N,0
111163,2026,Fall,2268,1,INTEGBI,298,150,1.0,12.0,OPT,N,2
111163,2026,Fall,2268,1,INTEGBI,298,155,1.0,12.0,OPT,N,0
111163,2026,Fall,2268,1,INTEGBI,298,160,1.0,12.0,OPT,N,1
111163,2026,Fall,2268,1,INTEGBI,298,165,1.0,12.0,OPT,N,1
111163,2026,Fall,2268,1,INTEGBI,298,170,1.0,12.0,OPT,N,1
111163,2026,Fall,2268,1,INTEGBI,298,175,1.0,12.0,OPT,N,0
111163,2026,Fall,2268,1,INTEGBI,298,180,1.0,12.0,OPT,N,2
111163,2026,Fall,2268,1,INTEGBI,298,200,1.0,12.0,OPT,N,2
111163,2026,Fall,2268,1,INTEGBI,298,210,1.0,12.0,OPT,N,2
111163,2026,Fall,2268,1,INTEGBI,298,235,1.0,12.0,OPT,N,0
111163,2026,Fall,2268,1,INTEGBI,298,240,1.0,12.0,OPT,N,2
111163,2026,Fall,2268,1,INTEGBI,298,255,1.0,12.0,OPT,N,0
111163,2026,Fall,2268,1,INTEGBI,298,275,1.0,12.0,OPT,N,0
111163,2026,Fall,2268,1,INTEGBI,298,280,1.0,12.0,OPT,N,0
111163,2026,Fall,2268,1,INTEGBI,298,290,1.0,12.0,OPT,N,0
111163,2026,Fall,2268,1,INTEGBI,298,300,1.0,12.0,OPT,N,0
111163,2026,Fall,2268,1,INTEGBI,298,320,1.0,12.0,OPT,N,0
111163,2026,Fall,2268,1,INTEGBI,298,330,1.0,12.0,OPT,N,0
111163,2026,Fall,2268,1,INTEGBI,298,339,1.0,12.0,OPT,N,1
111163,2026,Fall,2268,1,INTEGBI,298,373,1.0,12.0,OPT,N,0
111163,2026,Fall,2268,1,INTEGBI,298,380,1.0,12.0,OPT,N,0
111163,2026,Fall,2268,1,INTEGBI,298,405,1.0,12.0,OPT,N,0
111163,2026,Fall,2268,1,INTEGBI,298,420,1.0,12.0,OPT,N,0
111163,2026,Fall,2268,1,INTEGBI,298,422,1.0,12.0,OPT,N,0
111163,2026,Fall,2268,1,INTEGBI,298,445,1.0,12.0,OPT,N,0
111163,2026,Fall,2268,1,INTEGBI,298,450,1.0,12.0,OPT,N,0
111163,2026,Fall,2268,1,INTEGBI,298,455,1.0,12.0,OPT,N,0
111163,2026,Fall,2268,1,INTEGBI,298,460,1.0,12.0,OPT,N,0
111163,2026,Fall,2268,1,INTEGBI,298,465,1.0,12.0,OPT,N,0
111163,2026,Fall,2268,1,INTEGBI,298,466,1.0,12.0,OPT,N,0
111163,2026,Fall,2268,1,INTEGBI,298,471,1.0,12.0,OPT,N,0
111163,2026,Fall,2268,1,INTEGBI,298,472,1.0,12.0,OPT,N,0
111164,2026,Fall,2268,1,INTEGBI,299,010,1.0,12.0,SUS,N,2
111164,2026,Fall,2268,1,INTEGBI,299,020,1.0,12.0,SUS,N,2
111164,2026,Fall,2268,1,INTEGBI,299,030,1.0,12.0,SUS,N,1
111164,2026,Fall,2268,1,INTEGBI,299,040,1.0,12.0,SUS,N,1
111164,2026,Fall,2268,1,INTEGBI,299,050,1.0,12.0,SUS,N,0
111164,2026,Fall,2268,1,INTEGBI,299,060,1.0,12.0,SUS,N,0
111164,2026,Fall,2268,1,INTEGBI,299,070,1.0,12.0,SUS,N,0
111164,2026,Fall,2268,1,INTEGBI,299,080,1.0,12.0,SUS,N,4
111164,2026,Fall,2268,1,INTEGBI,299,090,1.0,12.0,SUS,N,0
111164,2026,Fall,2268,1,INTEGBI,299,100,1.0,12.0,SUS,N,0
111164,2026,Fall,2268,1,INTEGBI,299,130,1.0,12.0,SUS,N,0
111164,2026,Fall,2268,1,INTEGBI,299,150,1.0,12.0,SUS,N,1
111164,2026,Fall,2268,1,INTEGBI,299,160,1.0,12.0,SUS,N,1
111164,2026,Fall,2268,1,INTEGBI,299,170,1.0,12.0,SUS,N,0
111164,2026,Fall,2268,1,INTEGBI,299,180,1.0,12.0,SUS,N,0
111164,2026,Fall,2268,1,INTEGBI,299,190,1.0,12.0,SUS,N,0
111164,2026,Fall,2268,1,INTEGBI,299,200,1.0,12.0,SUS,N,0
111164,2026,Fall,2268,1,INTEGBI,299,210,1.0,12.0,SUS,N,0
111164,2026,Fall,2268,1,INTEGBI,299,220,1.0,12.0,SUS,N,0
111164,2026,Fall,2268,1,INTEGBI,299,230,1.0,12.0,SUS,N,0
111164,2026,Fall,2268,1,INTEGBI,299,240,1.0,12.0,SUS,N,0
111164,2026,Fall,2268,1,INTEGBI,299,255,1.0,12.0,SUS,N,0
111164,2026,Fall,2268,1,INTEGBI,299,260,1.0,12.0,SUS,N,0
111164,2026,Fall,2268,1,INTEGBI,299,270,1.0,12.0,SUS,N,0
111164,2026,Fall,2268,1,INTEGBI,299,280,1.0,12.0,SUS,N,0
111164,2026,Fall,2268,1,INTEGBI,299,290,1.0,12.0,SUS,N,0
111164,2026,Fall,2268,1,INTEGBI,299,300,1.0,12.0,SUS,N,0
111164,2026,Fall,2268,1,INTEGBI,299,310,1.0,12.0,SUS,N,0
111164,2026,Fall,2268,1,INTEGBI,299,320,1.0,12.0,SUS,N,0
111164,2026,Fall,2268,1,INTEGBI,299,330,1.0,12.0,SUS,N,2
111164,2026,Fall,2268,1,INTEGBI,299,340,1.0,12.0,SUS,N,0
111164,2026,Fall,2268,1,INTEGBI,299,350,1.0,12.0,SUS,N,0
111164,2026,Fall,2268,1,INTEGBI,299,360,1.0,12.0,SUS,N,0
111164,2026,Fall,2268,1,INTEGBI,299,380,1.0,12.0,SUS,N,0
111164,2026,Fall,2268,1,INTEGBI,299,390,1.0,12.0,SUS,N,0
111164,2026,Fall,2268,1,INTEGBI,299,410,1.0,12.0,SUS,N,0
111164,2026,Fall,2268,1,INTEGBI,299,420,1.0,12.0,SUS,N,0
111164,2026,Fall,2268,1,INTEGBI,299,430,1.0,12.0,SUS,N,0
111164,2026,Fall,2268,1,INTEGBI,299,440,1.0,12.0,SUS,N,0
111164,2026,Fall,2268,1,INTEGBI,299,450,1.0,12.0,SUS,N,0
111164,2026,Fall,2268,1,INTEGBI,299,470,1.0,12.0,SUS,N,0
111164,2026,Fall,2268,1,INTEGBI,299,480,1.0,12.0,SUS,N,0
111164,2026,Fall,2268,1,INTEGBI,299,490,1.0,12.0,SUS,N,0
111170,2026,Fall,2268,1,INTEGBI,305,001,2.0,2.0,SUS,N,25
111177,2026,Fall,2268,1,INTEGBI,35AC,001,4.0,4.0,OPT,Y,0
111180,2026,Fall,2268,1,INTEGBI,375,001,2.0,2.0,SUS,N,13
111208,2026,Fall,2268,1,INTEGBI,400,001,1.0,1.0,SUS,N,5
111211,2026,Fall,2268,1,INTEGBI,41,001,2.0,2.0,OPT,Y,0
161142,2026,Fall,2268,1,INTEGBI,43,001,4.0,4.0,OPT,Y,477
161951,2026,Fall,2268,1,INTEGBI,75,001,3.0,3.0,OPT,A,0
147993,2026,Fall,2268,1,INTEGBI,77A,001,1.0,1.0,PNP,Y,500
161992,2026,Fall,2268,1,INTEGBI,82,001,3.0,3.0,OPT,A,0
111219,2026,Fall,2268,1,INTEGBI,84,001,1.0,1.0,OPT,A,73
111219,2026,Fall,2268,1,INTEGBI,84,002,1.0,2.0,OPT,A,0
111222,2026,Fall,2268,1,INTEGBI,95,001,2.0,2.0,PNP,N,0
155322,2026,Fall,2268,1,INTEGBI,95B,001,1.0,2.0,PNP,N,0
160226,2026,Fall,2268,1,INTEGBI,98BC,001,1.0,1.0,PNP,N,82
160226,2026,Fall,2268,1,INTEGBI,98BC,002,1.0,1.0,PNP,N,59
111224,2026,Fall,2268,1,INTEGBI,99,010,1.0,3.0,PNP,N,0
111224,2026,Fall,2268,1,INTEGBI,99,100,1.0,3.0,PNP,N,0
111224,2026,Fall,2268,1,INTEGBI,99,180,1.0,3.0,PNP,N,0
111224,2026,Fall,2268,1,INTEGBI,99,240,1.0,3.0,PNP,N,0
111224,2026,Fall,2268,1,INTEGBI,99,270,1.0,3.0,PNP,N,0
111224,2026,Fall,2268,1,INTEGBI,99,300,1.0,3.0,PNP,N,0
111224,2026,Fall,2268,1,INTEGBI,99,340,1.0,3.0,PNP,N,0
111224,2026,Fall,2268,1,INTEGBI,99,390,1.0,3.0,PNP,N,0
111224,2026,Fall,2268,1,INTEGBI,99,500,1.0,3.0,PNP,N,0
111224,2026,Fall,2268,1,INTEGBI,99,501,1.0,3.0,PNP,N,0
111224,2026,Fall,2268,1,INTEGBI,99,502,1.0,3.0,PNP,N,0
111224,2026,Fall,2268,1,INTEGBI,99,503,1.0,3.0,PNP,N,0
111224,2026,Fall,2268,1,INTEGBI,99,504,1.0,3.0,PNP,N,0
111224,2026,Fall,2268,1,INTEGBI,99,505,1.0,3.0,PNP,N,0
111224,2026,Fall,2268,1,INTEGBI,99,512,1.0,3.0,PNP,N,0
111224,2026,Fall,2268,1,INTEGBI,99,513,1.0,3.0,PNP,N,0
111224,2026,Fall,2268,1,INTEGBI,99,514,1.0,3.0,PNP,N,0
111224,2026,Fall,2268,1,INTEGBI,99,515,1.0,3.0,PNP,N,0
111224,2026,Fall,2268,1,INTEGBI,99,516,1.0,3.0,PNP,N,0
111224,2026,Fall,2268,1,INTEGBI,99,517,1.0,3.0,PNP,N,0
111224,2026,Fall,2268,1,INTEGBI,99,518,1.0,3.0,PNP,N,0
124464,2026,Fall,2268,1,INTEGBI,C105,001,3.0,3.0,OPT,N,184
124410,2026,Fall,2268,1,INTEGBI,C110L,001,3.0,3.0,OPT,Y,249
166255,2026,Fall,2268,1,INTEGBI,C139,001,4.0,4.0,OPT,A,689
123681,2026,Fall,2268,1,INTEGBI,C143A,001,3.0,3.0,OPT,Y,0
124453,2026,Fall,2268,1,INTEGBI,C144,001,4.0,4.0,OPT,Y,231
123780,2026,Fall,2268,1,INTEGBI,C156,001,4.0,4.0,OPT,Y,87
124225,2026,Fall,2268,1,INTEGBI,C158L,001,15.0,15.0,OPT,A,26
155999,2026,Fall,2268,1,INTEGBI,C166,001,4.0,4.0,OPT,Y,65
124423,2026,Fall,2268,1,INTEGBI,C204,001,1.0,1.0,OPT,N,65
123981,2026,Fall,2268,1,INTEGBI,C217,001,3.0,3.0,OPT,N,0
123942,2026,Fall,2268,1,INTEGBI,C226,001,2.0,2.0,SUS,N,12
162179,2026,Fall,2268,1,INTEGBI,C242,001,1.0,1.0,SUS,N,28
123590,2026,Fall,2268,1,INTEGBI,C96,001,1.0,1.0,PNP,Y,36
111225,2026,Fall,2268,1,INTEGBI,H196A,010,3.0,3.0,OPT,N,0
111225,2026,Fall,2268,1,INTEGBI,H196A,020,3.0,3.0,OPT,N,0
111225,2026,Fall,2268,1,INTEGBI,H196A,030,3.0,3.0,OPT,N,0
111225,2026,Fall,2268,1,INTEGBI,H196A,040,3.0,3.0,OPT,N,0
111225,2026,Fall,2268,1,INTEGBI,H196A,045,3.0,3.0,OPT,N,0
111225,2026,Fall,2268,1,INTEGBI,H196A,050,3.0,3.0,OPT,N,0
111225,2026,Fall,2268,1,INTEGBI,H196A,055,3.0,3.0,OPT,N,0
111225,2026,Fall,2268,1,INTEGBI,H196A,070,3.0,3.0,OPT,N,0
111225,2026,Fall,2268,1,INTEGBI,H196A,080,3.0,3.0,OPT,N,0
111225,2026,Fall,2268,1,INTEGBI,H196A,090,3.0,3.0,OPT,N,0
111225,2026,Fall,2268,1,INTEGBI,H196A,100,3.0,3.0,OPT,N,0
111225,2026,Fall,2268,1,INTEGBI,H196A,110,3.0,3.0,OPT,N,0
111225,2026,Fall,2268,1,INTEGBI,H196A,120,3.0,3.0,OPT,N,0
111225,2026,Fall,2268,1,INTEGBI,H196A,130,3.0,3.0,OPT,N,0
111225,2026,Fall,2268,1,INTEGBI,H196A,140,3.0,3.0,OPT,N,0
111225,2026,Fall,2268,1,INTEGBI,H196A,150,3.0,3.0,OPT,N,0
111225,2026,Fall,2268,1,INTEGBI,H196A,160,3.0,3.0,OPT,N,0
111225,2026,Fall,2268,1,INTEGBI,H196A,165,3.0,3.0,OPT,N,0
111225,2026,Fall,2268,1,INTEGBI,H196A,170,3.0,3.0,OPT,N,0
111225,2026,Fall,2268,1,INTEGBI,H196A,180,3.0,3.0,OPT,N,0
111225,2026,Fall,2268,1,INTEGBI,H196A,190,3.0,3.0,OPT,N,0
111225,2026,Fall,2268,1,INTEGBI,H196A,200,3.0,3.0,OPT,N,0
111225,2026,Fall,2268,1,INTEGBI,H196A,210,3.0,3.0,OPT,N,0
111225,2026,Fall,2268,1,INTEGBI,H196A,220,3.0,3.0,OPT,N,0
111225,2026,Fall,2268,1,INTEGBI,H196A,230,3.0,3.0,OPT,N,0
111225,2026,Fall,2268,1,INTEGBI,H196A,235,3.0,3.0,OPT,N,0
111225,2026,Fall,2268,1,INTEGBI,H196A,240,3.0,3.0,OPT,N,0
111225,2026,Fall,2268,1,INTEGBI,H196A,250,3.0,3.0,OPT,N,0
111225,2026,Fall,2268,1,INTEGBI,H196A,260,3.0,3.0,OPT,N,0
111225,2026,Fall,2268,1,INTEGBI,H196A,270,3.0,3.0,OPT,N,0
111225,2026,Fall,2268,1,INTEGBI,H196A,280,3.0,3.0,OPT,N,0
111225,2026,Fall,2268,1,INTEGBI,H196A,290,3.0,3.0,OPT,N,0
111225,2026,Fall,2268,1,INTEGBI,H196A,293,3.0,3.0,OPT,N,0
111225,2026,Fall,2268,1,INTEGBI,H196A,295,3.0,3.0,OPT,N,0
111225,2026,Fall,2268,1,INTEGBI,H196A,300,3.0,3.0,OPT,N,0
111225,2026,Fall,2268,1,INTEGBI,H196A,310,3.0,3.0,OPT,N,0
111225,2026,Fall,2268,1,INTEGBI,H196A,320,3.0,3.0,OPT,N,0
111225,2026,Fall,2268,1,INTEGBI,H196A,330,3.0,3.0,OPT,N,0
111225,2026,Fall,2268,1,INTEGBI,H196A,339,3.0,3.0,OPT,N,0
111225,2026,Fall,2268,1,INTEGBI,H196A,340,3.0,3.0,OPT,N,0
111225,2026,Fall,2268,1,INTEGBI,H196A,350,3.0,3.0,OPT,N,0
111225,2026,Fall,2268,1,INTEGBI,H196A,360,3.0,3.0,OPT,N,0
111225,2026,Fall,2268,1,INTEGBI,H196A,370,3.0,3.0,OPT,N,0
111225,2026,Fall,2268,1,INTEGBI,H196A,375,3.0,3.0,OPT,N,0
111225,2026,Fall,2268,1,INTEGBI,H196A,380,3.0,3.0,OPT,N,0
111225,2026,Fall,2268,1,INTEGBI,H196A,385,3.0,3.0,OPT,N,0
111225,2026,Fall,2268,1,INTEGBI,H196A,390,3.0,3.0,OPT,N,0
111225,2026,Fall,2268,1,INTEGBI,H196A,400,3.0,3.0,OPT,N,0
111225,2026,Fall,2268,1,INTEGBI,H196A,410,3.0,3.0,OPT,N,0
111225,2026,Fall,2268,1,INTEGBI,H196A,420,3.0,3.0,OPT,N,0
111225,2026,Fall,2268,1,INTEGBI,H196A,423,3.0,3.0,OPT,N,0
111225,2026,Fall,2268,1,INTEGBI,H196A,425,3.0,3.0,OPT,N,0
111225,2026,Fall,2268,1,INTEGBI,H196A,426,3.0,3.0,OPT,N,0
111225,2026,Fall,2268,1,INTEGBI,H196A,430,3.0,3.0,OPT,N,0
111225,2026,Fall,2268,1,INTEGBI,H196A,440,3.0,3.0,OPT,N,0
111225,2026,Fall,2268,1,INTEGBI,H196A,471,3.0,3.0,OPT,N,0
111225,2026,Fall,2268,1,INTEGBI,H196A,500,3.0,3.0,OPT,N,0
111225,2026,Fall,2268,1,INTEGBI,H196A,501,3.0,3.0,OPT,N,0
111225,2026,Fall,2268,1,INTEGBI,H196A,502,3.0,3.0,OPT,N,0
111225,2026,Fall,2268,1,INTEGBI,H196A,503,3.0,3.0,OPT,N,0
111225,2026,Fall,2268,1,INTEGBI,H196A,504,3.0,3.0,OPT,N,0
111225,2026,Fall,2268,1,INTEGBI,H196A,505,3.0,3.0,OPT,N,0
111225,2026,Fall,2268,1,INTEGBI,H196A,506,3.0,3.0,OPT,N,0
111225,2026,Fall,2268,1,INTEGBI,H196A,507,3.0,3.0,OPT,N,0
111225,2026,Fall,2268,1,INTEGBI,H196A,508,3.0,3.0,OPT,N,0
111225,2026,Fall,2268,1,INTEGBI,H196A,509,3.0,3.0,OPT,N,0
111225,2026,Fall,2268,1,INTEGBI,H196A,510,3.0,3.0,OPT,N,0
111225,2026,Fall,2268,1,INTEGBI,H196A,511,3.0,3.0,OPT,N,0
111225,2026,Fall,2268,1,INTEGBI,H196A,512,3.0,3.0,OPT,N,0
111225,2026,Fall,2268,1,INTEGBI,H196A,513,3.0,3.0,OPT,N,0
111225,2026,Fall,2268,1,INTEGBI,H196A,514,3.0,3.0,OPT,N,0
111225,2026,Fall,2268,1,INTEGBI,H196A,515,3.0,3.0,OPT,N,0
111225,2026,Fall,2268,1,INTEGBI,H196A,516,3.0,3.0,OPT,N,0
111225,2026,Fall,2268,1,INTEGBI,H196A,517,3.0,3.0,OPT,N,0
111225,2026,Fall,2268,1,INTEGBI,H196A,518,3.0,3.0,OPT,N,0
111225,2026,Fall,2268,1,INTEGBI,H196A,519,3.0,3.0,OPT,N,0
111225,2026,Fall,2268,1,INTEGBI,H196A,520,3.0,3.0,OPT,N,0
111225,2026,Fall,2268,1,INTEGBI,H196A,521,3.0,3.0,OPT,N,0
111225,2026,Fall,2268,1,INTEGBI,H196A,522,3.0,3.0,OPT,N,0
111225,2026,Fall,2268,1,INTEGBI,H196A,523,3.0,3.0,OPT,N,0
111225,2026,Fall,2268,1,INTEGBI,H196A,524,3.0,3.0,OPT,N,0
111225,2026,Fall,2268,1,INTEGBI,H196A,525,3.0,3.0,OPT,N,0
111225,2026,Fall,2268,1,INTEGBI,H196A,526,3.0,3.0,OPT,N,0
111225,2026,Fall,2268,1,INTEGBI,H196A,527,3.0,3.0,OPT,N,0
111225,2026,Fall,2268,1,INTEGBI,H196A,528,3.0,3.0,OPT,N,0
111226,2026,Fall,2268,1,INTEGBI,H196B,010,3.0,3.0,OPT,N,0
111226,2026,Fall,2268,1,INTEGBI,H196B,020,3.0,3.0,OPT,N,0
111226,2026,Fall,2268,1,INTEGBI,H196B,030,3.0,3.0,OPT,N,0
111226,2026,Fall,2268,1,INTEGBI,H196B,040,3.0,3.0,OPT,N,0
111226,2026,Fall,2268,1,INTEGBI,H196B,050,3.0,3.0,OPT,N,0
111226,2026,Fall,2268,1,INTEGBI,H196B,060,3.0,3.0,OPT,N,0
111226,2026,Fall,2268,1,INTEGBI,H196B,070,3.0,3.0,OPT,N,0
111226,2026,Fall,2268,1,INTEGBI,H196B,080,3.0,3.0,OPT,N,0
111226,2026,Fall,2268,1,INTEGBI,H196B,100,3.0,3.0,OPT,N,0
111226,2026,Fall,2268,1,INTEGBI,H196B,110,3.0,3.0,OPT,N,0
111226,2026,Fall,2268,1,INTEGBI,H196B,120,3.0,3.0,OPT,N,0
111226,2026,Fall,2268,1,INTEGBI,H196B,130,3.0,3.0,OPT,N,0
111226,2026,Fall,2268,1,INTEGBI,H196B,140,3.0,3.0,OPT,N,0
111226,2026,Fall,2268,1,INTEGBI,H196B,150,3.0,3.0,OPT,N,0
111226,2026,Fall,2268,1,INTEGBI,H196B,160,3.0,3.0,OPT,N,0
111226,2026,Fall,2268,1,INTEGBI,H196B,165,3.0,3.0,OPT,N,0
111226,2026,Fall,2268,1,INTEGBI,H196B,170,3.0,3.0,OPT,N,0
111226,2026,Fall,2268,1,INTEGBI,H196B,180,3.0,3.0,OPT,N,0
111226,2026,Fall,2268,1,INTEGBI,H196B,190,3.0,3.0,OPT,N,0
111226,2026,Fall,2268,1,INTEGBI,H196B,200,3.0,3.0,OPT,N,0
111226,2026,Fall,2268,1,INTEGBI,H196B,210,3.0,3.0,OPT,N,0
111226,2026,Fall,2268,1,INTEGBI,H196B,220,3.0,3.0,OPT,N,0
111226,2026,Fall,2268,1,INTEGBI,H196B,230,3.0,3.0,OPT,N,0
111226,2026,Fall,2268,1,INTEGBI,H196B,240,3.0,3.0,OPT,N,0
111226,2026,Fall,2268,1,INTEGBI,H196B,250,3.0,3.0,OPT,N,0
111226,2026,Fall,2268,1,INTEGBI,H196B,260,3.0,3.0,OPT,N,0
111226,2026,Fall,2268,1,INTEGBI,H196B,270,3.0,3.0,OPT,N,0
111226,2026,Fall,2268,1,INTEGBI,H196B,280,3.0,3.0,OPT,N,0
111226,2026,Fall,2268,1,INTEGBI,H196B,290,3.0,3.0,OPT,N,0
111226,2026,Fall,2268,1,INTEGBI,H196B,295,3.0,3.0,OPT,N,0
111226,2026,Fall,2268,1,INTEGBI,H196B,300,3.0,3.0,OPT,N,0
111226,2026,Fall,2268,1,INTEGBI,H196B,310,3.0,3.0,OPT,N,0
111226,2026,Fall,2268,1,INTEGBI,H196B,320,3.0,3.0,OPT,N,0
111226,2026,Fall,2268,1,INTEGBI,H196B,330,3.0,3.0,OPT,N,0
111226,2026,Fall,2268,1,INTEGBI,H196B,339,3.0,3.0,OPT,N,0
111226,2026,Fall,2268,1,INTEGBI,H196B,340,3.0,3.0,OPT,N,0
111226,2026,Fall,2268,1,INTEGBI,H196B,350,3.0,3.0,OPT,N,0
111226,2026,Fall,2268,1,INTEGBI,H196B,360,3.0,3.0,OPT,N,0
111226,2026,Fall,2268,1,INTEGBI,H196B,370,3.0,3.0,OPT,N,0
111226,2026,Fall,2268,1,INTEGBI,H196B,380,3.0,3.0,OPT,N,0
111226,2026,Fall,2268,1,INTEGBI,H196B,385,3.0,3.0,OPT,N,0
111226,2026,Fall,2268,1,INTEGBI,H196B,390,3.0,3.0,OPT,N,0
111226,2026,Fall,2268,1,INTEGBI,H196B,400,3.0,3.0,OPT,N,0
111226,2026,Fall,2268,1,INTEGBI,H196B,410,3.0,3.0,OPT,N,0
111226,2026,Fall,2268,1,INTEGBI,H196B,420,3.0,3.0,OPT,N,0
111226,2026,Fall,2268,1,INTEGBI,H196B,422,3.0,3.0,OPT,N,0
111226,2026,Fall,2268,1,INTEGBI,H196B,430,3.0,3.0,OPT,N,0
111226,2026,Fall,2268,1,INTEGBI,H196B,440,3.0,3.0,OPT,N,0
111226,2026,Fall,2268,1,INTEGBI,H196B,455,3.0,3.0,OPT,N,0
111226,2026,Fall,2268,1,INTEGBI,H196B,500,3.0,3.0,OPT,N,0
111226,2026,Fall,2268,1,INTEGBI,H196B,501,3.0,3.0,OPT,N,0
111226,2026,Fall,2268,1,INTEGBI,H196B,502,3.0,3.0,OPT,N,0
111226,2026,Fall,2268,1,INTEGBI,H196B,503,3.0,3.0,OPT,N,0
111226,2026,Fall,2268,1,INTEGBI,H196B,504,3.0,3.0,OPT,N,0
111226,2026,Fall,2268,1,INTEGBI,H196B,505,3.0,3.0,OPT,N,0
111226,2026,Fall,2268,1,INTEGBI,H196B,506,3.0,3.0,OPT,N,0
111226,2026,Fall,2268,1,INTEGBI,H196B,507,3.0,3.0,OPT,N,0
111226,2026,Fall,2268,1,INTEGBI,H196B,508,3.0,3.0,OPT,N,0
111226,2026,Fall,2268,1,INTEGBI,H196B,509,3.0,3.0,OPT,N,0
111226,2026,Fall,2268,1,INTEGBI,H196B,510,3.0,3.0,OPT,N,0
111226,2026,Fall,2268,1,INTEGBI,H196B,511,3.0,3.0,OPT,N,0
111226,2026,Fall,2268,1,INTEGBI,H196B,512,3.0,3.0,OPT,N,0
111226,2026,Fall,2268,1,INTEGBI,H196B,513,3.0,3.0,OPT,N,0
111226,2026,Fall,2268,1,INTEGBI,H196B,514,3.0,3.0,OPT,N,0
111226,2026,Fall,2268,1,INTEGBI,H196B,515,3.0,3.0,OPT,N,0
111226,2026,Fall,2268,1,INTEGBI,H196B,516,3.0,3.0,OPT,N,0
111226,2026,Fall,2268,1,INTEGBI,H196B,517,3.0,3.0,OPT,N,0
111226,2026,Fall,2268,1,INTEGBI,H196B,518,3.0,3.0,OPT,N,0
111226,2026,Fall,2268,1,INTEGBI,H196B,519,3.0,3.0,OPT,N,0
111226,2026,Fall,2268,1,INTEGBI,H196B,520,3.0,3.0,OPT,N,0
111226,2026,Fall,2268,1,INTEGBI,H196B,521,3.0,3.0,OPT,N,0
111226,2026,Fall,2268,1,INTEGBI,H196B,522,3.0,3.0,OPT,N,0
111226,2026,Fall,2268,1,INTEGBI,H196B,523,3.0,3.0,OPT,N,0
111226,2026,Fall,2268,1,INTEGBI,H196B,524,3.0,3.0,OPT,N,0
111270,2026,Fall,2268,1,IRANIAN,201A,001,3.0,3.0,OPT,N,9
125754,2026,Fall,2268,1,ISF,10,001,4.0,4.0,OPT,Y,0
111273,2026,Fall,2268,1,ISF,100A,001,4.0,4.0,OPT,Y,440
111274,2026,Fall,2268,1,ISF,100B,001,4.0,4.0,OPT,Y,249
111275,2026,Fall,2268,1,ISF,100C,001,4.0,4.0,OPT,A,338
111277,2026,Fall,2268,1,ISF,100E,001,4.0,4.0,OPT,Y,0
111278,2026,Fall,2268,1,ISF,100F,001,4.0,4.0,OPT,Y,80
111280,2026,Fall,2268,1,ISF,100H,001,4.0,4.0,OPT,Y,0
111284,2026,Fall,2268,1,ISF,110,001,4.0,4.0,OPT,Y,529
111284,2026,Fall,2268,1,ISF,110,002,4.0,4.0,OPT,Y,370
166737,2026,Fall,2268,1,ISF,130,001,4.0,4.0,OPT,Y,0
111292,2026,Fall,2268,1,ISF,189,003,4.0,4.0,OPT,Y,36
111292,2026,Fall,2268,1,ISF,189,004,4.0,4.0,OPT,Y,10
111293,2026,Fall,2268,1,ISF,190,001,4.0,4.0,OPT,N,0
111293,2026,Fall,2268,1,ISF,190,002,4.0,4.0,OPT,N,10
111295,2026,Fall,2268,1,ISF,198,001,2.0,2.0,PNP,N,1
111296,2026,Fall,2268,1,ISF,199,001,1.0,4.0,PNP,N,0
111296,2026,Fall,2268,1,ISF,199,002,1.0,4.0,PNP,N,0
111296,2026,Fall,2268,1,ISF,199,003,1.0,4.0,PNP,N,0
111296,2026,Fall,2268,1,ISF,199,004,1.0,4.0,PNP,N,0
111296,2026,Fall,2268,1,ISF,199,005,1.0,4.0,PNP,N,0
111296,2026,Fall,2268,1,ISF,199,006,1.0,4.0,PNP,N,0
111324,2026,Fall,2268,1,ISF,60,001,3.0,3.0,OPT,Y,0
124466,2026,Fall,2268,1,ISF,C100G,001,4.0,4.0,OPT,Y,107
111338,2026,Fall,2268,1,ITALIAN,1,001,5.0,5.0,OPT,Y,66
111338,2026,Fall,2268,1,ITALIAN,1,002,5.0,5.0,OPT,Y,42
125782,2026,Fall,2268,1,ITALIAN,101,001,4.0,4.0,OPT,A,30
125782,2026,Fall,2268,1,ITALIAN,101,UC01,4.0,4.0,OPT,A,0
111342,2026,Fall,2268,1,ITALIAN,102,001,4.0,4.0,OPT,A,87
111368,2026,Fall,2268,1,ITALIAN,120,001,4.0,4.0,OPT,Y,38
111373,2026,Fall,2268,1,ITALIAN,130A,001,4.0,4.0,OPT,Y,464
111381,2026,Fall,2268,1,ITALIAN,160,001,4.0,4.0,OPT,A,197
111386,2026,Fall,2268,1,ITALIAN,197,001,1.0,4.0,PNP,N,2
111388,2026,Fall,2268,1,ITALIAN,199,001,1.0,4.0,PNP,N,0
155706,2026,Fall,2268,1,ITALIAN,1R,001,5.0,5.0,OPT,Y,50
111389,2026,Fall,2268,1,ITALIAN,2,001,5.0,5.0,OPT,Y,26
111406,2026,Fall,2268,1,ITALIAN,215,001,2.0,4.0,OPT,N,94
111430,2026,Fall,2268,1,ITALIAN,244,001,2.0,4.0,OPT,N,5
111432,2026,Fall,2268,1,ITALIAN,260,001,2.0,2.0,SUS,N,19
111432,2026,Fall,2268,1,ITALIAN,260,002,2.0,2.0,SUS,N,9
111432,2026,Fall,2268,1,ITALIAN,260,003,2.0,2.0,SUS,N,4
111432,2026,Fall,2268,1,ITALIAN,260,004,2.0,2.0,SUS,N,4
111432,2026,Fall,2268,1,ITALIAN,260,005,2.0,2.0,SUS,N,1
111433,2026,Fall,2268,1,ITALIAN,270,001,1.0,1.0,OPT,N,1
111433,2026,Fall,2268,1,ITALIAN,270,002,1.0,1.0,OPT,N,1
111433,2026,Fall,2268,1,ITALIAN,270,003,1.0,1.0,OPT,N,2
111433,2026,Fall,2268,1,ITALIAN,270,004,1.0,1.0,OPT,N,1
111433,2026,Fall,2268,1,ITALIAN,270,005,1.0,1.0,OPT,N,0
111435,2026,Fall,2268,1,ITALIAN,282,001,4.0,4.0,OPT,N,0
111435,2026,Fall,2268,1,ITALIAN,282,002,4.0,4.0,OPT,N,2
111435,2026,Fall,2268,1,ITALIAN,282,003,4.0,4.0,OPT,N,0
111435,2026,Fall,2268,1,ITALIAN,282,004,4.0,4.0,OPT,N,0
111435,2026,Fall,2268,1,ITALIAN,282,005,4.0,4.0,OPT,N,1
111435,2026,Fall,2268,1,ITALIAN,282,006,4.0,4.0,OPT,N,1
111435,2026,Fall,2268,1,ITALIAN,282,007,4.0,4.0,OPT,N,0
111435,2026,Fall,2268,1,ITALIAN,282,011,4.0,4.0,OPT,N,1
111435,2026,Fall,2268,1,ITALIAN,282,012,4.0,4.0,OPT,N,0
111435,2026,Fall,2268,1,ITALIAN,282,013,4.0,4.0,OPT,N,0
111435,2026,Fall,2268,1,ITALIAN,282,014,4.0,4.0,OPT,N,1
111437,2026,Fall,2268,1,ITALIAN,290A,001,2.0,2.0,OPT,N,0
111439,2026,Fall,2268,1,ITALIAN,298,001,1.0,4.0,OPT,N,2
111439,2026,Fall,2268,1,ITALIAN,298,002,1.0,4.0,OPT,N,1
111439,2026,Fall,2268,1,ITALIAN,298,003,1.0,4.0,OPT,N,2
111439,2026,Fall,2268,1,ITALIAN,298,004,1.0,4.0,OPT,N,0
111439,2026,Fall,2268,1,ITALIAN,298,005,1.0,4.0,OPT,N,1
111439,2026,Fall,2268,1,ITALIAN,298,006,1.0,4.0,OPT,N,0
111440,2026,Fall,2268,1,ITALIAN,299,001,6.0,12.0,SUS,N,3
111440,2026,Fall,2268,1,ITALIAN,299,002,6.0,12.0,SUS,N,0
111440,2026,Fall,2268,1,ITALIAN,299,003,6.0,12.0,SUS,N,0
111440,2026,Fall,2268,1,ITALIAN,299,004,6.0,12.0,SUS,N,0
111440,2026,Fall,2268,1,ITALIAN,299,005,6.0,12.0,SUS,N,2
111440,2026,Fall,2268,1,ITALIAN,299,006,6.0,12.0,SUS,N,0
111441,2026,Fall,2268,1,ITALIAN,3,001,4.0,4.0,OPT,Y,54
111444,2026,Fall,2268,1,ITALIAN,302,001,2.0,4.0,SUS,N,3
111445,2026,Fall,2268,1,ITALIAN,303,001,2.0,4.0,SUS,N,6
111445,2026,Fall,2268,1,ITALIAN,303,002,2.0,4.0,SUS,N,2
111445,2026,Fall,2268,1,ITALIAN,303,003,2.0,4.0,SUS,N,4
111475,2026,Fall,2268,1,ITALIAN,4,001,4.0,4.0,OPT,Y,196
111476,2026,Fall,2268,1,ITALIAN,40,001,4.0,4.0,OPT,Y,775
111480,2026,Fall,2268,1,ITALIAN,601,001,1.0,8.0,SUS,N,0
111480,2026,Fall,2268,1,ITALIAN,601,002,1.0,8.0,SUS,N,1
111480,2026,Fall,2268,1,ITALIAN,601,003,1.0,8.0,SUS,N,0
111480,2026,Fall,2268,1,ITALIAN,601,004,1.0,8.0,SUS,N,0
111480,2026,Fall,2268,1,ITALIAN,601,005,1.0,8.0,SUS,N,0
111481,2026,Fall,2268,1,ITALIAN,602,001,1.0,8.0,SUS,N,0
111481,2026,Fall,2268,1,ITALIAN,602,002,1.0,8.0,SUS,N,0
111481,2026,Fall,2268,1,ITALIAN,602,003,1.0,8.0,SUS,N,0
111481,2026,Fall,2268,1,ITALIAN,602,004,1.0,8.0,SUS,N,0
111481,2026,Fall,2268,1,ITALIAN,602,005,1.0,8.0,SUS,N,0
164845,2026,Fall,2268,1,ITALIAN,70AC,001,3.0,3.0,OPT,Y,1059
111488,2026,Fall,2268,1,ITALIAN,97,001,1.0,4.0,PNP,N,0
111490,2026,Fall,2268,1,ITALIAN,H195,001,3.0,3.0,OPT,N,0
111494,2026,Fall,2268,1,ITALIAN,R5A,001,4.0,4.0,GRD,N,0
111494,2026,Fall,2268,1,ITALIAN,R5A,002,4.0,4.0,GRD,N,403
111495,2026,Fall,2268,1,ITALIAN,R5B,001,4.0,4.0,GRD,N,278
111495,2026,Fall,2268,1,ITALIAN,R5B,002,4.0,4.0,GRD,N,188
111520,2026,Fall,2268,1,JAPAN,100A,001,5.0,5.0,OPT,N,86
111520,2026,Fall,2268,1,JAPAN,100A,002,5.0,5.0,OPT,N,42
111529,2026,Fall,2268,1,JAPAN,103,001,4.0,4.0,OPT,N,129
111512,2026,Fall,2268,1,JAPAN,10A,001,5.0,5.0,OPT,N,144
111512,2026,Fall,2268,1,JAPAN,10A,002,5.0,5.0,OPT,N,132
111534,2026,Fall,2268,1,JAPAN,120,001,4.0,4.0,OPT,Y,172
111556,2026,Fall,2268,1,JAPAN,155,001,4.0,4.0,OPT,Y,289
111505,2026,Fall,2268,1,JAPAN,1A,001,5.0,5.0,OPT,N,173
111505,2026,Fall,2268,1,JAPAN,1A,002,5.0,5.0,OPT,N,81
111505,2026,Fall,2268,1,JAPAN,1A,003,5.0,5.0,OPT,N,94
111505,2026,Fall,2268,1,JAPAN,1A,004,5.0,5.0,OPT,N,66
111505,2026,Fall,2268,1,JAPAN,1A,005,5.0,5.0,OPT,N,47
111505,2026,Fall,2268,1,JAPAN,1A,006,5.0,5.0,OPT,N,52
111508,2026,Fall,2268,1,JAPAN,1B,001,5.0,5.0,OPT,N,63
111508,2026,Fall,2268,1,JAPAN,1B,002,5.0,5.0,OPT,N,45
111591,2026,Fall,2268,1,JAPAN,255,001,2.0,4.0,OPT,N,30
111592,2026,Fall,2268,1,JAPAN,259,001,2.0,4.0,OPT,N,54
111594,2026,Fall,2268,1,JAPAN,298,001,1.0,12.0,OPT,N,0
111594,2026,Fall,2268,1,JAPAN,298,002,1.0,12.0,OPT,N,0
111594,2026,Fall,2268,1,JAPAN,298,003,1.0,12.0,OPT,N,0
111594,2026,Fall,2268,1,JAPAN,298,004,1.0,12.0,OPT,N,0
111595,2026,Fall,2268,1,JAPAN,299,001,1.0,12.0,SUS,N,0
111595,2026,Fall,2268,1,JAPAN,299,002,1.0,12.0,SUS,N,0
111595,2026,Fall,2268,1,JAPAN,299,003,1.0,12.0,SUS,N,0
111595,2026,Fall,2268,1,JAPAN,299,004,1.0,12.0,SUS,N,0
111628,2026,Fall,2268,1,JAPAN,7A,001,4.0,4.0,OPT,Y,507
167884,2026,Fall,2268,1,JAPAN,C119,001,4.0,4.0,OPT,N,80
124051,2026,Fall,2268,1,JAPAN,C176,001,4.0,4.0,OPT,Y,26
124432,2026,Fall,2268,1,JAPAN,C225,001,2.0,4.0,OPT,N,9
111646,2026,Fall,2268,1,JAPAN,H195B,001,2.0,5.0,OPT,N,2
111647,2026,Fall,2268,1,JEWISH,100,001,4.0,4.0,OPT,A,280
164111,2026,Fall,2268,1,JEWISH,102,001,4.0,4.0,OPT,Y,5
164191,2026,Fall,2268,1,JEWISH,110,001,3.0,4.0,OPT,Y,51
165053,2026,Fall,2268,1,JEWISH,117,001,4.0,4.0,OPT,A,5
111648,2026,Fall,2268,1,JEWISH,120,001,3.0,3.0,OPT,A,0
111648,2026,Fall,2268,1,JEWISH,120,002,3.0,3.0,OPT,A,0
161420,2026,Fall,2268,1,JEWISH,120A,002,4.0,4.0,OPT,A,80
125396,2026,Fall,2268,1,JEWISH,121,001,4.0,4.0,OPT,Y,0
158395,2026,Fall,2268,1,JEWISH,121A,001,4.0,4.0,OPT,Y,139
158395,2026,Fall,2268,1,JEWISH,121A,002,4.0,4.0,OPT,Y,0
159206,2026,Fall,2268,1,JEWISH,121B,001,4.0,4.0,OPT,Y,233
148041,2026,Fall,2268,1,JEWISH,122,001,3.0,4.0,OPT,Y,0
158784,2026,Fall,2268,1,JEWISH,122A,001,4.0,4.0,OPT,A,1
165045,2026,Fall,2268,1,JEWISH,122B,001,4.0,4.0,OPT,Y,1
154669,2026,Fall,2268,1,JEWISH,123,001,3.0,3.0,OPT,Y,0
163487,2026,Fall,2268,1,JEWISH,175E,001,4.0,4.0,OPT,A,27
163487,2026,Fall,2268,1,JEWISH,175E,002,4.0,4.0,OPT,A,23
164121,2026,Fall,2268,1,JEWISH,179,001,4.0,4.0,OPT,A,0
156708,2026,Fall,2268,1,JEWISH,199,001,1.0,4.0,OPT,N,0
111651,2026,Fall,2268,1,JEWISH,290,002,4.0,4.0,OPT,N,10
111653,2026,Fall,2268,1,JEWISH,299,001,1.0,5.0,OPT,N,0
111653,2026,Fall,2268,1,JEWISH,299,002,1.0,5.0,OPT,N,0
111653,2026,Fall,2268,1,JEWISH,299,003,1.0,5.0,OPT,N,0
111653,2026,Fall,2268,1,JEWISH,299,004,1.0,5.0,OPT,N,0
111653,2026,Fall,2268,1,JEWISH,299,005,1.0,5.0,OPT,N,0
111653,2026,Fall,2268,1,JEWISH,299,006,1.0,5.0,OPT,N,0
111653,2026,Fall,2268,1,JEWISH,299,007,1.0,5.0,OPT,N,0
111654,2026,Fall,2268,1,JEWISH,39,001,2.0,2.0,OPT,Y,0
111654,2026,Fall,2268,1,JEWISH,39,002,2.0,2.0,OPT,Y,0
111683,2026,Fall,2268,1,JOURN,100,001,3.0,3.0,OPT,N,54
161627,2026,Fall,2268,1,JOURN,136,001,3.0,3.0,OPT,A,62
111707,2026,Fall,2268,1,JOURN,199,001,1.0,4.0,PNP,N,0
111708,2026,Fall,2268,1,JOURN,200,001,6.0,6.0,OPT,N,13
111708,2026,Fall,2268,1,JOURN,200,002,6.0,6.0,OPT,N,5
111708,2026,Fall,2268,1,JOURN,200,003,6.0,6.0,OPT,N,4
111708,2026,Fall,2268,1,JOURN,200,004,6.0,6.0,OPT,N,4
163479,2026,Fall,2268,1,JOURN,207,001,1.5,1.5,OPT,N,9
111711,2026,Fall,2268,1,JOURN,209,001,1.0,1.0,OPT,N,0
111712,2026,Fall,2268,1,JOURN,210,001,2.0,2.0,SUS,N,17
111713,2026,Fall,2268,1,JOURN,211,001,2.0,4.0,OPT,N,0
111713,2026,Fall,2268,1,JOURN,211,002,2.0,4.0,OPT,N,0
111713,2026,Fall,2268,1,JOURN,211,003,2.0,4.0,OPT,N,0
111713,2026,Fall,2268,1,JOURN,211,004,2.0,4.0,OPT,N,0
111713,2026,Fall,2268,1,JOURN,211,005,2.0,4.0,OPT,N,1
111714,2026,Fall,2268,1,JOURN,212,001,3.0,3.0,OPT,N,32
111715,2026,Fall,2268,1,JOURN,213,001,3.0,3.0,OPT,N,16
111717,2026,Fall,2268,1,JOURN,215,001,3.0,3.0,OPT,N,9
111718,2026,Fall,2268,1,JOURN,216,001,3.0,3.0,OPT,N,10
111721,2026,Fall,2268,1,JOURN,219,003,1.5,1.5,OPT,N,8
111721,2026,Fall,2268,1,JOURN,219,004,1.0,1.0,OPT,N,7
111721,2026,Fall,2268,1,JOURN,219,1,1.5,1.5,OPT,N,7
111721,2026,Fall,2268,1,JOURN,219,2,1.0,1.0,OPT,N,5
111723,2026,Fall,2268,1,JOURN,221,001,3.0,3.0,OPT,Y,13
164483,2026,Fall,2268,1,JOURN,225,001,1.5,1.5,OPT,N,0
111728,2026,Fall,2268,1,JOURN,226,001,3.0,3.0,OPT,N,5
111733,2026,Fall,2268,1,JOURN,231,001,3.0,3.0,OPT,N,13
158787,2026,Fall,2268,1,JOURN,233,001,3.0,3.0,OPT,N,0
111735,2026,Fall,2268,1,JOURN,234,001,4.0,4.0,OPT,N,0
111742,2026,Fall,2268,1,JOURN,242,001,3.0,3.0,OPT,N,2
111752,2026,Fall,2268,1,JOURN,255,001,1.5,1.5,OPT,N,43
163292,2026,Fall,2268,1,JOURN,262,001,3.0,3.0,OPT,N,6
163477,2026,Fall,2268,1,JOURN,264A,001,3.0,3.0,OPT,N,0
163554,2026,Fall,2268,1,JOURN,267,001,3.0,3.0,OPT,N,19
111758,2026,Fall,2268,1,JOURN,275,001,4.0,4.0,OPT,N,0
111758,2026,Fall,2268,1,JOURN,275,002,4.0,4.0,OPT,N,0
111760,2026,Fall,2268,1,JOURN,282,001,4.0,4.0,OPT,N,13
111762,2026,Fall,2268,1,JOURN,284,001,4.0,4.0,OPT,N,8
168543,2026,Fall,2268,1,JOURN,289,001,2.0,2.0,SUS,N,4
111768,2026,Fall,2268,1,JOURN,294,001,1.0,2.0,OPT,N,0
111768,2026,Fall,2268,1,JOURN,294,002,1.0,2.0,OPT,N,5
111768,2026,Fall,2268,1,JOURN,294,003,1.0,2.0,OPT,N,2
111768,2026,Fall,2268,1,JOURN,294,004,1.0,2.0,OPT,N,1
111768,2026,Fall,2268,1,JOURN,294,005,1.0,2.0,OPT,N,1
111768,2026,Fall,2268,1,JOURN,294,006,1.0,2.0,OPT,N,1
111768,2026,Fall,2268,1,JOURN,294,007,1.0,2.0,OPT,N,0
111768,2026,Fall,2268,1,JOURN,294,008,1.0,2.0,OPT,N,0
111768,2026,Fall,2268,1,JOURN,294,009,1.0,2.0,OPT,N,0
111768,2026,Fall,2268,1,JOURN,294,010,1.0,2.0,OPT,N,0
111768,2026,Fall,2268,1,JOURN,294,011,1.0,2.0,OPT,N,1
111768,2026,Fall,2268,1,JOURN,294,12,1.0,2.0,OPT,N,0
161636,2026,Fall,2268,1,JOURN,296,001,2.0,2.0,OPT,N,12
111769,2026,Fall,2268,1,JOURN,297,001,2.0,2.0,SUS,N,0
111770,2026,Fall,2268,1,JOURN,298,001,3.0,3.0,OPT,N,6
111770,2026,Fall,2268,1,JOURN,298,002,2.0,2.0,OPT,N,5
111770,2026,Fall,2268,1,JOURN,298,003,2.0,2.0,OPT,N,1
111770,2026,Fall,2268,1,JOURN,298,007,3.0,3.0,OPT,N,3
111770,2026,Fall,2268,1,JOURN,298,10,3.0,3.0,OPT,N,4
111770,2026,Fall,2268,1,JOURN,298,8,3.0,3.0,OPT,N,3
111770,2026,Fall,2268,1,JOURN,298,9,3.0,3.0,OPT,N,5
111771,2026,Fall,2268,1,JOURN,299,001,1.0,3.0,OPT,N,0
111771,2026,Fall,2268,1,JOURN,299,002,1.0,3.0,OPT,N,0
111771,2026,Fall,2268,1,JOURN,299,003,1.0,3.0,OPT,N,0
111771,2026,Fall,2268,1,JOURN,299,004,1.0,3.0,OPT,N,0
111772,2026,Fall,2268,1,JOURN,39,001,1.5,1.5,OPT,Y,215
111801,2026,Fall,2268,1,JOURN,601,001,1.0,8.0,SUS,N,0
111839,2026,Fall,2268,1,KOREAN,100A,001,5.0,5.0,OPT,N,100
111840,2026,Fall,2268,1,KOREAN,100AX,001,4.0,4.0,OPT,N,125
111843,2026,Fall,2268,1,KOREAN,101,001,4.0,4.0,OPT,N,152
157566,2026,Fall,2268,1,KOREAN,105,001,4.0,4.0,OPT,A,368
111835,2026,Fall,2268,1,KOREAN,10A,001,5.0,5.0,OPT,N,150
111836,2026,Fall,2268,1,KOREAN,10AX,001,5.0,5.0,OPT,N,149
111845,2026,Fall,2268,1,KOREAN,111,001,4.0,4.0,OPT,A,186
168266,2026,Fall,2268,1,KOREAN,120,001,4.0,4.0,OPT,Y,49
111852,2026,Fall,2268,1,KOREAN,157,001,4.0,4.0,OPT,Y,176
168264,2026,Fall,2268,1,KOREAN,173,001,4.0,4.0,OPT,Y,22
111860,2026,Fall,2268,1,KOREAN,186,001,4.0,4.0,OPT,A,203
111865,2026,Fall,2268,1,KOREAN,189,001,4.0,4.0,OPT,N,99
111830,2026,Fall,2268,1,KOREAN,1A,001,5.0,5.0,OPT,N,201
111830,2026,Fall,2268,1,KOREAN,1A,002,5.0,5.0,OPT,N,98
111830,2026,Fall,2268,1,KOREAN,1A,003,5.0,5.0,OPT,N,76
111830,2026,Fall,2268,1,KOREAN,1A,004,5.0,5.0,OPT,N,63
111830,2026,Fall,2268,1,KOREAN,1A,005,5.0,5.0,OPT,N,61
111830,2026,Fall,2268,1,KOREAN,1A,006,5.0,5.0,OPT,N,34
111830,2026,Fall,2268,1,KOREAN,1A,007,5.0,5.0,OPT,N,48
111831,2026,Fall,2268,1,KOREAN,1AX,001,5.0,5.0,OPT,N,79
111832,2026,Fall,2268,1,KOREAN,1B,001,5.0,5.0,OPT,N,64
111872,2026,Fall,2268,1,KOREAN,298,001,1.0,12.0,OPT,N,0
111872,2026,Fall,2268,1,KOREAN,298,002,1.0,12.0,OPT,N,0
111872,2026,Fall,2268,1,KOREAN,298,003,1.0,12.0,OPT,N,0
111872,2026,Fall,2268,1,KOREAN,298,004,1.0,12.0,OPT,N,0
111873,2026,Fall,2268,1,KOREAN,299,001,1.0,12.0,SUS,N,0
111873,2026,Fall,2268,1,KOREAN,299,002,1.0,12.0,SUS,N,0
111873,2026,Fall,2268,1,KOREAN,299,003,1.0,12.0,SUS,N,0
111873,2026,Fall,2268,1,KOREAN,299,004,1.0,12.0,SUS,N,0
167900,2026,Fall,2268,1,KOREAN,5,001,3.0,3.0,OPT,N,103
111903,2026,Fall,2268,1,KOREAN,7A,001,4.0,4.0,OPT,Y,833
111917,2026,Fall,2268,1,LANPRO,380,001,2.0,2.0,SUS,N,5
111917,2026,Fall,2268,1,LANPRO,380,002,2.0,2.0,SUS,N,4
111947,2026,Fall,2268,1,LATIN,1,001,4.0,4.0,OPT,Y,65
111947,2026,Fall,2268,1,LATIN,1,002,4.0,4.0,OPT,Y,48
111949,2026,Fall,2268,1,LATIN,100,001,4.0,4.0,OPT,Y,61
111951,2026,Fall,2268,1,LATIN,102,001,4.0,4.0,OPT,Y,149
111998,2026,Fall,2268,1,LAW,200F,001,5.0,5.0,LAW,N,0
111998,2026,Fall,2268,1,LAW,200F,002,5.0,5.0,LAW,N,0
111998,2026,Fall,2268,1,LAW,200F,003,5.0,5.0,LAW,N,0
111998,2026,Fall,2268,1,LAW,200F,004,5.0,5.0,LAW,N,0
112000,2026,Fall,2268,1,LAW,201,001,4.0,4.0,LAW,N,0
112000,2026,Fall,2268,1,LAW,201,002,4.0,4.0,LAW,N,0
112000,2026,Fall,2268,1,LAW,201,003,4.0,4.0,LAW,N,0
112000,2026,Fall,2268,1,LAW,201,004,4.0,4.0,LAW,N,0
112014,2026,Fall,2268,1,LAW,202F,001,4.0,4.0,LAW,N,0
112014,2026,Fall,2268,1,LAW,202F,002,4.0,4.0,LAW,N,0
112014,2026,Fall,2268,1,LAW,202F,003,4.0,4.0,LAW,N,0
112014,2026,Fall,2268,1,LAW,202F,004,4.0,4.0,LAW,N,0
112014,2026,Fall,2268,1,LAW,202F,005,4.0,4.0,LAW,N,0
112014,2026,Fall,2268,1,LAW,202F,006,4.0,4.0,LAW,N,0
112014,2026,Fall,2268,1,LAW,202F,007,4.0,4.0,LAW,N,0
112014,2026,Fall,2268,1,LAW,202F,008,4.0,4.0,LAW,N,0
112016,2026,Fall,2268,1,LAW,203,001,4.0,4.0,LAW,N,0
112016,2026,Fall,2268,1,LAW,203,002,4.0,4.0,LAW,N,0
112035,2026,Fall,2268,1,LAW,206.4A,001,2.0,2.0,LAW,N,0
112035,2026,Fall,2268,1,LAW,206.4A,002,2.0,2.0,LAW,N,0
112035,2026,Fall,2268,1,LAW,206.4A,003,2.0,2.0,LAW,N,0
112035,2026,Fall,2268,1,LAW,206.4A,004,2.0,2.0,LAW,N,0
112035,2026,Fall,2268,1,LAW,206.4A,005,2.0,2.0,LAW,N,0
112035,2026,Fall,2268,1,LAW,206.4A,006,2.0,2.0,LAW,N,0
112035,2026,Fall,2268,1,LAW,206.4A,007,2.0,2.0,LAW,N,0
112035,2026,Fall,2268,1,LAW,206.4A,008,2.0,2.0,LAW,N,0
112035,2026,Fall,2268,1,LAW,206.4A,009,2.0,2.0,LAW,N,0
112035,2026,Fall,2268,1,LAW,206.4A,012,2.0,2.0,LAW,N,0
112035,2026,Fall,2268,1,LAW,206.4A,013,2.0,2.0,LAW,N,0
112035,2026,Fall,2268,1,LAW,206.4A,014,2.0,2.0,LAW,N,0
112035,2026,Fall,2268,1,LAW,206.4A,015,2.0,2.0,LAW,N,0
112035,2026,Fall,2268,1,LAW,206.4A,016,2.0,2.0,LAW,N,0
112035,2026,Fall,2268,1,LAW,206.4A,017,2.0,2.0,LAW,N,0
112035,2026,Fall,2268,1,LAW,206.4A,018,2.0,2.0,LAW,N,0
112035,2026,Fall,2268,1,LAW,206.4A,10,2.0,2.0,LAW,N,0
112035,2026,Fall,2268,1,LAW,206.4A,11,2.0,2.0,LAW,N,0
112035,2026,Fall,2268,1,LAW,206.4A,19,2.0,2.0,LAW,N,0
112035,2026,Fall,2268,1,LAW,206.4A,20,2.0,2.0,LAW,N,0
112035,2026,Fall,2268,1,LAW,206.4A,21,2.0,2.0,LAW,N,0
112043,2026,Fall,2268,1,LAW,206.76,001,1.0,1.0,CNC,N,0
112065,2026,Fall,2268,1,LAW,207.5,001,3.0,3.0,LAW,N,0
112065,2026,Fall,2268,1,LAW,207.5,002,3.0,3.0,LAW,N,0
112076,2026,Fall,2268,1,LAW,208.8,001,3.0,3.0,LAW,N,0
168250,2026,Fall,2268,1,LAW,208.81,1,3.0,3.0,LAW,N,0
112077,2026,Fall,2268,1,LAW,208.9,001,3.0,3.0,LAW,N,0
112077,2026,Fall,2268,1,LAW,208.9,002,3.0,3.0,LAW,N,0
112077,2026,Fall,2268,1,LAW,208.9,003,3.0,3.0,LAW,N,0
112080,2026,Fall,2268,1,LAW,209,001,3.0,3.0,LAW,N,0
112094,2026,Fall,2268,1,LAW,209.48,001,1.0,1.0,CNC,N,0
112103,2026,Fall,2268,1,LAW,210,001,2.0,2.0,LAW,N,0
112103,2026,Fall,2268,1,LAW,210,002,2.0,2.0,LAW,N,0
112103,2026,Fall,2268,1,LAW,210,003,2.0,2.0,LAW,N,0
165743,2026,Fall,2268,1,LAW,212.32,1,3.0,3.0,LAW,N,0
112177,2026,Fall,2268,1,LAW,215.4,1,3.0,3.0,LAW,N,0
112186,2026,Fall,2268,1,LAW,216,001,2.0,2.0,CNC,N,0
112237,2026,Fall,2268,1,LAW,220.6,001,4.0,4.0,LAW,N,0
112250,2026,Fall,2268,1,LAW,220SP,1,3.0,3.0,LAW,N,0
156498,2026,Fall,2268,1,LAW,221.61,001,5.0,5.0,CNC,N,0
156507,2026,Fall,2268,1,LAW,221.62,001,2.0,2.0,CNC,N,0
112268,2026,Fall,2268,1,LAW,222,1,4.0,4.0,LAW,N,0
112270,2026,Fall,2268,1,LAW,222.12,1,2.0,2.0,LAW,N,0
112312,2026,Fall,2268,1,LAW,225,001,4.0,4.0,LAW,N,0
162864,2026,Fall,2268,1,LAW,226.14,1,2.0,2.0,LAW,N,0
157601,2026,Fall,2268,1,LAW,226.9,001,2.0,2.0,LAW,N,0
112346,2026,Fall,2268,1,LAW,227.8,1,3.0,3.0,LAW,N,0
112373,2026,Fall,2268,1,LAW,230,001,4.0,4.0,LAW,N,0
112373,2026,Fall,2268,1,LAW,230,002,4.0,4.0,LAW,N,0
112373,2026,Fall,2268,1,LAW,230,003,4.0,4.0,LAW,N,0
112373,2026,Fall,2268,1,LAW,230,004,4.0,4.0,LAW,N,0
112376,2026,Fall,2268,1,LAW,231,001,4.0,4.0,LAW,N,0
112397,2026,Fall,2268,1,LAW,233,001,2.0,2.0,LAW,N,0
112399,2026,Fall,2268,1,LAW,234.2,001,3.0,3.0,LAW,N,0
161744,2026,Fall,2268,1,LAW,235.32,001,2.0,2.0,LAW,N,0
112463,2026,Fall,2268,1,LAW,241,001,3.0,3.0,LAW,N,0
112463,2026,Fall,2268,1,LAW,241,002,3.0,3.0,LAW,N,0
112463,2026,Fall,2268,1,LAW,241,003,3.0,3.0,LAW,N,0
112483,2026,Fall,2268,1,LAW,243,001,3.0,3.0,LAW,N,0
112483,2026,Fall,2268,1,LAW,243,002,3.0,3.0,LAW,N,0
112483,2026,Fall,2268,1,LAW,243,003,3.0,3.0,LAW,N,0
158306,2026,Fall,2268,1,LAW,243.7,001,2.0,2.0,CNC,N,0
166484,2026,Fall,2268,1,LAW,243.72,001,2.0,2.0,CNC,N,0
158307,2026,Fall,2268,1,LAW,243.7A,001,4.0,4.0,CNC,N,0
166483,2026,Fall,2268,1,LAW,243.7C,001,2.0,2.0,CNC,N,0
163062,2026,Fall,2268,1,LAW,244.13,001,2.0,2.0,LAW,N,0
112492,2026,Fall,2268,1,LAW,244.2,001,3.0,3.0,LAW,N,0
125699,2026,Fall,2268,1,LAW,244.41,001,3.0,3.0,LAW,N,0
164919,2026,Fall,2268,1,LAW,244.43,001,1.0,1.0,CNC,N,0
112497,2026,Fall,2268,1,LAW,244.49,001,1.0,1.0,CNC,N,0
164920,2026,Fall,2268,1,LAW,244.4A,1,2.0,2.0,CNC,N,0
112505,2026,Fall,2268,1,LAW,244.91A,001,1.0,1.0,CNC,N,0
112506,2026,Fall,2268,1,LAW,245,001,2.0,2.0,LAW,N,0
112506,2026,Fall,2268,1,LAW,245,002,2.0,2.0,LAW,N,0
112506,2026,Fall,2268,1,LAW,245,003,3.0,3.0,LAW,N,0
162922,2026,Fall,2268,1,LAW,245.23,001,2.0,2.0,LAW,N,0
112514,2026,Fall,2268,1,LAW,245.4,001,3.0,3.0,LAW,N,0
112521,2026,Fall,2268,1,LAW,245.7,001,1.0,1.0,CNC,N,0
112525,2026,Fall,2268,1,LAW,245.9,001,3.0,3.0,LAW,N,0
112528,2026,Fall,2268,1,LAW,246.1,001,3.0,3.0,LAW,N,0
112545,2026,Fall,2268,1,LAW,248.5,001,3.0,3.0,LAW,N,0
112549,2026,Fall,2268,1,LAW,248.7,001,2.0,2.0,LAW,N,0
112585,2026,Fall,2268,1,LAW,251.5,001,4.0,4.0,CNC,N,0
160038,2026,Fall,2268,1,LAW,251.73,001,3.0,3.0,LAW,N,0
112636,2026,Fall,2268,1,LAW,255,1,3.0,3.0,LAW,N,0
112638,2026,Fall,2268,1,LAW,255.2,1,2.0,2.0,LAW,N,0
147926,2026,Fall,2268,1,LAW,255.9,001,2.0,2.0,LAW,N,0
164436,2026,Fall,2268,1,LAW,256.51,001,2.0,2.0,LAW,N,0
112659,2026,Fall,2268,1,LAW,256.6F,001,2.0,2.0,LAW,N,0
112690,2026,Fall,2268,1,LAW,258,001,3.0,3.0,LAW,N,0
112714,2026,Fall,2268,1,LAW,259A,001,4.0,4.0,LAW,N,0
112728,2026,Fall,2268,1,LAW,261.2,001,3.0,3.0,LAW,N,0
158144,2026,Fall,2268,1,LAW,262.68,1,3.0,3.0,LAW,N,0
164333,2026,Fall,2268,1,LAW,264.53,001,1.0,1.0,LAW,N,0
164334,2026,Fall,2268,1,LAW,264.54,001,2.0,2.0,LAW,N,0
112796,2026,Fall,2268,1,LAW,264.6,001,3.0,3.0,LAW,N,0
112844,2026,Fall,2268,1,LAW,267.4,001,3.0,3.0,LAW,N,0
112885,2026,Fall,2268,1,LAW,270.6,001,3.0,3.0,LAW,N,0
112894,2026,Fall,2268,1,LAW,271,001,4.0,4.0,LAW,N,0
112900,2026,Fall,2268,1,LAW,271.5,001,2.0,2.0,LAW,N,0
112913,2026,Fall,2268,1,LAW,272.2,001,3.0,3.0,LAW,N,0
164336,2026,Fall,2268,1,LAW,273.74,1,2.0,2.0,LAW,N,0
112959,2026,Fall,2268,1,LAW,275.3,001,4.0,4.0,LAW,N,0
163979,2026,Fall,2268,1,LAW,276.14,001,3.0,3.0,LAW,N,0
166258,2026,Fall,2268,1,LAW,276.15,001,4.0,4.0,LAW,N,0
158146,2026,Fall,2268,1,LAW,276.32,001,3.0,3.0,LAW,N,0
168255,2026,Fall,2268,1,LAW,276.48,1,3.0,3.0,LAW,N,0
112986,2026,Fall,2268,1,LAW,276.61,001,2.0,2.0,LAW,N,0
112997,2026,Fall,2268,1,LAW,276.9,1,2.0,2.0,LAW,N,0
163975,2026,Fall,2268,1,LAW,276.91,1,2.0,2.0,LAW,N,0
112998,2026,Fall,2268,1,LAW,276P,001,4.0,4.0,LAW,N,0
113002,2026,Fall,2268,1,LAW,277.1,001,2.0,2.0,LAW,N,0
113025,2026,Fall,2268,1,LAW,278.7,1,2.0,2.0,LAW,N,0
113043,2026,Fall,2268,1,LAW,279.3,001,2.0,2.0,LAW,N,0
113043,2026,Fall,2268,1,LAW,279.3,002,2.0,2.0,LAW,N,0
113054,2026,Fall,2268,1,LAW,280A,001,3.0,3.0,LAW,N,0
113067,2026,Fall,2268,1,LAW,282.1,001,3.0,3.0,LAW,N,0
113071,2026,Fall,2268,1,LAW,283.1H,001,1.0,1.0,CNC,N,0
113080,2026,Fall,2268,1,LAW,283H,001,2.0,2.0,LAW,N,0
165475,2026,Fall,2268,1,LAW,283I,001,2.0,2.0,CNC,N,0
166266,2026,Fall,2268,1,LAW,283L,001,2.0,2.0,CNC,N,0
113085,2026,Fall,2268,1,LAW,284.1,1,4.0,4.0,LAW,N,0
113106,2026,Fall,2268,1,LAW,285.2D,001,2.0,2.0,CNC,N,0
113110,2026,Fall,2268,1,LAW,285.4,001,3.0,3.0,LAW,N,0
164434,2026,Fall,2268,1,LAW,285.45,001,2.0,2.0,LAW,N,0
113126,2026,Fall,2268,1,LAW,285.9,001,2.0,2.0,CNC,N,0
124530,2026,Fall,2268,1,LAW,285.9B,1,1.0,1.0,CNC,N,0
113169,2026,Fall,2268,1,LAW,289,001,2.0,2.0,CNC,N,0
113170,2026,Fall,2268,1,LAW,289A,001,1.0,1.0,CNC,N,0
113172,2026,Fall,2268,1,LAW,290A,001,2.0,2.0,CNC,N,0
113174,2026,Fall,2268,1,LAW,291A,001,2.0,2.0,CNC,N,0
162923,2026,Fall,2268,1,LAW,294.04,001,1.0,1.0,CNC,N,0
112652,2026,Fall,2268,1,LAW,294.06,001,1.0,1.0,CNC,N,0
112652,2026,Fall,2268,1,LAW,294.06,002,1.0,1.0,CNC,N,0
112653,2026,Fall,2268,1,LAW,294.07,001,1.0,1.0,CNC,N,0
162929,2026,Fall,2268,1,LAW,294.08,001,1.0,1.0,CNC,N,0
162985,2026,Fall,2268,1,LAW,294.09,001,1.0,1.0,CNC,N,0
164332,2026,Fall,2268,1,LAW,294.1,001,1.0,1.0,CNC,N,0
159446,2026,Fall,2268,1,LAW,294.11,001,1.0,1.0,CNC,N,0
161852,2026,Fall,2268,1,LAW,294.12,001,1.0,1.0,CNC,N,0
112637,2026,Fall,2268,1,LAW,294.13,1,1.0,1.0,CNC,N,0
112655,2026,Fall,2268,1,LAW,294.14,001,1.0,1.0,CNC,N,0
112666,2026,Fall,2268,1,LAW,294.15,001,1.0,1.0,CNC,N,0
112769,2026,Fall,2268,1,LAW,294.17,001,1.0,1.0,CNC,N,0
112982,2026,Fall,2268,1,LAW,294.19,001,1.0,1.0,CNC,N,0
113028,2026,Fall,2268,1,LAW,294.2,001,1.0,1.0,CNC,N,0
161302,2026,Fall,2268,1,LAW,294.22,001,1.0,1.0,CNC,N,0
112553,2026,Fall,2268,1,LAW,294.46,1,1.0,1.0,CNC,N,0
161261,2026,Fall,2268,1,LAW,294.71,001,1.0,1.0,CNC,N,0
157580,2026,Fall,2268,1,LAW,294.72,001,1.0,1.0,CNC,N,0
155621,2026,Fall,2268,1,LAW,294.73,1,1.0,1.0,CNC,N,0
168263,2026,Fall,2268,1,LAW,294.75,1,1.0,1.0,CNC,N,72
168262,2026,Fall,2268,1,LAW,294.76,1,1.0,1.0,CNC,N,0
113176,2026,Fall,2268,1,LAW,295,001,2.0,2.0,LAW,N,0
113176,2026,Fall,2268,1,LAW,295,002,2.0,2.0,LAW,N,0
113179,2026,Fall,2268,1,LAW,295.1A,001,1.0,1.0,CNC,N,0
113180,2026,Fall,2268,1,LAW,295.1B,001,1.0,1.0,CNC,N,0
113181,2026,Fall,2268,1,LAW,295.1D,001,1.0,1.0,CNC,N,0
113182,2026,Fall,2268,1,LAW,295.1E,001,1.0,1.0,CNC,N,0
113183,2026,Fall,2268,1,LAW,295.1F,001,1.0,1.0,CNC,N,0
113184,2026,Fall,2268,1,LAW,295.1G,001,1.0,1.0,CNC,N,0
113186,2026,Fall,2268,1,LAW,295.1J,001,1.0,1.0,CNC,N,0
113187,2026,Fall,2268,1,LAW,295.1K,001,1.0,1.0,CNC,N,0
113188,2026,Fall,2268,1,LAW,295.1M,001,1.0,1.0,CNC,N,0
113189,2026,Fall,2268,1,LAW,295.1P,001,1.0,1.0,CNC,N,0
113190,2026,Fall,2268,1,LAW,295.1S,001,1.0,1.0,CNC,N,0
113191,2026,Fall,2268,1,LAW,295.1T,001,1.0,1.0,CNC,N,0
113192,2026,Fall,2268,1,LAW,295.1V,001,1.0,1.0,CNC,N,0
113202,2026,Fall,2268,1,LAW,295.31,001,1.0,1.0,CNC,N,0
113209,2026,Fall,2268,1,LAW,295.3D,001,1.0,2.0,CNC,N,0
113215,2026,Fall,2268,1,LAW,295.3J,001,2.0,2.0,CNC,N,0
113218,2026,Fall,2268,1,LAW,295.3M,001,1.0,1.0,CNC,N,0
113224,2026,Fall,2268,1,LAW,295.3S,001,1.0,1.0,CNC,N,0
113235,2026,Fall,2268,1,LAW,295.4C,1,1.0,1.0,CNC,N,0
113236,2026,Fall,2268,1,LAW,295.4D,1,2.0,2.0,CNC,N,0
166267,2026,Fall,2268,1,LAW,295.51,001,4.0,4.0,CNC,N,0
166268,2026,Fall,2268,1,LAW,295.52,001,1.0,4.0,CNC,N,0
113246,2026,Fall,2268,1,LAW,295.5D,001,4.0,6.0,CNC,N,0
113247,2026,Fall,2268,1,LAW,295.5E,001,4.0,4.0,CNC,N,0
113248,2026,Fall,2268,1,LAW,295.5F,001,2.0,5.0,CNC,N,0
113250,2026,Fall,2268,1,LAW,295.5H,001,4.0,6.0,CNC,N,0
113251,2026,Fall,2268,1,LAW,295.5I,001,1.0,10.0,CNC,N,0
165474,2026,Fall,2268,1,LAW,295.5O,001,4.0,4.0,CNC,N,0
113254,2026,Fall,2268,1,LAW,295.5P,001,1.0,10.0,CNC,N,0
113258,2026,Fall,2268,1,LAW,295.5T,001,4.0,4.0,CNC,N,0
113259,2026,Fall,2268,1,LAW,295.5U,001,1.0,4.0,CNC,N,0
113262,2026,Fall,2268,1,LAW,295.5X,001,1.0,10.0,CNC,N,0
113263,2026,Fall,2268,1,LAW,295.5Y,001,1.0,10.0,CNC,N,0
113264,2026,Fall,2268,1,LAW,295.5Z,001,1.0,10.0,CNC,N,0
113267,2026,Fall,2268,1,LAW,295.6A,001,4.0,12.0,CNC,N,0
113268,2026,Fall,2268,1,LAW,295.6B,001,4.0,12.0,CNC,N,0
113269,2026,Fall,2268,1,LAW,295.6C,001,4.0,12.0,CNC,N,0
113277,2026,Fall,2268,1,LAW,295.6K,001,6.0,6.0,CNC,N,0
113293,2026,Fall,2268,1,LAW,295.7A,001,8.0,12.0,CNC,N,0
113303,2026,Fall,2268,1,LAW,295.8A,001,8.0,12.0,CNC,N,0
113304,2026,Fall,2268,1,LAW,295.8B,001,4.0,12.0,CNC,N,0
113306,2026,Fall,2268,1,LAW,295.9A,001,8.0,12.0,CNC,N,0
113318,2026,Fall,2268,1,LAW,295B,001,1.0,1.0,CNC,N,0
113320,2026,Fall,2268,1,LAW,295C,001,2.0,2.0,LAW,N,0
113322,2026,Fall,2268,1,LAW,295D,001,3.0,3.0,LAW,N,0
113326,2026,Fall,2268,1,LAW,295F,001,2.0,2.0,LAW,N,0
113334,2026,Fall,2268,1,LAW,295J,001,1.0,1.0,CNC,N,0
113353,2026,Fall,2268,1,LAW,296.5,001,4.0,13.0,CNC,N,0
113353,2026,Fall,2268,1,LAW,296.5,002,4.0,13.0,CNC,N,0
113353,2026,Fall,2268,1,LAW,296.5,003,4.0,13.0,CNC,N,0
113353,2026,Fall,2268,1,LAW,296.5,004,4.0,13.0,CNC,N,0
113353,2026,Fall,2268,1,LAW,296.5,005,4.0,13.0,CNC,N,0
113353,2026,Fall,2268,1,LAW,296.5,006,4.0,13.0,CNC,N,0
113353,2026,Fall,2268,1,LAW,296.5,007,4.0,13.0,CNC,N,0
113353,2026,Fall,2268,1,LAW,296.5,008,4.0,13.0,CNC,N,0
113353,2026,Fall,2268,1,LAW,296.5,009,4.0,13.0,CNC,N,0
113353,2026,Fall,2268,1,LAW,296.5,010,4.0,13.0,CNC,N,0
113353,2026,Fall,2268,1,LAW,296.5,011,4.0,13.0,CNC,N,0
113353,2026,Fall,2268,1,LAW,296.5,012,4.0,13.0,CNC,N,0
113353,2026,Fall,2268,1,LAW,296.5,013,4.0,13.0,CNC,N,0
113353,2026,Fall,2268,1,LAW,296.5,014,4.0,13.0,CNC,N,0
113353,2026,Fall,2268,1,LAW,296.5,015,4.0,13.0,CNC,N,0
113353,2026,Fall,2268,1,LAW,296.5,016,4.0,13.0,CNC,N,0
113353,2026,Fall,2268,1,LAW,296.5,017,4.0,13.0,CNC,N,0
113353,2026,Fall,2268,1,LAW,296.5,018,4.0,13.0,CNC,N,0
113353,2026,Fall,2268,1,LAW,296.5,019,4.0,13.0,CNC,N,0
113353,2026,Fall,2268,1,LAW,296.5,020,4.0,13.0,CNC,N,0
113354,2026,Fall,2268,1,LAW,297,001,1.0,6.0,CNC,N,0
113354,2026,Fall,2268,1,LAW,297,002,1.0,6.0,CNC,N,0
113354,2026,Fall,2268,1,LAW,297,003,1.0,6.0,CNC,N,0
113354,2026,Fall,2268,1,LAW,297,004,1.0,6.0,CNC,N,0
113354,2026,Fall,2268,1,LAW,297,005,1.0,6.0,CNC,N,0
113354,2026,Fall,2268,1,LAW,297,006,1.0,6.0,CNC,N,0
113354,2026,Fall,2268,1,LAW,297,007,1.0,6.0,CNC,N,0
113354,2026,Fall,2268,1,LAW,297,008,1.0,6.0,CNC,N,0
113354,2026,Fall,2268,1,LAW,297,009,1.0,6.0,CNC,N,0
113354,2026,Fall,2268,1,LAW,297,010,1.0,6.0,CNC,N,0
113354,2026,Fall,2268,1,LAW,297,011,1.0,6.0,CNC,N,0
113354,2026,Fall,2268,1,LAW,297,012,1.0,6.0,CNC,N,0
113354,2026,Fall,2268,1,LAW,297,013,1.0,6.0,CNC,N,0
113354,2026,Fall,2268,1,LAW,297,014,1.0,6.0,CNC,N,0
113354,2026,Fall,2268,1,LAW,297,015,1.0,6.0,CNC,N,0
113354,2026,Fall,2268,1,LAW,297,016,1.0,6.0,CNC,N,0
113354,2026,Fall,2268,1,LAW,297,017,1.0,6.0,CNC,N,0
113354,2026,Fall,2268,1,LAW,297,018,1.0,6.0,CNC,N,0
113354,2026,Fall,2268,1,LAW,297,019,1.0,6.0,CNC,N,0
113354,2026,Fall,2268,1,LAW,297,020,1.0,6.0,CNC,N,0
113354,2026,Fall,2268,1,LAW,297,021,1.0,6.0,CNC,N,0
113354,2026,Fall,2268,1,LAW,297,022,1.0,6.0,CNC,N,0
113354,2026,Fall,2268,1,LAW,297,023,1.0,6.0,CNC,N,0
113354,2026,Fall,2268,1,LAW,297,024,1.0,6.0,CNC,N,0
113354,2026,Fall,2268,1,LAW,297,025,1.0,6.0,CNC,N,0
113354,2026,Fall,2268,1,LAW,297,026,1.0,6.0,CNC,N,0
113354,2026,Fall,2268,1,LAW,297,027,1.0,6.0,CNC,N,0
113354,2026,Fall,2268,1,LAW,297,028,1.0,6.0,CNC,N,0
113354,2026,Fall,2268,1,LAW,297,033,1.0,6.0,CNC,N,0
113354,2026,Fall,2268,1,LAW,297,034,1.0,6.0,CNC,N,0
113354,2026,Fall,2268,1,LAW,297,035,1.0,6.0,CNC,N,0
113354,2026,Fall,2268,1,LAW,297,036,1.0,6.0,CNC,N,0
113354,2026,Fall,2268,1,LAW,297,29,1.0,6.0,CNC,N,0
113354,2026,Fall,2268,1,LAW,297,30,1.0,6.0,CNC,N,0
113354,2026,Fall,2268,1,LAW,297,31,1.0,6.0,CNC,N,0
113354,2026,Fall,2268,1,LAW,297,32,1.0,6.0,CNC,N,0
113356,2026,Fall,2268,1,LAW,297C,001,0.0,0.0,CNC,N,0
113358,2026,Fall,2268,1,LAW,298,001,1.0,4.0,CNC,N,0
113358,2026,Fall,2268,1,LAW,298,002,1.0,4.0,CNC,N,0
113358,2026,Fall,2268,1,LAW,298,003,1.0,4.0,CNC,N,0
113358,2026,Fall,2268,1,LAW,298,004,1.0,4.0,CNC,N,0
113358,2026,Fall,2268,1,LAW,298,005,1.0,4.0,CNC,N,0
113358,2026,Fall,2268,1,LAW,298,006,1.0,4.0,CNC,N,0
113358,2026,Fall,2268,1,LAW,298,007,1.0,4.0,CNC,N,0
113358,2026,Fall,2268,1,LAW,298,008,1.0,4.0,CNC,N,0
113358,2026,Fall,2268,1,LAW,298,009,1.0,4.0,CNC,N,0
113358,2026,Fall,2268,1,LAW,298,010,1.0,4.0,CNC,N,0
113362,2026,Fall,2268,1,LAW,299,001,1.0,4.0,LW1,N,0
113362,2026,Fall,2268,1,LAW,299,002,1.0,4.0,LW1,N,0
113362,2026,Fall,2268,1,LAW,299,003,1.0,4.0,LW1,N,0
113362,2026,Fall,2268,1,LAW,299,004,1.0,4.0,LW1,N,0
113362,2026,Fall,2268,1,LAW,299,005,1.0,4.0,LW1,N,0
113362,2026,Fall,2268,1,LAW,299,006,1.0,4.0,LW1,N,0
113362,2026,Fall,2268,1,LAW,299,007,1.0,4.0,LW1,N,0
113362,2026,Fall,2268,1,LAW,299,008,1.0,4.0,LW1,N,0
113362,2026,Fall,2268,1,LAW,299,009,1.0,4.0,LW1,N,0
113362,2026,Fall,2268,1,LAW,299,010,1.0,4.0,LW1,N,0
113362,2026,Fall,2268,1,LAW,299,011,1.0,4.0,LW1,N,0
113362,2026,Fall,2268,1,LAW,299,012,1.0,4.0,LW1,N,0
113362,2026,Fall,2268,1,LAW,299,013,1.0,4.0,LW1,N,0
113362,2026,Fall,2268,1,LAW,299,014,1.0,4.0,LW1,N,0
113362,2026,Fall,2268,1,LAW,299,015,1.0,4.0,LW1,N,0
113362,2026,Fall,2268,1,LAW,299,016,1.0,4.0,LW1,N,0
113362,2026,Fall,2268,1,LAW,299,017,1.0,4.0,LW1,N,0
113362,2026,Fall,2268,1,LAW,299,018,1.0,4.0,LW1,N,0
113362,2026,Fall,2268,1,LAW,299,019,1.0,4.0,LW1,N,0
113362,2026,Fall,2268,1,LAW,299,020,1.0,4.0,LW1,N,0
113362,2026,Fall,2268,1,LAW,299,021,1.0,4.0,LW1,N,0
113362,2026,Fall,2268,1,LAW,299,022,1.0,4.0,LW1,N,0
113362,2026,Fall,2268,1,LAW,299,023,1.0,4.0,LW1,N,0
113362,2026,Fall,2268,1,LAW,299,024,1.0,4.0,LW1,N,0
113362,2026,Fall,2268,1,LAW,299,025,1.0,4.0,LW1,N,0
113362,2026,Fall,2268,1,LAW,299,026,1.0,4.0,LW1,N,0
113362,2026,Fall,2268,1,LAW,299,027,1.0,4.0,LW1,N,0
113362,2026,Fall,2268,1,LAW,299,028,1.0,4.0,LW1,N,0
113362,2026,Fall,2268,1,LAW,299,029,1.0,4.0,LW1,N,0
113362,2026,Fall,2268,1,LAW,299,030,1.0,4.0,LW1,N,0
113362,2026,Fall,2268,1,LAW,299,031,1.0,4.0,LW1,N,0
113362,2026,Fall,2268,1,LAW,299,032,1.0,4.0,LW1,N,0
113362,2026,Fall,2268,1,LAW,299,033,1.0,4.0,LW1,N,0
113362,2026,Fall,2268,1,LAW,299,034,1.0,4.0,LW1,N,0
113362,2026,Fall,2268,1,LAW,299,035,1.0,4.0,LW1,N,0
113362,2026,Fall,2268,1,LAW,299,036,1.0,4.0,LW1,N,0
113362,2026,Fall,2268,1,LAW,299,037,1.0,4.0,LW1,N,0
113362,2026,Fall,2268,1,LAW,299,038,1.0,4.0,LW1,N,0
113362,2026,Fall,2268,1,LAW,299,039,1.0,4.0,LW1,N,0
113362,2026,Fall,2268,1,LAW,299,040,1.0,4.0,LW1,N,0
113362,2026,Fall,2268,1,LAW,299,041,1.0,4.0,LW1,N,0
113362,2026,Fall,2268,1,LAW,299,042,1.0,4.0,LW1,N,0
113362,2026,Fall,2268,1,LAW,299,043,1.0,4.0,LW1,N,0
113362,2026,Fall,2268,1,LAW,299,044,1.0,4.0,LW1,N,0
113362,2026,Fall,2268,1,LAW,299,045,1.0,4.0,LW1,N,0
113362,2026,Fall,2268,1,LAW,299,046,1.0,4.0,LW1,N,0
113362,2026,Fall,2268,1,LAW,299,047,1.0,4.0,LW1,N,0
113362,2026,Fall,2268,1,LAW,299,048,1.0,4.0,LW1,N,0
113362,2026,Fall,2268,1,LAW,299,049,1.0,4.0,LW1,N,0
113362,2026,Fall,2268,1,LAW,299,050,1.0,4.0,LW1,N,0
113362,2026,Fall,2268,1,LAW,299,051,1.0,4.0,LW1,N,0
113362,2026,Fall,2268,1,LAW,299,052,1.0,4.0,LW1,N,0
113362,2026,Fall,2268,1,LAW,299,053,1.0,4.0,LW1,N,0
113362,2026,Fall,2268,1,LAW,299,054,1.0,4.0,LW1,N,0
113362,2026,Fall,2268,1,LAW,299,055,1.0,4.0,LW1,N,0
113362,2026,Fall,2268,1,LAW,299,056,1.0,4.0,LW1,N,0
113362,2026,Fall,2268,1,LAW,299,057,1.0,4.0,LW1,N,0
113362,2026,Fall,2268,1,LAW,299,058,1.0,4.0,LW1,N,0
113362,2026,Fall,2268,1,LAW,299,059,1.0,4.0,LW1,N,0
113362,2026,Fall,2268,1,LAW,299,060,1.0,4.0,LW1,N,0
113362,2026,Fall,2268,1,LAW,299,061,1.0,4.0,LW1,N,0
113362,2026,Fall,2268,1,LAW,299,062,1.0,4.0,LW1,N,0
113362,2026,Fall,2268,1,LAW,299,063,1.0,4.0,LW1,N,0
113362,2026,Fall,2268,1,LAW,299,064,1.0,4.0,LW1,N,0
113362,2026,Fall,2268,1,LAW,299,065,1.0,4.0,LW1,N,0
113362,2026,Fall,2268,1,LAW,299,066,1.0,4.0,LW1,N,0
113362,2026,Fall,2268,1,LAW,299,067,1.0,4.0,LW1,N,0
113362,2026,Fall,2268,1,LAW,299,068,1.0,4.0,LW1,N,0
113362,2026,Fall,2268,1,LAW,299,069,1.0,4.0,LW1,N,0
113362,2026,Fall,2268,1,LAW,299,070,1.0,4.0,LW1,N,0
113362,2026,Fall,2268,1,LAW,299,071,1.0,4.0,LW1,N,0
113362,2026,Fall,2268,1,LAW,299,072,1.0,4.0,LW1,N,0
113362,2026,Fall,2268,1,LAW,299,073,1.0,4.0,LW1,N,0
113362,2026,Fall,2268,1,LAW,299,074,1.0,4.0,LW1,N,0
113362,2026,Fall,2268,1,LAW,299,075,1.0,4.0,LW1,N,0
113363,2026,Fall,2268,1,LAW,299.1,001,1.0,17.0,CNC,N,0
161260,2026,Fall,2268,1,LAW,299.11,001,1.0,6.0,CNC,N,0
113365,2026,Fall,2268,1,LAW,299.3,001,1.0,10.0,CNC,N,0
113366,2026,Fall,2268,1,LAW,299A,001,12.0,12.0,CNC,N,0
113366,2026,Fall,2268,1,LAW,299A,002,12.0,12.0,CNC,N,0
113366,2026,Fall,2268,1,LAW,299A,003,12.0,12.0,CNC,N,0
113366,2026,Fall,2268,1,LAW,299A,004,12.0,12.0,CNC,N,0
113366,2026,Fall,2268,1,LAW,299A,005,12.0,12.0,CNC,N,0
113366,2026,Fall,2268,1,LAW,299A,006,12.0,12.0,CNC,N,0
113366,2026,Fall,2268,1,LAW,299A,007,12.0,12.0,CNC,N,0
113366,2026,Fall,2268,1,LAW,299A,008,12.0,12.0,CNC,N,0
113366,2026,Fall,2268,1,LAW,299A,009,12.0,12.0,CNC,N,0
113366,2026,Fall,2268,1,LAW,299A,010,12.0,12.0,CNC,N,0
113368,2026,Fall,2268,1,LAW,299B,001,12.0,12.0,CNC,N,0
113369,2026,Fall,2268,1,LAW,299C,001,12.0,12.0,CNC,N,0
113369,2026,Fall,2268,1,LAW,299C,0013,12.0,12.0,CNC,N,0
113369,2026,Fall,2268,1,LAW,299C,0014,12.0,12.0,CNC,N,0
113369,2026,Fall,2268,1,LAW,299C,002,12.0,12.0,CNC,N,0
113369,2026,Fall,2268,1,LAW,299C,003,12.0,12.0,CNC,N,0
113369,2026,Fall,2268,1,LAW,299C,004,12.0,12.0,CNC,N,0
113369,2026,Fall,2268,1,LAW,299C,005,12.0,12.0,CNC,N,0
113369,2026,Fall,2268,1,LAW,299C,006,12.0,12.0,CNC,N,0
113369,2026,Fall,2268,1,LAW,299C,007,12.0,12.0,CNC,N,0
113369,2026,Fall,2268,1,LAW,299C,008,12.0,12.0,CNC,N,0
113369,2026,Fall,2268,1,LAW,299C,009,12.0,12.0,CNC,N,0
113369,2026,Fall,2268,1,LAW,299C,010,12.0,12.0,CNC,N,0
113369,2026,Fall,2268,1,LAW,299C,011,12.0,12.0,CNC,N,0
113369,2026,Fall,2268,1,LAW,299C,012,12.0,12.0,CNC,N,0
113369,2026,Fall,2268,1,LAW,299C,015,12.0,12.0,CNC,N,0
113370,2026,Fall,2268,1,LAW,299D,001,1.0,12.0,CNC,N,0
113370,2026,Fall,2268,1,LAW,299D,002,1.0,12.0,CNC,N,0
113370,2026,Fall,2268,1,LAW,299D,003,1.0,12.0,CNC,N,0
113370,2026,Fall,2268,1,LAW,299D,004,1.0,12.0,CNC,N,0
113370,2026,Fall,2268,1,LAW,299D,005,1.0,12.0,CNC,N,0
113371,2026,Fall,2268,1,LAW,299E,001,1.0,12.0,CNC,N,0
113371,2026,Fall,2268,1,LAW,299E,002,1.0,12.0,CNC,N,0
113371,2026,Fall,2268,1,LAW,299E,003,1.0,12.0,CNC,N,0
113371,2026,Fall,2268,1,LAW,299E,004,1.0,12.0,CNC,N,0
113371,2026,Fall,2268,1,LAW,299E,005,1.0,12.0,CNC,N,0
113371,2026,Fall,2268,1,LAW,299E,006,1.0,12.0,CNC,N,0
113371,2026,Fall,2268,1,LAW,299E,007,1.0,12.0,CNC,N,0
113371,2026,Fall,2268,1,LAW,299E,008,1.0,12.0,CNC,N,0
113371,2026,Fall,2268,1,LAW,299E,009,1.0,12.0,CNC,N,0
113371,2026,Fall,2268,1,LAW,299E,010,1.0,12.0,CNC,N,0
113371,2026,Fall,2268,1,LAW,299E,011,1.0,12.0,CNC,N,0
113371,2026,Fall,2268,1,LAW,299E,012,1.0,12.0,CNC,N,0
113372,2026,Fall,2268,1,LAW,299F,001,1.0,12.0,CNC,N,0
113372,2026,Fall,2268,1,LAW,299F,002,1.0,12.0,CNC,N,0
113372,2026,Fall,2268,1,LAW,299F,003,1.0,12.0,CNC,N,0
113372,2026,Fall,2268,1,LAW,299F,004,1.0,12.0,CNC,N,0
113372,2026,Fall,2268,1,LAW,299F,005,1.0,12.0,CNC,N,0
113372,2026,Fall,2268,1,LAW,299F,006,1.0,12.0,CNC,N,0
113372,2026,Fall,2268,1,LAW,299F,007,1.0,12.0,CNC,N,0
113372,2026,Fall,2268,1,LAW,299F,008,1.0,12.0,CNC,N,0
113372,2026,Fall,2268,1,LAW,299F,009,1.0,12.0,CNC,N,0
113372,2026,Fall,2268,1,LAW,299F,010,1.0,12.0,CNC,N,0
113373,2026,Fall,2268,1,LAW,300,001,4.0,4.0,CNC,N,0
113373,2026,Fall,2268,1,LAW,300,002,4.0,4.0,CNC,N,0
113373,2026,Fall,2268,1,LAW,300,003,4.0,4.0,CNC,N,0
113373,2026,Fall,2268,1,LAW,300,004,4.0,4.0,CNC,N,0
113373,2026,Fall,2268,1,LAW,300,005,4.0,4.0,CNC,N,0
113373,2026,Fall,2268,1,LAW,300,006,4.0,4.0,CNC,N,0
113373,2026,Fall,2268,1,LAW,300,007,4.0,4.0,CNC,N,0
113373,2026,Fall,2268,1,LAW,300,008,4.0,4.0,CNC,N,0
113373,2026,Fall,2268,1,LAW,300,009,4.0,4.0,CNC,N,0
113373,2026,Fall,2268,1,LAW,300,010,4.0,4.0,CNC,N,0
113373,2026,Fall,2268,1,LAW,300,011,4.0,4.0,CNC,N,0
113373,2026,Fall,2268,1,LAW,300,012,4.0,4.0,CNC,N,0
113373,2026,Fall,2268,1,LAW,300,013,4.0,4.0,CNC,N,0
113373,2026,Fall,2268,1,LAW,300,014,4.0,4.0,CNC,N,0
113373,2026,Fall,2268,1,LAW,300,015,4.0,4.0,CNC,N,0
113373,2026,Fall,2268,1,LAW,300,016,4.0,4.0,CNC,N,0
113373,2026,Fall,2268,1,LAW,300,017,4.0,4.0,CNC,N,0
113373,2026,Fall,2268,1,LAW,300,018,4.0,4.0,CNC,N,0
113373,2026,Fall,2268,1,LAW,300,019,4.0,4.0,CNC,N,0
113373,2026,Fall,2268,1,LAW,300,020,4.0,4.0,CNC,N,0
113373,2026,Fall,2268,1,LAW,300,021,4.0,4.0,CNC,N,0
113375,2026,Fall,2268,1,LAW,325A,001,1.0,6.0,CNC,N,0
113375,2026,Fall,2268,1,LAW,325A,002,1.0,6.0,CNC,N,0
113375,2026,Fall,2268,1,LAW,325A,003,1.0,6.0,CNC,N,0
113375,2026,Fall,2268,1,LAW,325A,004,1.0,6.0,CNC,N,0
113375,2026,Fall,2268,1,LAW,325A,005,1.0,6.0,CNC,N,0
113375,2026,Fall,2268,1,LAW,325A,006,1.0,6.0,CNC,N,0
113375,2026,Fall,2268,1,LAW,325A,007,1.0,6.0,CNC,N,0
113375,2026,Fall,2268,1,LAW,325A,008,1.0,6.0,CNC,N,0
113375,2026,Fall,2268,1,LAW,325A,009,1.0,6.0,CNC,N,0
113375,2026,Fall,2268,1,LAW,325A,010,1.0,6.0,CNC,N,0
113375,2026,Fall,2268,1,LAW,325A,011,1.0,6.0,CNC,N,0
113375,2026,Fall,2268,1,LAW,325A,012,1.0,6.0,CNC,N,0
113375,2026,Fall,2268,1,LAW,325A,013,1.0,6.0,CNC,N,0
113375,2026,Fall,2268,1,LAW,325A,014,1.0,6.0,CNC,N,0
113375,2026,Fall,2268,1,LAW,325A,015,1.0,6.0,CNC,N,0
113375,2026,Fall,2268,1,LAW,325A,016,1.0,6.0,CNC,N,0
113375,2026,Fall,2268,1,LAW,325A,017,1.0,6.0,CNC,N,0
113375,2026,Fall,2268,1,LAW,325A,018,1.0,6.0,CNC,N,0
113375,2026,Fall,2268,1,LAW,325A,019,1.0,6.0,CNC,N,0
113375,2026,Fall,2268,1,LAW,325A,020,1.0,6.0,CNC,N,0
113375,2026,Fall,2268,1,LAW,325A,021,1.0,6.0,CNC,N,0
113375,2026,Fall,2268,1,LAW,325A,022,1.0,6.0,CNC,N,0
113375,2026,Fall,2268,1,LAW,325A,023,1.0,6.0,CNC,N,0
113375,2026,Fall,2268,1,LAW,325A,024,1.0,6.0,CNC,N,0
113375,2026,Fall,2268,1,LAW,325A,025,1.0,6.0,CNC,N,0
113375,2026,Fall,2268,1,LAW,325A,026,1.0,6.0,CNC,N,0
113376,2026,Fall,2268,1,LAW,325AB,001,1.0,8.0,CNC,N,0
113376,2026,Fall,2268,1,LAW,325AB,002,1.0,8.0,CNC,N,0
113376,2026,Fall,2268,1,LAW,325AB,003,1.0,8.0,CNC,N,0
113377,2026,Fall,2268,1,LAW,325B,001,4.0,4.0,CNC,N,0
113377,2026,Fall,2268,1,LAW,325B,002,4.0,4.0,CNC,N,0
113522,2026,Fall,2268,1,LAW,601,001,1.0,12.0,CNC,N,0
113522,2026,Fall,2268,1,LAW,601,002,1.0,12.0,CNC,N,0
113522,2026,Fall,2268,1,LAW,601,003,1.0,12.0,CNC,N,0
113522,2026,Fall,2268,1,LAW,601,004,1.0,12.0,CNC,N,0
113522,2026,Fall,2268,1,LAW,601,005,1.0,12.0,CNC,N,0
113522,2026,Fall,2268,1,LAW,601,006,1.0,12.0,CNC,N,0
113522,2026,Fall,2268,1,LAW,601,007,1.0,12.0,CNC,N,0
113522,2026,Fall,2268,1,LAW,601,008,1.0,12.0,CNC,N,0
113523,2026,Fall,2268,1,LAW,602,001,1.0,12.0,CNC,N,0
113523,2026,Fall,2268,1,LAW,602,002,1.0,12.0,CNC,N,0
113523,2026,Fall,2268,1,LAW,602,003,1.0,12.0,CNC,N,0
113523,2026,Fall,2268,1,LAW,602,004,1.0,12.0,CNC,N,0
113523,2026,Fall,2268,1,LAW,602,005,1.0,12.0,CNC,N,0
113523,2026,Fall,2268,1,LAW,602,006,1.0,12.0,CNC,N,0
113523,2026,Fall,2268,1,LAW,602,007,1.0,12.0,CNC,N,0
113523,2026,Fall,2268,1,LAW,602,008,1.0,12.0,CNC,N,0
113523,2026,Fall,2268,1,LAW,602,009,1.0,12.0,CNC,N,0
113523,2026,Fall,2268,1,LAW,602,010,1.0,12.0,CNC,N,0
113523,2026,Fall,2268,1,LAW,602,011,1.0,12.0,CNC,N,0
113523,2026,Fall,2268,1,LAW,602,012,1.0,12.0,CNC,N,0
113523,2026,Fall,2268,1,LAW,602,013,1.0,12.0,CNC,N,0
113523,2026,Fall,2268,1,LAW,602,014,1.0,12.0,CNC,N,0
113523,2026,Fall,2268,1,LAW,602,015,1.0,12.0,CNC,N,0
113523,2026,Fall,2268,1,LAW,602,016,1.0,12.0,CNC,N,0
113523,2026,Fall,2268,1,LAW,602,017,1.0,12.0,CNC,N,0
113523,2026,Fall,2268,1,LAW,602,018,1.0,12.0,CNC,N,0
160432,2026,Fall,2268,1,LAW,603,001,1.0,12.0,CNC,N,0
160432,2026,Fall,2268,1,LAW,603,002,1.0,12.0,CNC,N,0
160432,2026,Fall,2268,1,LAW,603,003,1.0,12.0,CNC,N,0
160432,2026,Fall,2268,1,LAW,603,004,1.0,12.0,CNC,N,0
160432,2026,Fall,2268,1,LAW,603,005,1.0,12.0,CNC,N,0
160432,2026,Fall,2268,1,LAW,603,006,1.0,12.0,CNC,N,0
160432,2026,Fall,2268,1,LAW,603,007,1.0,12.0,CNC,N,0
160432,2026,Fall,2268,1,LAW,603,008,1.0,12.0,CNC,N,0
160432,2026,Fall,2268,1,LAW,603,009,1.0,12.0,CNC,N,0
160432,2026,Fall,2268,1,LAW,603,010,1.0,12.0,CNC,N,0
160432,2026,Fall,2268,1,LAW,603,011,1.0,12.0,CNC,N,0
160432,2026,Fall,2268,1,LAW,603,012,1.0,12.0,CNC,N,0
160432,2026,Fall,2268,1,LAW,603,013,1.0,12.0,CNC,N,0
160432,2026,Fall,2268,1,LAW,603,014,1.0,12.0,CNC,N,0
160432,2026,Fall,2268,1,LAW,603,015,1.0,12.0,CNC,N,0
160432,2026,Fall,2268,1,LAW,603,016,1.0,12.0,CNC,N,0
160432,2026,Fall,2268,1,LAW,603,017,1.0,12.0,CNC,N,0
160432,2026,Fall,2268,1,LAW,603,018,1.0,12.0,CNC,N,0
160211,2026,Fall,2268,1,LAW,W202,001,3.0,3.0,LAW,N,0
156737,2026,Fall,2268,1,LAW,W206.6,001,1.0,1.0,CNC,N,0
156737,2026,Fall,2268,1,LAW,W206.6,002,1.0,1.0,CNC,N,0
156737,2026,Fall,2268,1,LAW,W206.6,003,1.0,1.0,CNC,N,0
156737,2026,Fall,2268,1,LAW,W206.6,004,1.0,1.0,CNC,N,0
113540,2026,Fall,2268,1,LDARCH,101,001,6.0,6.0,OPT,N,67
113542,2026,Fall,2268,1,LDARCH,103,01,6.0,6.0,OPT,N,79
113549,2026,Fall,2268,1,LDARCH,111,001,3.0,3.0,OPT,Y,0
113553,2026,Fall,2268,1,LDARCH,12,001,4.0,4.0,OPT,Y,671
113555,2026,Fall,2268,1,LDARCH,120,001,3.0,3.0,OPT,N,0
158052,2026,Fall,2268,1,LDARCH,133,001,3.0,3.0,OPT,A,195
113568,2026,Fall,2268,1,LDARCH,134B,001,3.0,3.0,OPT,A,50
113577,2026,Fall,2268,1,LDARCH,154,002,1.0,3.0,OPT,Y,49
113583,2026,Fall,2268,1,LDARCH,197,001,2.0,3.0,PNP,N,0
113583,2026,Fall,2268,1,LDARCH,197,002,2.0,3.0,PNP,N,0
113583,2026,Fall,2268,1,LDARCH,197,003,2.0,3.0,PNP,N,0
113585,2026,Fall,2268,1,LDARCH,199,001,1.0,4.0,PNP,N,0
113585,2026,Fall,2268,1,LDARCH,199,002,1.0,4.0,PNP,N,0
113585,2026,Fall,2268,1,LDARCH,199,003,1.0,4.0,PNP,N,0
113586,2026,Fall,2268,1,LDARCH,200A,101,6.0,6.0,OPT,N,4
113588,2026,Fall,2268,1,LDARCH,201,001,6.0,6.0,OPT,N,13
113590,2026,Fall,2268,1,LDARCH,203,002,6.0,6.0,OPT,N,0
113601,2026,Fall,2268,1,LDARCH,224,001,3.0,3.0,OPT,N,0
113603,2026,Fall,2268,1,LDARCH,226,001,2.0,2.0,OPT,N,0
113604,2026,Fall,2268,1,LDARCH,227,001,3.0,3.0,OPT,N,10
160654,2026,Fall,2268,1,LDARCH,233,001,3.0,3.0,OPT,N,10
113609,2026,Fall,2268,1,LDARCH,234,001,3.0,3.0,OPT,N,0
157138,2026,Fall,2268,1,LDARCH,234A,001,3.0,3.0,OPT,N,7
113622,2026,Fall,2268,1,LDARCH,252B,001,3.0,3.0,OPT,N,11
113623,2026,Fall,2268,1,LDARCH,253,001,1.0,1.0,SUS,N,0
113624,2026,Fall,2268,1,LDARCH,254,001,1.0,5.0,OPT,N,0
113624,2026,Fall,2268,1,LDARCH,254,002,1.0,5.0,OPT,N,0
113624,2026,Fall,2268,1,LDARCH,254,003,1.0,5.0,OPT,N,0
113624,2026,Fall,2268,1,LDARCH,254,004,1.0,5.0,OPT,N,0
113624,2026,Fall,2268,1,LDARCH,254,005,1.0,5.0,OPT,N,0
113624,2026,Fall,2268,1,LDARCH,254,006,1.0,5.0,OPT,N,0
113624,2026,Fall,2268,1,LDARCH,254,007,1.0,5.0,OPT,N,0
113625,2026,Fall,2268,1,LDARCH,255,001,1.0,1.0,OPT,N,6
113635,2026,Fall,2268,1,LDARCH,295,001,2.0,2.0,SUS,N,0
113635,2026,Fall,2268,1,LDARCH,295,002,2.0,2.0,SUS,N,0
113635,2026,Fall,2268,1,LDARCH,295,003,2.0,2.0,SUS,N,0
113636,2026,Fall,2268,1,LDARCH,296,001,1.0,12.0,SUS,N,0
113636,2026,Fall,2268,1,LDARCH,296,002,1.0,12.0,SUS,N,0
113636,2026,Fall,2268,1,LDARCH,296,003,1.0,12.0,SUS,N,0
113636,2026,Fall,2268,1,LDARCH,296,004,1.0,12.0,SUS,N,0
113636,2026,Fall,2268,1,LDARCH,296,005,1.0,12.0,SUS,N,0
113636,2026,Fall,2268,1,LDARCH,296,006,1.0,12.0,SUS,N,0
113637,2026,Fall,2268,1,LDARCH,297,001,1.0,3.0,SUS,N,0
113637,2026,Fall,2268,1,LDARCH,297,002,1.0,3.0,SUS,N,0
113637,2026,Fall,2268,1,LDARCH,297,003,1.0,3.0,SUS,N,0
113637,2026,Fall,2268,1,LDARCH,297,004,1.0,3.0,SUS,N,0
113637,2026,Fall,2268,1,LDARCH,297,005,1.0,3.0,SUS,N,0
113637,2026,Fall,2268,1,LDARCH,297,006,1.0,3.0,SUS,N,0
113637,2026,Fall,2268,1,LDARCH,297,007,1.0,3.0,SUS,N,0
113637,2026,Fall,2268,1,LDARCH,297,008,1.0,3.0,SUS,N,0
113638,2026,Fall,2268,1,LDARCH,298,001,1.0,4.0,OPT,N,0
113638,2026,Fall,2268,1,LDARCH,298,002,1.0,4.0,OPT,N,0
113638,2026,Fall,2268,1,LDARCH,298,003,1.0,4.0,OPT,N,0
113639,2026,Fall,2268,1,LDARCH,299,001,1.0,6.0,OPT,N,0
113639,2026,Fall,2268,1,LDARCH,299,002,1.0,6.0,OPT,N,0
113639,2026,Fall,2268,1,LDARCH,299,003,1.0,6.0,OPT,N,0
113639,2026,Fall,2268,1,LDARCH,299,004,1.0,6.0,OPT,N,0
113639,2026,Fall,2268,1,LDARCH,299,005,1.0,6.0,OPT,N,0
113639,2026,Fall,2268,1,LDARCH,299,006,1.0,6.0,OPT,N,0
113639,2026,Fall,2268,1,LDARCH,299,007,1.0,6.0,OPT,N,0
113639,2026,Fall,2268,1,LDARCH,299,008,1.0,6.0,OPT,N,0
113639,2026,Fall,2268,1,LDARCH,299,009,1.0,6.0,OPT,N,0
113639,2026,Fall,2268,1,LDARCH,299,010,1.0,6.0,OPT,N,0
113640,2026,Fall,2268,1,LDARCH,300,001,2.0,2.0,SUS,N,0
113640,2026,Fall,2268,1,LDARCH,300,002,2.0,2.0,SUS,N,0
113640,2026,Fall,2268,1,LDARCH,300,003,2.0,2.0,SUS,N,0
113640,2026,Fall,2268,1,LDARCH,300,004,2.0,2.0,SUS,N,0
113640,2026,Fall,2268,1,LDARCH,300,005,2.0,2.0,SUS,N,0
113640,2026,Fall,2268,1,LDARCH,300,006,2.0,2.0,SUS,N,0
113640,2026,Fall,2268,1,LDARCH,300,007,2.0,2.0,SUS,N,0
113640,2026,Fall,2268,1,LDARCH,300,008,2.0,2.0,SUS,N,0
113640,2026,Fall,2268,1,LDARCH,300,009,2.0,2.0,SUS,N,0
113640,2026,Fall,2268,1,LDARCH,300,010,2.0,2.0,SUS,N,0
113640,2026,Fall,2268,1,LDARCH,300,011,2.0,2.0,SUS,N,0
113640,2026,Fall,2268,1,LDARCH,300,012,2.0,2.0,SUS,N,0
113640,2026,Fall,2268,1,LDARCH,300,013,2.0,2.0,SUS,N,0
113640,2026,Fall,2268,1,LDARCH,300,014,2.0,2.0,SUS,N,0
113642,2026,Fall,2268,1,LDARCH,375,001,2.0,2.0,SUS,N,13
163454,2026,Fall,2268,1,LDARCH,399,001,1.0,3.0,SUS,N,0
163454,2026,Fall,2268,1,LDARCH,399,002,1.0,3.0,SUS,N,0
163454,2026,Fall,2268,1,LDARCH,399,003,1.0,3.0,SUS,N,0
163454,2026,Fall,2268,1,LDARCH,399,004,1.0,3.0,SUS,N,0
113670,2026,Fall,2268,1,LDARCH,601,001,1.0,8.0,SUS,N,0
113671,2026,Fall,2268,1,LDARCH,602,001,1.0,8.0,SUS,N,0
113671,2026,Fall,2268,1,LDARCH,602,002,1.0,8.0,SUS,N,0
113671,2026,Fall,2268,1,LDARCH,602,003,1.0,8.0,SUS,N,0
113671,2026,Fall,2268,1,LDARCH,602,004,1.0,8.0,SUS,N,0
113671,2026,Fall,2268,1,LDARCH,602,005,1.0,8.0,SUS,N,0
161269,2026,Fall,2268,1,LDARCH,C110A,001,4.0,4.0,OPT,Y,89
123863,2026,Fall,2268,1,LDARCH,C171,001,3.0,3.0,OPT,Y,100
123946,2026,Fall,2268,1,LDARCH,C188,001,4.0,4.0,OPT,Y,175
124333,2026,Fall,2268,1,LDARCH,C203,01,6.0,6.0,OPT,N,3
123696,2026,Fall,2268,1,LDARCH,C241,001,4.0,4.0,OPT,N,13
124303,2026,Fall,2268,1,LDARCH,C242,001,3.0,3.0,OPT,N,29
124455,2026,Fall,2268,1,LDARCH,C250,001,3.0,3.0,OPT,Y,8
165037,2026,Fall,2268,1,LDARCH,C290,1,3.0,3.0,OPT,Y,13
113679,2026,Fall,2268,1,LEGALST,100,001,4.0,4.0,OPT,Y,594
113683,2026,Fall,2268,1,LEGALST,102,001,4.0,4.0,OPT,Y,242
113684,2026,Fall,2268,1,LEGALST,103,001,4.0,4.0,OPT,Y,339
165838,2026,Fall,2268,1,LEGALST,113,001,4.0,4.0,OPT,A,231
113708,2026,Fall,2268,1,LEGALST,132AC,001,4.0,4.0,OPT,Y,1035
161213,2026,Fall,2268,1,LEGALST,135,001,4.0,4.0,OPT,A,292
113709,2026,Fall,2268,1,LEGALST,138,001,4.0,4.0,OPT,A,379
156719,2026,Fall,2268,1,LEGALST,141,001,4.0,4.0,OPT,Y,260
161905,2026,Fall,2268,1,LEGALST,142,001,4.0,4.0,OPT,A,237
113715,2026,Fall,2268,1,LEGALST,145,001,4.0,4.0,OPT,Y,406
113723,2026,Fall,2268,1,LEGALST,154,001,4.0,4.0,OPT,Y,218
113726,2026,Fall,2268,1,LEGALST,157,001,4.0,4.0,OPT,Y,385
113727,2026,Fall,2268,1,LEGALST,158,001,4.0,4.0,OPT,Y,167
113728,2026,Fall,2268,1,LEGALST,160,001,4.0,4.0,OPT,Y,233
113731,2026,Fall,2268,1,LEGALST,162AC,001,4.0,4.0,OPT,N,590
113738,2026,Fall,2268,1,LEGALST,170,001,4.0,4.0,OPT,A,220
113741,2026,Fall,2268,1,LEGALST,174,001,4.0,4.0,OPT,N,0
113744,2026,Fall,2268,1,LEGALST,177,001,4.0,4.0,OPT,Y,283
113751,2026,Fall,2268,1,LEGALST,184,001,4.0,4.0,OPT,Y,266
113758,2026,Fall,2268,1,LEGALST,190,001,4.0,4.0,OPT,Y,207
113758,2026,Fall,2268,1,LEGALST,190,002,4.0,4.0,OPT,Y,163
113758,2026,Fall,2268,1,LEGALST,190,003,4.0,4.0,OPT,Y,120
113758,2026,Fall,2268,1,LEGALST,190,004,4.0,4.0,OPT,Y,124
113758,2026,Fall,2268,1,LEGALST,190,005,4.0,4.0,OPT,Y,150
113758,2026,Fall,2268,1,LEGALST,190,007,4.0,4.0,OPT,Y,79
113758,2026,Fall,2268,1,LEGALST,190,008,4.0,4.0,OPT,Y,155
113758,2026,Fall,2268,1,LEGALST,190,009,4.0,4.0,OPT,Y,76
113758,2026,Fall,2268,1,LEGALST,190,010,4.0,4.0,OPT,Y,129
113758,2026,Fall,2268,1,LEGALST,190,011,4.0,4.0,OPT,Y,95
113760,2026,Fall,2268,1,LEGALST,198,004,2.0,2.0,PNP,N,63
113760,2026,Fall,2268,1,LEGALST,198,008,2.0,2.0,PNP,N,32
113761,2026,Fall,2268,1,LEGALST,199,001,1.0,1.0,PNP,N,0
113761,2026,Fall,2268,1,LEGALST,199,002,1.0,4.0,PNP,N,0
113761,2026,Fall,2268,1,LEGALST,199,003,1.0,4.0,PNP,N,0
113761,2026,Fall,2268,1,LEGALST,199,004,1.0,4.0,PNP,N,0
113761,2026,Fall,2268,1,LEGALST,199,005,1.0,4.0,PNP,N,0
113761,2026,Fall,2268,1,LEGALST,199,006,1.0,4.0,PNP,N,0
113761,2026,Fall,2268,1,LEGALST,199,007,1.0,4.0,PNP,N,0
113761,2026,Fall,2268,1,LEGALST,199,008,1.0,4.0,PNP,N,0
113761,2026,Fall,2268,1,LEGALST,199,009,1.0,4.0,PNP,N,0
113767,2026,Fall,2268,1,LEGALST,39D,001,2.0,2.0,OPT,Y,432
113792,2026,Fall,2268,1,LEGALST,H195A,001,5.0,5.0,OPT,N,62
113795,2026,Fall,2268,1,LEGALST,R1B,001,4.0,4.0,GRD,N,853
123958,2026,Fall,2268,1,LGBT,C146A,001,4.0,4.0,OPT,Y,62
124311,2026,Fall,2268,1,LGBT,C146B,001,4.0,4.0,OPT,A,0
113949,2026,Fall,2268,1,LINGUIS,100,001,4.0,4.0,OPT,Y,595
113959,2026,Fall,2268,1,LINGUIS,120,001,4.0,4.0,OPT,N,124
113973,2026,Fall,2268,1,LINGUIS,140,001,3.0,3.0,OPT,N,76
162733,2026,Fall,2268,1,LINGUIS,150A,001,4.0,4.0,OPT,Y,155
113993,2026,Fall,2268,1,LINGUIS,170,001,3.0,3.0,OPT,N,0
114001,2026,Fall,2268,1,LINGUIS,197,001,1.0,3.0,PNP,N,0
114003,2026,Fall,2268,1,LINGUIS,199,001,1.0,4.0,PNP,N,0
114003,2026,Fall,2268,1,LINGUIS,199,002,1.0,4.0,PNP,N,0
114003,2026,Fall,2268,1,LINGUIS,199,003,1.0,4.0,PNP,N,0
114003,2026,Fall,2268,1,LINGUIS,199,004,1.0,4.0,PNP,N,0
114003,2026,Fall,2268,1,LINGUIS,199,005,1.0,4.0,PNP,N,0
114003,2026,Fall,2268,1,LINGUIS,199,006,1.0,4.0,PNP,N,0
114003,2026,Fall,2268,1,LINGUIS,199,007,1.0,4.0,PNP,N,0
114003,2026,Fall,2268,1,LINGUIS,199,008,1.0,4.0,PNP,N,0
114003,2026,Fall,2268,1,LINGUIS,199,009,1.0,4.0,PNP,N,0
114003,2026,Fall,2268,1,LINGUIS,199,010,1.0,4.0,PNP,N,0
114003,2026,Fall,2268,1,LINGUIS,199,011,1.0,4.0,PNP,N,0
114003,2026,Fall,2268,1,LINGUIS,199,012,1.0,4.0,PNP,N,0
114003,2026,Fall,2268,1,LINGUIS,199,013,1.0,4.0,PNP,N,0
114003,2026,Fall,2268,1,LINGUIS,199,014,1.0,4.0,PNP,N,0
114003,2026,Fall,2268,1,LINGUIS,199,015,1.0,4.0,PNP,N,0
113944,2026,Fall,2268,1,LINGUIS,1A,001,5.0,5.0,OPT,Y,106
113944,2026,Fall,2268,1,LINGUIS,1A,002,5.0,5.0,OPT,Y,53
114006,2026,Fall,2268,1,LINGUIS,200,001,1.0,1.0,SUS,N,15
125601,2026,Fall,2268,1,LINGUIS,201,001,2.0,2.0,SUS,N,3
114015,2026,Fall,2268,1,LINGUIS,210,001,3.0,3.0,OPT,N,35
114026,2026,Fall,2268,1,LINGUIS,220A,001,3.0,3.0,OPT,N,24
114028,2026,Fall,2268,1,LINGUIS,221,001,3.0,3.0,OPT,N,11
114032,2026,Fall,2268,1,LINGUIS,230,001,3.0,3.0,OPT,N,9
114041,2026,Fall,2268,1,LINGUIS,240A,001,4.0,4.0,OPT,N,14
165050,2026,Fall,2268,1,LINGUIS,260,001,3.0,3.0,OPT,N,6
114055,2026,Fall,2268,1,LINGUIS,270,001,3.0,3.0,OPT,N,0
114074,2026,Fall,2268,1,LINGUIS,290L,001,3.0,3.0,OPT,N,3
114077,2026,Fall,2268,1,LINGUIS,297,001,1.0,2.0,SUS,N,0
114078,2026,Fall,2268,1,LINGUIS,298,001,2.0,8.0,SUS,N,0
114078,2026,Fall,2268,1,LINGUIS,298,002,2.0,8.0,SUS,N,0
114078,2026,Fall,2268,1,LINGUIS,298,003,2.0,8.0,SUS,N,0
114078,2026,Fall,2268,1,LINGUIS,298,004,2.0,8.0,SUS,N,0
114078,2026,Fall,2268,1,LINGUIS,298,005,2.0,8.0,SUS,N,0
114078,2026,Fall,2268,1,LINGUIS,298,006,2.0,8.0,SUS,N,0
114078,2026,Fall,2268,1,LINGUIS,298,007,2.0,8.0,SUS,N,0
114078,2026,Fall,2268,1,LINGUIS,298,008,2.0,8.0,SUS,N,0
114078,2026,Fall,2268,1,LINGUIS,298,009,2.0,8.0,SUS,N,0
114078,2026,Fall,2268,1,LINGUIS,298,010,2.0,8.0,SUS,N,0
114078,2026,Fall,2268,1,LINGUIS,298,011,2.0,8.0,SUS,N,0
114079,2026,Fall,2268,1,LINGUIS,299,001,1.0,12.0,SUS,N,0
114079,2026,Fall,2268,1,LINGUIS,299,002,1.0,12.0,SUS,N,0
114079,2026,Fall,2268,1,LINGUIS,299,003,1.0,12.0,SUS,N,0
114079,2026,Fall,2268,1,LINGUIS,299,004,1.0,12.0,SUS,N,0
114079,2026,Fall,2268,1,LINGUIS,299,005,1.0,12.0,SUS,N,0
114079,2026,Fall,2268,1,LINGUIS,299,006,1.0,12.0,SUS,N,0
114079,2026,Fall,2268,1,LINGUIS,299,007,1.0,12.0,SUS,N,0
114079,2026,Fall,2268,1,LINGUIS,299,008,1.0,12.0,SUS,N,0
114079,2026,Fall,2268,1,LINGUIS,299,009,1.0,12.0,SUS,N,0
114079,2026,Fall,2268,1,LINGUIS,299,010,1.0,12.0,SUS,N,0
114079,2026,Fall,2268,1,LINGUIS,299,011,1.0,12.0,SUS,N,0
114079,2026,Fall,2268,1,LINGUIS,299,012,1.0,12.0,SUS,N,0
114079,2026,Fall,2268,1,LINGUIS,299,013,1.0,12.0,SUS,N,0
114079,2026,Fall,2268,1,LINGUIS,299,014,1.0,12.0,SUS,N,0
114079,2026,Fall,2268,1,LINGUIS,299,015,1.0,12.0,SUS,N,0
114079,2026,Fall,2268,1,LINGUIS,299,016,1.0,12.0,SUS,N,0
114083,2026,Fall,2268,1,LINGUIS,301,001,2.0,4.0,SUS,N,9
114087,2026,Fall,2268,1,LINGUIS,375,001,2.0,2.0,SUS,N,9
114124,2026,Fall,2268,1,LINGUIS,5,001,4.0,4.0,OPT,Y,28
114130,2026,Fall,2268,1,LINGUIS,55AC,001,3.0,3.0,OPT,Y,883
114131,2026,Fall,2268,1,LINGUIS,601,001,1.0,8.0,SUS,N,0
114132,2026,Fall,2268,1,LINGUIS,602,001,1.0,8.0,SUS,N,0
124218,2026,Fall,2268,1,LINGUIS,C142,001,3.0,3.0,OPT,Y,372
124435,2026,Fall,2268,1,LINGUIS,C146,001,3.0,3.0,OPT,Y,146
114148,2026,Fall,2268,1,LINGUIS,H195A,001,2.0,4.0,BMT,N,0
114148,2026,Fall,2268,1,LINGUIS,H195A,002,2.0,4.0,BMT,N,0
114148,2026,Fall,2268,1,LINGUIS,H195A,003,2.0,4.0,BMT,N,0
114148,2026,Fall,2268,1,LINGUIS,H195A,004,2.0,4.0,BMT,N,0
114148,2026,Fall,2268,1,LINGUIS,H195A,005,2.0,4.0,BMT,N,0
114148,2026,Fall,2268,1,LINGUIS,H195A,006,2.0,4.0,BMT,N,0
114148,2026,Fall,2268,1,LINGUIS,H195A,007,2.0,4.0,BMT,N,0
114148,2026,Fall,2268,1,LINGUIS,H195A,008,2.0,4.0,BMT,N,0
114148,2026,Fall,2268,1,LINGUIS,H195A,009,2.0,4.0,BMT,N,0
114148,2026,Fall,2268,1,LINGUIS,H195A,010,2.0,4.0,BMT,N,0
114148,2026,Fall,2268,1,LINGUIS,H195A,011,2.0,4.0,BMT,N,0
114148,2026,Fall,2268,1,LINGUIS,H195A,012,2.0,4.0,BMT,N,0
114148,2026,Fall,2268,1,LINGUIS,H195A,013,2.0,4.0,BMT,N,0
114148,2026,Fall,2268,1,LINGUIS,H195A,014,2.0,4.0,BMT,N,0
114148,2026,Fall,2268,1,LINGUIS,H195A,015,2.0,4.0,BMT,N,0
114148,2026,Fall,2268,1,LINGUIS,H195A,016,2.0,4.0,BMT,N,0
114149,2026,Fall,2268,1,LINGUIS,H195B,001,2.0,4.0,OPT,N,0
114149,2026,Fall,2268,1,LINGUIS,H195B,002,2.0,4.0,OPT,N,0
114149,2026,Fall,2268,1,LINGUIS,H195B,003,2.0,4.0,OPT,N,0
114149,2026,Fall,2268,1,LINGUIS,H195B,004,2.0,4.0,OPT,N,0
114149,2026,Fall,2268,1,LINGUIS,H195B,005,2.0,4.0,OPT,N,0
114149,2026,Fall,2268,1,LINGUIS,H195B,006,2.0,4.0,OPT,N,0
114149,2026,Fall,2268,1,LINGUIS,H195B,007,2.0,4.0,OPT,N,0
114149,2026,Fall,2268,1,LINGUIS,H195B,008,2.0,4.0,OPT,N,0
114149,2026,Fall,2268,1,LINGUIS,H195B,009,2.0,4.0,OPT,N,0
114149,2026,Fall,2268,1,LINGUIS,H195B,010,2.0,4.0,OPT,N,0
114149,2026,Fall,2268,1,LINGUIS,H195B,011,2.0,4.0,OPT,N,0
114149,2026,Fall,2268,1,LINGUIS,H195B,012,2.0,4.0,OPT,N,0
114149,2026,Fall,2268,1,LINGUIS,H195B,013,2.0,4.0,OPT,N,0
114149,2026,Fall,2268,1,LINGUIS,H195B,014,2.0,4.0,OPT,N,0
114149,2026,Fall,2268,1,LINGUIS,H195B,015,2.0,4.0,OPT,N,0
168519,2026,Fall,2268,1,LINGUIS,H195S,001,2.0,2.0,OPT,A,0
114154,2026,Fall,2268,1,LINGUIS,R1B,001,4.0,4.0,GRD,N,555
114154,2026,Fall,2268,1,LINGUIS,R1B,002,4.0,4.0,GRD,N,1042
165254,2026,Fall,2268,1,LS,191A,001,2.0,2.0,BMT,A,96
159627,2026,Fall,2268,1,LS,198,001,1.0,1.0,PNP,A,180
159627,2026,Fall,2268,1,LS,198,002,1.0,1.0,PNP,A,88
159627,2026,Fall,2268,1,LS,198,003,1.0,1.0,PNP,A,97
159627,2026,Fall,2268,1,LS,198,004,1.0,1.0,PNP,A,67
159627,2026,Fall,2268,1,LS,198,005,1.0,1.0,PNP,A,59
159627,2026,Fall,2268,1,LS,198,006,1.0,1.0,PNP,A,46
159627,2026,Fall,2268,1,LS,198,007,1.0,1.0,PNP,A,36
159627,2026,Fall,2268,1,LS,198,008,1.0,1.0,PNP,A,37
159627,2026,Fall,2268,1,LS,198,009,1.0,1.0,PNP,A,22
159627,2026,Fall,2268,1,LS,198,010,1.0,1.0,PNP,A,25
159627,2026,Fall,2268,1,LS,198,011,1.0,1.0,PNP,A,27
159627,2026,Fall,2268,1,LS,198,012,1.0,1.0,PNP,A,40
159627,2026,Fall,2268,1,LS,198,013,1.0,1.0,PNP,A,21
159627,2026,Fall,2268,1,LS,198,014,1.0,1.0,PNP,A,19
159627,2026,Fall,2268,1,LS,198,015,1.0,1.0,PNP,A,17
159627,2026,Fall,2268,1,LS,198,016,1.0,1.0,PNP,A,19
159627,2026,Fall,2268,1,LS,198,017,1.0,1.0,PNP,A,34
159627,2026,Fall,2268,1,LS,198,018,1.0,1.0,PNP,A,19
159627,2026,Fall,2268,1,LS,198,019,1.0,1.0,PNP,A,22
114314,2026,Fall,2268,1,LS,24,001,1.0,1.0,OPT,N,0
160228,2026,Fall,2268,1,LS,C12,001,2.0,3.0,OPT,A,335
161111,2026,Fall,2268,1,LS,C120T,001,4.0,4.0,OPT,Y,0
124262,2026,Fall,2268,1,LS,C140V,001,4.0,4.0,OPT,Y,0
160354,2026,Fall,2268,1,LS,C180Y,001,4.0,4.0,OPT,Y,0
161807,2026,Fall,2268,1,LS,C196C,001,2.0,3.0,OPT,A,78
123924,2026,Fall,2268,1,LS,C70U,001,4.0,4.0,OPT,Y,0
123920,2026,Fall,2268,1,LS,C70V,001,3.0,3.0,OPT,Y,0
124164,2026,Fall,2268,1,LS,C70Y,001,3.0,3.0,OPT,Y,575
163249,2026,Fall,2268,1,MATH,1,001,2.0,2.0,PNP,N,860
163249,2026,Fall,2268,1,MATH,1,002,2.0,2.0,PNP,N,1
114509,2026,Fall,2268,1,MATH,104,001,4.0,4.0,OPT,Y,739
114509,2026,Fall,2268,1,MATH,104,002,4.0,4.0,OPT,Y,362
114509,2026,Fall,2268,1,MATH,104,003,4.0,4.0,OPT,Y,307
114509,2026,Fall,2268,1,MATH,104,004,4.0,4.0,OPT,Y,288
114509,2026,Fall,2268,1,MATH,104,005,4.0,4.0,OPT,Y,229
114509,2026,Fall,2268,1,MATH,104,006,4.0,4.0,OPT,Y,192
114509,2026,Fall,2268,1,MATH,104,007,4.0,4.0,OPT,Y,199
114509,2026,Fall,2268,1,MATH,104,008,4.0,4.0,OPT,Y,158
114509,2026,Fall,2268,1,MATH,104,009,4.0,4.0,OPT,Y,164
114509,2026,Fall,2268,1,MATH,104,10,4.0,4.0,OPT,Y,168
114506,2026,Fall,2268,1,MATH,10A,001,4.0,4.0,OPT,Y,966
114511,2026,Fall,2268,1,MATH,110,001,4.0,4.0,OPT,Y,1054
114514,2026,Fall,2268,1,MATH,113,001,4.0,4.0,OPT,Y,686
114518,2026,Fall,2268,1,MATH,115,001,4.0,4.0,OPT,Y,0
114519,2026,Fall,2268,1,MATH,116,001,4.0,4.0,OPT,Y,0
114520,2026,Fall,2268,1,MATH,118,001,4.0,4.0,OPT,Y,185
114524,2026,Fall,2268,1,MATH,121A,001,4.0,4.0,OPT,Y,159
156293,2026,Fall,2268,1,MATH,124,001,4.0,4.0,OPT,Y,0
156293,2026,Fall,2268,1,MATH,124,002,4.0,4.0,OPT,Y,0
114527,2026,Fall,2268,1,MATH,125A,001,4.0,4.0,OPT,Y,170
114527,2026,Fall,2268,1,MATH,125A,002,4.0,4.0,OPT,Y,0
114529,2026,Fall,2268,1,MATH,126,001,4.0,4.0,OPT,Y,238
114529,2026,Fall,2268,1,MATH,126,002,4.0,4.0,OPT,Y,24
114531,2026,Fall,2268,1,MATH,128A,001,4.0,4.0,OPT,Y,603
114533,2026,Fall,2268,1,MATH,130,001,4.0,4.0,OPT,Y,148
114535,2026,Fall,2268,1,MATH,135,001,4.0,4.0,OPT,Y,0
114536,2026,Fall,2268,1,MATH,136,001,4.0,4.0,OPT,Y,169
114537,2026,Fall,2268,1,MATH,140,001,4.0,4.0,OPT,Y,140
114538,2026,Fall,2268,1,MATH,141,001,4.0,4.0,OPT,Y,0
114539,2026,Fall,2268,1,MATH,142,001,4.0,4.0,OPT,Y,141
114540,2026,Fall,2268,1,MATH,143,001,4.0,4.0,OPT,Y,0
114543,2026,Fall,2268,1,MATH,151,001,4.0,4.0,OPT,Y,31
163246,2026,Fall,2268,1,MATH,156,001,4.0,4.0,OPT,Y,0
114550,2026,Fall,2268,1,MATH,160,001,4.0,4.0,OPT,Y,169
114546,2026,Fall,2268,1,MATH,16A,001,3.0,3.0,OPT,Y,1196
114546,2026,Fall,2268,1,MATH,16A,002,3.0,3.0,OPT,Y,0
114546,2026,Fall,2268,1,MATH,16A,4,3.0,3.0,OPT,Y,0
114548,2026,Fall,2268,1,MATH,16B,001,3.0,3.0,OPT,Y,663
114553,2026,Fall,2268,1,MATH,170,001,4.0,4.0,OPT,Y,200
114554,2026,Fall,2268,1,MATH,172,001,4.0,4.0,OPT,Y,0
114555,2026,Fall,2268,1,MATH,185,001,4.0,4.0,OPT,Y,245
114555,2026,Fall,2268,1,MATH,185,002,4.0,4.0,OPT,Y,140
114555,2026,Fall,2268,1,MATH,185,003,4.0,4.0,OPT,Y,183
114555,2026,Fall,2268,1,MATH,185,004,4.0,4.0,OPT,Y,99
114555,2026,Fall,2268,1,MATH,185,005,4.0,4.0,OPT,Y,115
114555,2026,Fall,2268,1,MATH,185,006,4.0,4.0,OPT,Y,107
114555,2026,Fall,2268,1,MATH,185,007,4.0,4.0,OPT,Y,94
114555,2026,Fall,2268,1,MATH,185,008,4.0,4.0,OPT,Y,89
114559,2026,Fall,2268,1,MATH,191,001,1.0,4.0,OPT,Y,262
114559,2026,Fall,2268,1,MATH,191,002,1.0,4.0,OPT,Y,0
114559,2026,Fall,2268,1,MATH,191,003,1.0,4.0,OPT,Y,0
114561,2026,Fall,2268,1,MATH,196,001,4.0,4.0,OPT,N,0
114561,2026,Fall,2268,1,MATH,196,002,4.0,4.0,OPT,N,0
114561,2026,Fall,2268,1,MATH,196,003,4.0,4.0,OPT,N,0
114561,2026,Fall,2268,1,MATH,196,004,4.0,4.0,OPT,N,0
114561,2026,Fall,2268,1,MATH,196,005,4.0,4.0,OPT,N,0
114561,2026,Fall,2268,1,MATH,196,006,4.0,4.0,OPT,N,0
114561,2026,Fall,2268,1,MATH,196,007,4.0,4.0,OPT,N,0
114561,2026,Fall,2268,1,MATH,196,008,4.0,4.0,OPT,N,0
114561,2026,Fall,2268,1,MATH,196,009,4.0,4.0,OPT,N,0
114561,2026,Fall,2268,1,MATH,196,010,4.0,4.0,OPT,N,0
114561,2026,Fall,2268,1,MATH,196,011,4.0,4.0,OPT,N,0
114561,2026,Fall,2268,1,MATH,196,012,4.0,4.0,OPT,N,0
114562,2026,Fall,2268,1,MATH,197,001,1.0,4.0,PNP,N,0
114562,2026,Fall,2268,1,MATH,197,002,1.0,4.0,PNP,N,0
114562,2026,Fall,2268,1,MATH,197,003,1.0,4.0,PNP,N,0
114564,2026,Fall,2268,1,MATH,198BC,001,1.0,1.0,PNP,N,0
114564,2026,Fall,2268,1,MATH,198BC,002,1.0,1.0,PNP,N,0
114564,2026,Fall,2268,1,MATH,198BC,003,1.0,1.0,PNP,N,0
114564,2026,Fall,2268,1,MATH,198BC,004,1.0,1.0,PNP,N,1
114564,2026,Fall,2268,1,MATH,198BC,005,1.0,1.0,PNP,N,73
114564,2026,Fall,2268,1,MATH,198BC,006,1.0,1.0,PNP,N,40
114564,2026,Fall,2268,1,MATH,198BC,007,1.0,1.0,PNP,N,38
114564,2026,Fall,2268,1,MATH,198BC,008,1.0,1.0,PNP,N,30
114565,2026,Fall,2268,1,MATH,199,001,1.0,4.0,PNP,N,0
114565,2026,Fall,2268,1,MATH,199,002,1.0,4.0,PNP,N,0
114565,2026,Fall,2268,1,MATH,199,003,1.0,4.0,PNP,N,0
114565,2026,Fall,2268,1,MATH,199,004,1.0,4.0,PNP,N,0
114565,2026,Fall,2268,1,MATH,199,005,1.0,4.0,PNP,N,0
114565,2026,Fall,2268,1,MATH,199,006,1.0,4.0,PNP,N,0
114565,2026,Fall,2268,1,MATH,199,007,1.0,4.0,PNP,N,0
114565,2026,Fall,2268,1,MATH,199,008,1.0,4.0,PNP,N,0
114565,2026,Fall,2268,1,MATH,199,009,1.0,4.0,PNP,N,0
114565,2026,Fall,2268,1,MATH,199,010,1.0,4.0,PNP,N,0
114565,2026,Fall,2268,1,MATH,199,011,1.0,4.0,PNP,N,0
114565,2026,Fall,2268,1,MATH,199,012,1.0,4.0,PNP,N,0
114565,2026,Fall,2268,1,MATH,199,013,1.0,4.0,PNP,N,0
114565,2026,Fall,2268,1,MATH,199,014,1.0,4.0,PNP,N,0
114565,2026,Fall,2268,1,MATH,199,015,1.0,4.0,PNP,N,0
114565,2026,Fall,2268,1,MATH,199,016,1.0,4.0,PNP,N,0
114565,2026,Fall,2268,1,MATH,199,017,1.0,4.0,PNP,N,0
114565,2026,Fall,2268,1,MATH,199,018,1.0,4.0,PNP,N,0
114568,2026,Fall,2268,1,MATH,202A,001,4.0,4.0,OPT,Y,191
114568,2026,Fall,2268,1,MATH,202A,002,4.0,4.0,OPT,Y,0
114571,2026,Fall,2268,1,MATH,204,001,4.0,4.0,OPT,N,0
114575,2026,Fall,2268,1,MATH,206,001,4.0,4.0,OPT,N,113
114575,2026,Fall,2268,1,MATH,206,002,4.0,4.0,OPT,N,0
114581,2026,Fall,2268,1,MATH,212,001,4.0,4.0,OPT,N,0
114584,2026,Fall,2268,1,MATH,214,001,4.0,4.0,OPT,Y,76
114585,2026,Fall,2268,1,MATH,215A,001,4.0,4.0,OPT,Y,94
114585,2026,Fall,2268,1,MATH,215A,002,4.0,4.0,OPT,Y,0
114587,2026,Fall,2268,1,MATH,219,001,4.0,4.0,OPT,N,62
114591,2026,Fall,2268,1,MATH,221,001,4.0,4.0,OPT,Y,109
114592,2026,Fall,2268,1,MATH,222A,001,4.0,4.0,OPT,Y,86
114594,2026,Fall,2268,1,MATH,224A,001,4.0,4.0,OPT,Y,53
114594,2026,Fall,2268,1,MATH,224A,002,4.0,4.0,OPT,Y,0
114596,2026,Fall,2268,1,MATH,225A,001,4.0,4.0,OPT,Y,84
114605,2026,Fall,2268,1,MATH,235A,001,4.0,4.0,OPT,Y,0
114607,2026,Fall,2268,1,MATH,236,001,4.0,4.0,OPT,N,0
114609,2026,Fall,2268,1,MATH,24,001,1.0,1.0,OPT,Y,0
114609,2026,Fall,2268,1,MATH,24,002,1.0,1.0,OPT,Y,0
114610,2026,Fall,2268,1,MATH,240,001,4.0,4.0,OPT,Y,0
114611,2026,Fall,2268,1,MATH,241,001,4.0,4.0,OPT,N,0
114612,2026,Fall,2268,1,MATH,242,001,4.0,4.0,OPT,N,48
114615,2026,Fall,2268,1,MATH,249,001,4.0,4.0,OPT,N,60
114616,2026,Fall,2268,1,MATH,250A,001,4.0,4.0,OPT,Y,137
114618,2026,Fall,2268,1,MATH,251,001,4.0,4.0,OPT,Y,0
114619,2026,Fall,2268,1,MATH,252,001,4.0,4.0,OPT,N,0
114620,2026,Fall,2268,1,MATH,253,001,4.0,4.0,OPT,N,0
114621,2026,Fall,2268,1,MATH,254A,001,4.0,4.0,OPT,Y,165
114623,2026,Fall,2268,1,MATH,255,001,4.0,4.0,OPT,N,0
114626,2026,Fall,2268,1,MATH,256A,001,4.0,4.0,OPT,Y,90
114626,2026,Fall,2268,1,MATH,256A,002,4.0,4.0,OPT,Y,0
114629,2026,Fall,2268,1,MATH,258,001,4.0,4.0,OPT,Y,0
114632,2026,Fall,2268,1,MATH,261A,001,4.0,4.0,OPT,Y,93
114633,2026,Fall,2268,1,MATH,261B,001,4.0,4.0,OPT,N,0
114635,2026,Fall,2268,1,MATH,270,001,2.0,2.0,SUS,N,29
157871,2026,Fall,2268,1,MATH,272,001,1.0,4.0,OPT,N,0
114649,2026,Fall,2268,1,MATH,274,001,4.0,4.0,OPT,N,36
114649,2026,Fall,2268,1,MATH,274,002,4.0,4.0,OPT,N,39
114650,2026,Fall,2268,1,MATH,275,001,4.0,4.0,OPT,N,0
114650,2026,Fall,2268,1,MATH,275,002,4.0,4.0,OPT,N,0
114651,2026,Fall,2268,1,MATH,276,001,4.0,4.0,OPT,N,0
114652,2026,Fall,2268,1,MATH,277,001,4.0,4.0,OPT,N,0
114653,2026,Fall,2268,1,MATH,278,001,4.0,4.0,OPT,N,10
114654,2026,Fall,2268,1,MATH,279,001,4.0,4.0,OPT,Y,43
114657,2026,Fall,2268,1,MATH,290,001,1.0,6.0,OPT,N,0
114657,2026,Fall,2268,1,MATH,290,002,1.0,6.0,OPT,N,0
114657,2026,Fall,2268,1,MATH,290,003,1.0,6.0,OPT,N,0
114657,2026,Fall,2268,1,MATH,290,004,1.0,6.0,OPT,N,0
114657,2026,Fall,2268,1,MATH,290,005,1.0,6.0,OPT,N,0
114657,2026,Fall,2268,1,MATH,290,006,1.0,6.0,OPT,N,0
114657,2026,Fall,2268,1,MATH,290,007,1.0,6.0,OPT,N,0
114657,2026,Fall,2268,1,MATH,290,008,1.0,6.0,OPT,N,0
114657,2026,Fall,2268,1,MATH,290,009,1.0,6.0,OPT,N,0
114657,2026,Fall,2268,1,MATH,290,010,1.0,6.0,OPT,N,0
114657,2026,Fall,2268,1,MATH,290,011,1.0,6.0,OPT,N,0
114657,2026,Fall,2268,1,MATH,290,012,1.0,6.0,OPT,N,0
114657,2026,Fall,2268,1,MATH,290,013,1.0,6.0,OPT,N,0
114657,2026,Fall,2268,1,MATH,290,014,1.0,6.0,OPT,N,0
114657,2026,Fall,2268,1,MATH,290,015,1.0,6.0,OPT,N,0
114657,2026,Fall,2268,1,MATH,290,016,1.0,6.0,OPT,N,0
114657,2026,Fall,2268,1,MATH,290,017,1.0,6.0,OPT,N,0
114657,2026,Fall,2268,1,MATH,290,018,1.0,6.0,OPT,N,0
114657,2026,Fall,2268,1,MATH,290,019,1.0,6.0,OPT,N,0
114657,2026,Fall,2268,1,MATH,290,020,1.0,6.0,OPT,N,0
114657,2026,Fall,2268,1,MATH,290,021,1.0,6.0,OPT,N,0
114657,2026,Fall,2268,1,MATH,290,022,1.0,6.0,OPT,N,0
114657,2026,Fall,2268,1,MATH,290,023,1.0,6.0,OPT,N,0
114657,2026,Fall,2268,1,MATH,290,024,1.0,6.0,OPT,N,0
114657,2026,Fall,2268,1,MATH,290,025,1.0,6.0,OPT,N,0
114657,2026,Fall,2268,1,MATH,290,026,1.0,6.0,OPT,N,0
114657,2026,Fall,2268,1,MATH,290,027,1.0,6.0,OPT,N,0
114657,2026,Fall,2268,1,MATH,290,028,1.0,6.0,OPT,N,0
114657,2026,Fall,2268,1,MATH,290,29,1.0,6.0,OPT,N,0
114657,2026,Fall,2268,1,MATH,290,30,1.0,6.0,OPT,N,0
114657,2026,Fall,2268,1,MATH,290,31,1.0,6.0,OPT,N,0
114657,2026,Fall,2268,1,MATH,290,32,1.0,6.0,OPT,N,0
114657,2026,Fall,2268,1,MATH,290,33,1.0,6.0,OPT,N,0
114657,2026,Fall,2268,1,MATH,290,34,1.0,6.0,OPT,N,0
114657,2026,Fall,2268,1,MATH,290,35,1.0,6.0,OPT,N,0
114658,2026,Fall,2268,1,MATH,295,001,1.0,12.0,OPT,N,0
114658,2026,Fall,2268,1,MATH,295,002,1.0,12.0,OPT,N,0
114658,2026,Fall,2268,1,MATH,295,003,1.0,12.0,OPT,N,0
114658,2026,Fall,2268,1,MATH,295,004,1.0,12.0,OPT,N,0
114658,2026,Fall,2268,1,MATH,295,005,1.0,12.0,OPT,N,0
114658,2026,Fall,2268,1,MATH,295,006,1.0,12.0,OPT,N,0
114658,2026,Fall,2268,1,MATH,295,007,1.0,12.0,OPT,N,0
114658,2026,Fall,2268,1,MATH,295,008,1.0,12.0,OPT,N,0
114658,2026,Fall,2268,1,MATH,295,009,1.0,12.0,OPT,N,0
114658,2026,Fall,2268,1,MATH,295,010,1.0,12.0,OPT,N,0
114658,2026,Fall,2268,1,MATH,295,011,1.0,12.0,OPT,N,0
114658,2026,Fall,2268,1,MATH,295,012,1.0,12.0,OPT,N,0
114658,2026,Fall,2268,1,MATH,295,013,1.0,12.0,OPT,N,0
114658,2026,Fall,2268,1,MATH,295,014,1.0,12.0,OPT,N,0
114658,2026,Fall,2268,1,MATH,295,015,1.0,12.0,OPT,N,0
114658,2026,Fall,2268,1,MATH,295,016,1.0,12.0,OPT,N,0
114658,2026,Fall,2268,1,MATH,295,017,1.0,12.0,OPT,N,0
114658,2026,Fall,2268,1,MATH,295,018,1.0,12.0,OPT,N,0
114658,2026,Fall,2268,1,MATH,295,019,1.0,12.0,OPT,N,0
114658,2026,Fall,2268,1,MATH,295,020,1.0,12.0,OPT,N,0
114658,2026,Fall,2268,1,MATH,295,021,1.0,12.0,OPT,N,0
114658,2026,Fall,2268,1,MATH,295,022,1.0,12.0,OPT,N,0
114658,2026,Fall,2268,1,MATH,295,023,1.0,12.0,OPT,N,0
114658,2026,Fall,2268,1,MATH,295,024,1.0,12.0,OPT,N,0
114658,2026,Fall,2268,1,MATH,295,025,1.0,12.0,OPT,N,0
114658,2026,Fall,2268,1,MATH,295,026,1.0,12.0,OPT,N,0
114658,2026,Fall,2268,1,MATH,295,027,1.0,12.0,OPT,N,0
114658,2026,Fall,2268,1,MATH,295,028,1.0,12.0,OPT,N,0
114658,2026,Fall,2268,1,MATH,295,029,1.0,12.0,OPT,N,0
114658,2026,Fall,2268,1,MATH,295,030,1.0,12.0,OPT,N,0
114658,2026,Fall,2268,1,MATH,295,031,1.0,12.0,OPT,N,0
114658,2026,Fall,2268,1,MATH,295,032,1.0,12.0,OPT,N,0
114658,2026,Fall,2268,1,MATH,295,033,1.0,12.0,OPT,N,0
114658,2026,Fall,2268,1,MATH,295,034,1.0,12.0,OPT,N,0
114658,2026,Fall,2268,1,MATH,295,035,1.0,12.0,OPT,N,0
114658,2026,Fall,2268,1,MATH,295,036,1.0,12.0,OPT,N,0
114658,2026,Fall,2268,1,MATH,295,037,1.0,12.0,OPT,N,0
114658,2026,Fall,2268,1,MATH,295,038,1.0,12.0,OPT,N,0
114658,2026,Fall,2268,1,MATH,295,039,1.0,12.0,OPT,N,0
114658,2026,Fall,2268,1,MATH,295,040,1.0,12.0,OPT,N,0
114658,2026,Fall,2268,1,MATH,295,041,1.0,12.0,OPT,N,0
114658,2026,Fall,2268,1,MATH,295,042,1.0,12.0,OPT,N,0
114658,2026,Fall,2268,1,MATH,295,043,1.0,12.0,OPT,N,0
114658,2026,Fall,2268,1,MATH,295,044,1.0,12.0,OPT,N,0
114658,2026,Fall,2268,1,MATH,295,045,1.0,12.0,OPT,N,0
114658,2026,Fall,2268,1,MATH,295,046,1.0,12.0,OPT,N,0
114658,2026,Fall,2268,1,MATH,295,047,1.0,12.0,OPT,N,0
114658,2026,Fall,2268,1,MATH,295,048,1.0,12.0,OPT,N,0
114658,2026,Fall,2268,1,MATH,295,049,1.0,12.0,OPT,N,0
114658,2026,Fall,2268,1,MATH,295,050,1.0,12.0,OPT,N,0
114658,2026,Fall,2268,1,MATH,295,051,1.0,12.0,OPT,N,0
114658,2026,Fall,2268,1,MATH,295,052,1.0,12.0,OPT,N,0
114658,2026,Fall,2268,1,MATH,295,053,1.0,12.0,OPT,N,0
114658,2026,Fall,2268,1,MATH,295,054,1.0,12.0,OPT,N,0
114658,2026,Fall,2268,1,MATH,295,055,1.0,12.0,OPT,N,0
114658,2026,Fall,2268,1,MATH,295,056,1.0,12.0,OPT,N,0
114658,2026,Fall,2268,1,MATH,295,057,1.0,12.0,OPT,N,0
114658,2026,Fall,2268,1,MATH,295,058,1.0,12.0,OPT,N,0
114658,2026,Fall,2268,1,MATH,295,059,1.0,12.0,OPT,N,0
114658,2026,Fall,2268,1,MATH,295,060,1.0,12.0,OPT,N,0
114658,2026,Fall,2268,1,MATH,295,061,1.0,12.0,OPT,N,0
114658,2026,Fall,2268,1,MATH,295,062,1.0,12.0,OPT,N,0
114658,2026,Fall,2268,1,MATH,295,063,1.0,12.0,OPT,N,0
114658,2026,Fall,2268,1,MATH,295,064,1.0,12.0,OPT,N,0
114658,2026,Fall,2268,1,MATH,295,065,1.0,12.0,OPT,N,0
114658,2026,Fall,2268,1,MATH,295,066,1.0,12.0,OPT,N,0
114658,2026,Fall,2268,1,MATH,295,067,1.0,12.0,OPT,N,0
114658,2026,Fall,2268,1,MATH,295,68,1.0,12.0,IOP,N,0
114658,2026,Fall,2268,1,MATH,295,69,1.0,12.0,IOP,N,0
114658,2026,Fall,2268,1,MATH,295,70,1.0,12.0,IOP,N,0
114659,2026,Fall,2268,1,MATH,299,001,1.0,6.0,OPT,N,0
114659,2026,Fall,2268,1,MATH,299,002,1.0,6.0,OPT,N,0
114659,2026,Fall,2268,1,MATH,299,003,1.0,6.0,OPT,N,0
114659,2026,Fall,2268,1,MATH,299,004,1.0,6.0,OPT,N,0
114659,2026,Fall,2268,1,MATH,299,005,1.0,6.0,OPT,N,0
114659,2026,Fall,2268,1,MATH,299,006,1.0,6.0,OPT,N,0
114659,2026,Fall,2268,1,MATH,299,007,1.0,6.0,OPT,N,0
114659,2026,Fall,2268,1,MATH,299,008,1.0,6.0,OPT,N,0
114659,2026,Fall,2268,1,MATH,299,009,1.0,6.0,OPT,N,0
114659,2026,Fall,2268,1,MATH,299,010,1.0,6.0,OPT,N,0
114659,2026,Fall,2268,1,MATH,299,011,1.0,6.0,OPT,N,0
114659,2026,Fall,2268,1,MATH,299,012,1.0,6.0,OPT,N,0
114659,2026,Fall,2268,1,MATH,299,013,1.0,6.0,OPT,N,0
114659,2026,Fall,2268,1,MATH,299,014,1.0,6.0,OPT,N,0
114659,2026,Fall,2268,1,MATH,299,015,1.0,6.0,OPT,N,0
114659,2026,Fall,2268,1,MATH,299,016,1.0,6.0,OPT,N,0
114659,2026,Fall,2268,1,MATH,299,017,1.0,6.0,OPT,N,0
114659,2026,Fall,2268,1,MATH,299,018,1.0,6.0,OPT,N,0
114659,2026,Fall,2268,1,MATH,299,019,1.0,6.0,OPT,N,0
114659,2026,Fall,2268,1,MATH,299,020,1.0,6.0,OPT,N,0
114659,2026,Fall,2268,1,MATH,299,021,1.0,6.0,OPT,N,0
114659,2026,Fall,2268,1,MATH,299,022,1.0,6.0,OPT,N,0
114659,2026,Fall,2268,1,MATH,299,023,1.0,6.0,OPT,N,0
114659,2026,Fall,2268,1,MATH,299,024,1.0,6.0,OPT,N,0
114659,2026,Fall,2268,1,MATH,299,025,1.0,6.0,OPT,N,0
114659,2026,Fall,2268,1,MATH,299,026,1.0,6.0,OPT,N,0
114659,2026,Fall,2268,1,MATH,299,027,1.0,6.0,OPT,N,0
114659,2026,Fall,2268,1,MATH,299,028,1.0,6.0,OPT,N,0
114659,2026,Fall,2268,1,MATH,299,029,1.0,6.0,OPT,N,0
114659,2026,Fall,2268,1,MATH,299,030,1.0,6.0,OPT,N,0
114659,2026,Fall,2268,1,MATH,299,031,1.0,6.0,OPT,N,0
114659,2026,Fall,2268,1,MATH,299,032,1.0,6.0,OPT,N,0
114659,2026,Fall,2268,1,MATH,299,033,1.0,6.0,OPT,N,0
114659,2026,Fall,2268,1,MATH,299,034,1.0,6.0,OPT,N,0
114659,2026,Fall,2268,1,MATH,299,035,1.0,6.0,OPT,N,0
114659,2026,Fall,2268,1,MATH,299,036,1.0,6.0,OPT,N,0
114659,2026,Fall,2268,1,MATH,299,037,1.0,6.0,OPT,N,0
114659,2026,Fall,2268,1,MATH,299,038,1.0,6.0,OPT,N,0
114659,2026,Fall,2268,1,MATH,299,039,1.0,6.0,OPT,N,0
114659,2026,Fall,2268,1,MATH,299,040,1.0,6.0,OPT,N,0
114659,2026,Fall,2268,1,MATH,299,041,1.0,6.0,OPT,N,0
114659,2026,Fall,2268,1,MATH,299,042,1.0,6.0,OPT,N,0
114659,2026,Fall,2268,1,MATH,299,043,1.0,6.0,OPT,N,0
114659,2026,Fall,2268,1,MATH,299,044,1.0,6.0,OPT,N,0
114659,2026,Fall,2268,1,MATH,299,045,1.0,6.0,OPT,N,0
114659,2026,Fall,2268,1,MATH,299,046,1.0,6.0,OPT,N,0
114659,2026,Fall,2268,1,MATH,299,047,1.0,6.0,OPT,N,0
114659,2026,Fall,2268,1,MATH,299,048,1.0,6.0,OPT,N,0
114659,2026,Fall,2268,1,MATH,299,049,1.0,6.0,OPT,N,0
114659,2026,Fall,2268,1,MATH,299,050,1.0,6.0,OPT,N,0
114659,2026,Fall,2268,1,MATH,299,051,1.0,6.0,OPT,N,0
114659,2026,Fall,2268,1,MATH,299,052,1.0,6.0,OPT,N,0
114659,2026,Fall,2268,1,MATH,299,053,1.0,6.0,OPT,N,0
114659,2026,Fall,2268,1,MATH,299,054,1.0,6.0,OPT,N,0
114659,2026,Fall,2268,1,MATH,299,055,1.0,6.0,OPT,N,0
114659,2026,Fall,2268,1,MATH,299,056,1.0,6.0,OPT,N,0
114659,2026,Fall,2268,1,MATH,299,057,1.0,6.0,OPT,N,0
114659,2026,Fall,2268,1,MATH,299,058,1.0,6.0,OPT,N,0
114659,2026,Fall,2268,1,MATH,299,059,1.0,6.0,OPT,N,0
114659,2026,Fall,2268,1,MATH,299,060,1.0,6.0,OPT,N,0
114659,2026,Fall,2268,1,MATH,299,061,1.0,6.0,OPT,N,0
114659,2026,Fall,2268,1,MATH,299,062,1.0,6.0,OPT,N,0
114659,2026,Fall,2268,1,MATH,299,063,1.0,6.0,OPT,N,0
114659,2026,Fall,2268,1,MATH,299,064,1.0,6.0,OPT,N,0
114659,2026,Fall,2268,1,MATH,299,065,1.0,6.0,OPT,N,0
114659,2026,Fall,2268,1,MATH,299,66,1.0,6.0,OPT,N,0
114659,2026,Fall,2268,1,MATH,299,67,1.0,6.0,IOP,N,0
114659,2026,Fall,2268,1,MATH,299,68,1.0,6.0,IOP,N,0
114659,2026,Fall,2268,1,MATH,299,69,1.0,6.0,IOP,N,0
114666,2026,Fall,2268,1,MATH,3,001,4.0,4.0,OPT,Y,296
114666,2026,Fall,2268,1,MATH,3,002,4.0,4.0,OPT,Y,0
114663,2026,Fall,2268,1,MATH,301,001,1.0,2.0,PNP,N,0
114663,2026,Fall,2268,1,MATH,301,002,1.0,2.0,PNP,N,0
114665,2026,Fall,2268,1,MATH,303,001,2.0,4.0,SUS,N,0
114695,2026,Fall,2268,1,MATH,49,001,1.0,3.0,OPT,N,0
114695,2026,Fall,2268,1,MATH,49,002,1.0,3.0,OPT,N,0
114695,2026,Fall,2268,1,MATH,49,003,1.0,3.0,OPT,N,0
114695,2026,Fall,2268,1,MATH,49,004,1.0,3.0,OPT,N,0
114695,2026,Fall,2268,1,MATH,49,005,1.0,3.0,OPT,N,0
114695,2026,Fall,2268,1,MATH,49,006,1.0,3.0,OPT,N,0
114695,2026,Fall,2268,1,MATH,49,007,1.0,3.0,OPT,N,0
114695,2026,Fall,2268,1,MATH,49,008,1.0,3.0,OPT,N,0
114695,2026,Fall,2268,1,MATH,49,009,1.0,3.0,OPT,N,0
114496,2026,Fall,2268,1,MATH,51,001,4.0,4.0,OPT,Y,2234
114496,2026,Fall,2268,1,MATH,51,002,4.0,4.0,OPT,Y,995
114500,2026,Fall,2268,1,MATH,52,001,4.0,4.0,OPT,Y,2516
114500,2026,Fall,2268,1,MATH,52,002,4.0,4.0,OPT,Y,1319
114702,2026,Fall,2268,1,MATH,53,001,4.0,4.0,OPT,Y,2391
114702,2026,Fall,2268,1,MATH,53,002,4.0,4.0,OPT,Y,1936
114705,2026,Fall,2268,1,MATH,54,001,4.0,4.0,OPT,Y,3272
114705,2026,Fall,2268,1,MATH,54,002,4.0,4.0,OPT,Y,1720
114708,2026,Fall,2268,1,MATH,55,001,4.0,4.0,OPT,Y,1158
162988,2026,Fall,2268,1,MATH,56,001,4.0,4.0,OPT,Y,6
114709,2026,Fall,2268,1,MATH,600,001,1.0,6.0,SUS,N,0
114709,2026,Fall,2268,1,MATH,600,002,1.0,6.0,SUS,N,0
114709,2026,Fall,2268,1,MATH,600,003,1.0,6.0,SUS,N,0
114709,2026,Fall,2268,1,MATH,600,004,1.0,6.0,SUS,N,0
114709,2026,Fall,2268,1,MATH,600,005,1.0,6.0,SUS,N,0
114709,2026,Fall,2268,1,MATH,600,006,1.0,6.0,SUS,N,0
114709,2026,Fall,2268,1,MATH,600,007,1.0,6.0,SUS,N,0
114709,2026,Fall,2268,1,MATH,600,008,1.0,6.0,SUS,N,0
114709,2026,Fall,2268,1,MATH,600,009,1.0,6.0,SUS,N,0
114709,2026,Fall,2268,1,MATH,600,010,1.0,6.0,SUS,N,0
114710,2026,Fall,2268,1,MATH,602,001,1.0,8.0,SUS,N,0
114710,2026,Fall,2268,1,MATH,602,002,1.0,8.0,SUS,N,0
114710,2026,Fall,2268,1,MATH,602,003,1.0,8.0,SUS,N,0
114710,2026,Fall,2268,1,MATH,602,004,1.0,8.0,SUS,N,0
114710,2026,Fall,2268,1,MATH,602,005,1.0,8.0,SUS,N,0
114710,2026,Fall,2268,1,MATH,602,006,1.0,8.0,SUS,N,0
114710,2026,Fall,2268,1,MATH,602,007,1.0,8.0,SUS,N,0
114710,2026,Fall,2268,1,MATH,602,008,1.0,8.0,SUS,N,0
114710,2026,Fall,2268,1,MATH,602,009,1.0,8.0,SUS,N,0
114710,2026,Fall,2268,1,MATH,602,010,1.0,8.0,SUS,N,0
114710,2026,Fall,2268,1,MATH,602,011,1.0,8.0,SUS,N,0
114710,2026,Fall,2268,1,MATH,602,012,1.0,8.0,SUS,N,0
114710,2026,Fall,2268,1,MATH,602,013,1.0,8.0,SUS,N,0
114710,2026,Fall,2268,1,MATH,602,014,1.0,8.0,SUS,N,0
114710,2026,Fall,2268,1,MATH,602,015,1.0,8.0,SUS,N,0
114710,2026,Fall,2268,1,MATH,602,016,1.0,8.0,SUS,N,0
114710,2026,Fall,2268,1,MATH,602,017,1.0,8.0,SUS,N,0
114710,2026,Fall,2268,1,MATH,602,018,1.0,8.0,SUS,N,0
114710,2026,Fall,2268,1,MATH,602,019,1.0,8.0,SUS,N,0
114710,2026,Fall,2268,1,MATH,602,020,1.0,8.0,SUS,N,0
114710,2026,Fall,2268,1,MATH,602,021,1.0,8.0,SUS,N,0
114710,2026,Fall,2268,1,MATH,602,022,1.0,8.0,SUS,N,0
114710,2026,Fall,2268,1,MATH,602,023,1.0,8.0,SUS,N,0
114710,2026,Fall,2268,1,MATH,602,024,1.0,8.0,SUS,N,0
114710,2026,Fall,2268,1,MATH,602,025,1.0,8.0,SUS,N,0
114710,2026,Fall,2268,1,MATH,602,026,1.0,8.0,SUS,N,0
114710,2026,Fall,2268,1,MATH,602,027,1.0,8.0,SUS,N,0
114710,2026,Fall,2268,1,MATH,602,028,1.0,8.0,SUS,N,0
114710,2026,Fall,2268,1,MATH,602,029,1.0,8.0,SUS,N,0
114710,2026,Fall,2268,1,MATH,602,030,1.0,8.0,SUS,N,0
114710,2026,Fall,2268,1,MATH,602,031,1.0,8.0,SUS,N,0
114710,2026,Fall,2268,1,MATH,602,032,1.0,8.0,SUS,N,0
114710,2026,Fall,2268,1,MATH,602,033,1.0,8.0,SUS,N,0
114710,2026,Fall,2268,1,MATH,602,034,1.0,8.0,SUS,N,0
114710,2026,Fall,2268,1,MATH,602,035,1.0,8.0,SUS,N,0
114710,2026,Fall,2268,1,MATH,602,036,1.0,8.0,SUS,N,0
114710,2026,Fall,2268,1,MATH,602,037,1.0,8.0,SUS,N,0
114710,2026,Fall,2268,1,MATH,602,038,1.0,8.0,SUS,N,0
114710,2026,Fall,2268,1,MATH,602,039,1.0,8.0,SUS,N,0
114710,2026,Fall,2268,1,MATH,602,040,1.0,8.0,SUS,N,0
114710,2026,Fall,2268,1,MATH,602,041,1.0,8.0,SUS,N,0
114710,2026,Fall,2268,1,MATH,602,042,1.0,8.0,SUS,N,0
114710,2026,Fall,2268,1,MATH,602,043,1.0,8.0,SUS,N,0
114710,2026,Fall,2268,1,MATH,602,044,1.0,8.0,SUS,N,0
114710,2026,Fall,2268,1,MATH,602,045,1.0,8.0,SUS,N,0
114710,2026,Fall,2268,1,MATH,602,046,1.0,8.0,SUS,N,0
114710,2026,Fall,2268,1,MATH,602,047,1.0,8.0,SUS,N,0
114710,2026,Fall,2268,1,MATH,602,048,1.0,8.0,SUS,N,0
114710,2026,Fall,2268,1,MATH,602,049,1.0,8.0,SUS,N,0
114710,2026,Fall,2268,1,MATH,602,050,1.0,8.0,SUS,N,0
114710,2026,Fall,2268,1,MATH,602,051,1.0,8.0,SUS,N,0
114710,2026,Fall,2268,1,MATH,602,052,1.0,8.0,SUS,N,0
114710,2026,Fall,2268,1,MATH,602,053,1.0,8.0,SUS,N,0
114710,2026,Fall,2268,1,MATH,602,054,1.0,8.0,SUS,N,0
114710,2026,Fall,2268,1,MATH,602,055,1.0,8.0,SUS,N,0
114710,2026,Fall,2268,1,MATH,602,056,1.0,8.0,SUS,N,0
114710,2026,Fall,2268,1,MATH,602,057,1.0,8.0,SUS,N,0
114710,2026,Fall,2268,1,MATH,602,058,1.0,8.0,SUS,N,0
114710,2026,Fall,2268,1,MATH,602,059,1.0,8.0,SUS,N,0
114710,2026,Fall,2268,1,MATH,602,060,1.0,8.0,SUS,N,0
114710,2026,Fall,2268,1,MATH,602,061,1.0,8.0,SUS,N,0
114710,2026,Fall,2268,1,MATH,602,062,1.0,8.0,SUS,N,0
114710,2026,Fall,2268,1,MATH,602,063,1.0,8.0,SUS,N,0
114710,2026,Fall,2268,1,MATH,602,064,1.0,8.0,SUS,N,0
114710,2026,Fall,2268,1,MATH,602,065,1.0,8.0,SUS,N,0
114710,2026,Fall,2268,1,MATH,602,066,1.0,8.0,SUS,N,0
114710,2026,Fall,2268,1,MATH,602,067,1.0,8.0,SUS,N,0
114710,2026,Fall,2268,1,MATH,602,068,1.0,8.0,SUS,N,0
114710,2026,Fall,2268,1,MATH,602,69,1.0,8.0,SUS,N,0
114712,2026,Fall,2268,1,MATH,74,001,3.0,3.0,OPT,Y,133
114713,2026,Fall,2268,1,MATH,84,001,1.0,1.0,OPT,Y,7
114714,2026,Fall,2268,1,MATH,91,001,4.0,4.0,OPT,Y,0
114714,2026,Fall,2268,1,MATH,91,002,4.0,4.0,OPT,Y,0
114717,2026,Fall,2268,1,MATH,98BC,001,1.0,1.0,PNP,N,1
114717,2026,Fall,2268,1,MATH,98BC,002,1.0,1.0,PNP,N,0
114717,2026,Fall,2268,1,MATH,98BC,003,1.0,1.0,PNP,N,86
114717,2026,Fall,2268,1,MATH,98BC,004,1.0,1.0,PNP,N,68
114718,2026,Fall,2268,1,MATH,99,001,1.0,4.0,PNP,N,0
124209,2026,Fall,2268,1,MATH,C103,001,4.0,4.0,OPT,Y,0
124364,2026,Fall,2268,1,MATH,C218A,001,4.0,4.0,OPT,N,108
124362,2026,Fall,2268,1,MATH,C223A,001,3.0,3.0,OPT,N,0
114724,2026,Fall,2268,1,MATH,H104,001,4.0,4.0,OPT,Y,306
114726,2026,Fall,2268,1,MATH,H113,001,4.0,4.0,OPT,Y,192
114731,2026,Fall,2268,1,MATH,H185,001,4.0,4.0,OPT,Y,115
114735,2026,Fall,2268,1,MATH,H53,001,4.0,4.0,OPT,Y,0
114783,2026,Fall,2268,1,MATSCI,102,001,3.0,3.0,OPT,Y,155
114788,2026,Fall,2268,1,MATSCI,113,001,3.0,3.0,OPT,Y,131
114797,2026,Fall,2268,1,MATSCI,123,001,4.0,4.0,OPT,Y,194
164847,2026,Fall,2268,1,MATSCI,131,001,3.0,3.0,OPT,N,163
161632,2026,Fall,2268,1,MATSCI,159,001,3.0,3.0,OPT,N,111
114819,2026,Fall,2268,1,MATSCI,199,001,1.0,4.0,PNP,N,0
114819,2026,Fall,2268,1,MATSCI,199,002,1.0,4.0,PNP,N,0
114819,2026,Fall,2268,1,MATSCI,199,003,1.0,4.0,PNP,N,0
114819,2026,Fall,2268,1,MATSCI,199,004,1.0,4.0,PNP,N,0
114819,2026,Fall,2268,1,MATSCI,199,005,1.0,4.0,PNP,N,0
114819,2026,Fall,2268,1,MATSCI,199,006,1.0,4.0,PNP,N,0
114819,2026,Fall,2268,1,MATSCI,199,007,1.0,4.0,PNP,N,0
114819,2026,Fall,2268,1,MATSCI,199,008,1.0,4.0,PNP,N,0
114819,2026,Fall,2268,1,MATSCI,199,009,1.0,4.0,PNP,N,0
114819,2026,Fall,2268,1,MATSCI,199,010,1.0,4.0,PNP,N,0
114819,2026,Fall,2268,1,MATSCI,199,011,1.0,4.0,PNP,N,0
114819,2026,Fall,2268,1,MATSCI,199,012,1.0,4.0,PNP,N,0
114819,2026,Fall,2268,1,MATSCI,199,013,1.0,4.0,PNP,N,0
114819,2026,Fall,2268,1,MATSCI,199,014,1.0,4.0,PNP,N,0
114819,2026,Fall,2268,1,MATSCI,199,015,1.0,4.0,PNP,N,0
114819,2026,Fall,2268,1,MATSCI,199,016,1.0,4.0,PNP,N,0
114819,2026,Fall,2268,1,MATSCI,199,017,1.0,4.0,PNP,N,0
114819,2026,Fall,2268,1,MATSCI,199,018,1.0,4.0,PNP,N,0
114819,2026,Fall,2268,1,MATSCI,199,019,1.0,4.0,PNP,N,0
114819,2026,Fall,2268,1,MATSCI,199,020,1.0,4.0,PNP,N,0
114819,2026,Fall,2268,1,MATSCI,199,021,1.0,4.0,PNP,N,0
114819,2026,Fall,2268,1,MATSCI,199,022,1.0,4.0,PNP,N,0
114819,2026,Fall,2268,1,MATSCI,199,023,1.0,4.0,PNP,N,0
114820,2026,Fall,2268,1,MATSCI,200A,001,4.0,4.0,OPT,Y,81
114822,2026,Fall,2268,1,MATSCI,201A,001,4.0,4.0,OPT,Y,56
114846,2026,Fall,2268,1,MATSCI,24,001,1.0,1.0,PNP,Y,136
114867,2026,Fall,2268,1,MATSCI,296A,001,1.0,2.0,SUS,N,12
114869,2026,Fall,2268,1,MATSCI,298,001,1.0,8.0,SUS,N,3
114869,2026,Fall,2268,1,MATSCI,298,002,1.0,8.0,SUS,N,0
114869,2026,Fall,2268,1,MATSCI,298,003,1.0,8.0,SUS,N,1
114869,2026,Fall,2268,1,MATSCI,298,004,1.0,8.0,SUS,N,1
114869,2026,Fall,2268,1,MATSCI,298,005,1.0,8.0,SUS,N,0
114869,2026,Fall,2268,1,MATSCI,298,006,1.0,8.0,SUS,N,0
114869,2026,Fall,2268,1,MATSCI,298,007,1.0,8.0,SUS,N,0
114869,2026,Fall,2268,1,MATSCI,298,008,1.0,8.0,SUS,N,0
114869,2026,Fall,2268,1,MATSCI,298,009,1.0,8.0,SUS,N,0
114869,2026,Fall,2268,1,MATSCI,298,010,1.0,8.0,SUS,N,0
114869,2026,Fall,2268,1,MATSCI,298,011,1.0,8.0,SUS,N,1
114869,2026,Fall,2268,1,MATSCI,298,012,1.0,8.0,SUS,N,0
114869,2026,Fall,2268,1,MATSCI,298,013,1.0,8.0,SUS,N,0
114869,2026,Fall,2268,1,MATSCI,298,014,1.0,8.0,SUS,N,0
114869,2026,Fall,2268,1,MATSCI,298,015,1.0,8.0,SUS,N,0
114869,2026,Fall,2268,1,MATSCI,298,016,1.0,8.0,SUS,N,0
114869,2026,Fall,2268,1,MATSCI,298,017,1.0,8.0,SUS,N,0
114869,2026,Fall,2268,1,MATSCI,298,018,1.0,8.0,SUS,N,0
114869,2026,Fall,2268,1,MATSCI,298,019,1.0,8.0,SUS,N,0
114869,2026,Fall,2268,1,MATSCI,298,020,1.0,8.0,SUS,N,0
114869,2026,Fall,2268,1,MATSCI,298,021,1.0,8.0,SUS,N,0
114869,2026,Fall,2268,1,MATSCI,298,022,1.0,8.0,SUS,N,0
114869,2026,Fall,2268,1,MATSCI,298,023,1.0,8.0,SUS,N,6
114869,2026,Fall,2268,1,MATSCI,298,024,1.0,8.0,SUS,N,0
114869,2026,Fall,2268,1,MATSCI,298,025,1.0,8.0,SUS,N,2
114869,2026,Fall,2268,1,MATSCI,298,026,1.0,8.0,SUS,N,2
114869,2026,Fall,2268,1,MATSCI,298,027,1.0,8.0,SUS,N,2
114869,2026,Fall,2268,1,MATSCI,298,028,1.0,8.0,SUS,N,3
114869,2026,Fall,2268,1,MATSCI,298,029,1.0,8.0,SUS,N,0
114869,2026,Fall,2268,1,MATSCI,298,030,1.0,8.0,SUS,N,0
114869,2026,Fall,2268,1,MATSCI,298,031,1.0,8.0,SUS,N,2
114869,2026,Fall,2268,1,MATSCI,298,032,1.0,8.0,SUS,N,2
114869,2026,Fall,2268,1,MATSCI,298,033,1.0,8.0,SUS,N,1
114870,2026,Fall,2268,1,MATSCI,299,001,1.0,12.0,SUS,N,3
114870,2026,Fall,2268,1,MATSCI,299,002,1.0,12.0,SUS,N,1
114870,2026,Fall,2268,1,MATSCI,299,003,1.0,12.0,SUS,N,1
114870,2026,Fall,2268,1,MATSCI,299,004,1.0,12.0,SUS,N,0
114870,2026,Fall,2268,1,MATSCI,299,005,1.0,12.0,SUS,N,0
114870,2026,Fall,2268,1,MATSCI,299,006,1.0,12.0,SUS,N,0
114870,2026,Fall,2268,1,MATSCI,299,007,1.0,12.0,SUS,N,0
114870,2026,Fall,2268,1,MATSCI,299,008,1.0,12.0,SUS,N,0
114870,2026,Fall,2268,1,MATSCI,299,009,1.0,12.0,SUS,N,0
114870,2026,Fall,2268,1,MATSCI,299,010,1.0,12.0,SUS,N,0
114870,2026,Fall,2268,1,MATSCI,299,011,1.0,12.0,SUS,N,0
114870,2026,Fall,2268,1,MATSCI,299,012,1.0,12.0,SUS,N,0
114870,2026,Fall,2268,1,MATSCI,299,013,1.0,12.0,SUS,N,0
114870,2026,Fall,2268,1,MATSCI,299,014,1.0,12.0,SUS,N,0
114870,2026,Fall,2268,1,MATSCI,299,015,1.0,12.0,SUS,N,0
114870,2026,Fall,2268,1,MATSCI,299,016,1.0,12.0,SUS,N,0
114870,2026,Fall,2268,1,MATSCI,299,017,1.0,12.0,SUS,N,0
114870,2026,Fall,2268,1,MATSCI,299,018,1.0,12.0,SUS,N,0
114870,2026,Fall,2268,1,MATSCI,299,019,1.0,12.0,SUS,N,0
114870,2026,Fall,2268,1,MATSCI,299,020,1.0,12.0,SUS,N,0
114870,2026,Fall,2268,1,MATSCI,299,021,1.0,12.0,SUS,N,2
114870,2026,Fall,2268,1,MATSCI,299,022,1.0,12.0,SUS,N,0
114870,2026,Fall,2268,1,MATSCI,299,023,1.0,12.0,SUS,N,0
114870,2026,Fall,2268,1,MATSCI,299,024,1.0,12.0,SUS,N,0
114870,2026,Fall,2268,1,MATSCI,299,025,1.0,12.0,SUS,N,0
114870,2026,Fall,2268,1,MATSCI,299,026,1.0,12.0,SUS,N,0
114870,2026,Fall,2268,1,MATSCI,299,027,1.0,12.0,SUS,N,0
114870,2026,Fall,2268,1,MATSCI,299,028,1.0,12.0,SUS,N,0
114870,2026,Fall,2268,1,MATSCI,299,029,1.0,12.0,SUS,N,0
114870,2026,Fall,2268,1,MATSCI,299,030,1.0,12.0,SUS,N,0
114870,2026,Fall,2268,1,MATSCI,299,031,1.0,12.0,SUS,N,0
114870,2026,Fall,2268,1,MATSCI,299,032,1.0,12.0,SUS,N,0
114870,2026,Fall,2268,1,MATSCI,299,033,1.0,12.0,SUS,N,0
114870,2026,Fall,2268,1,MATSCI,299,034,1.0,12.0,SUS,N,0
154318,2026,Fall,2268,1,MATSCI,45,001,3.0,3.0,OPT,Y,346
154521,2026,Fall,2268,1,MATSCI,45L,001,1.0,1.0,OPT,N,17
154521,2026,Fall,2268,1,MATSCI,45L,002,1.0,1.0,OPT,N,158
154521,2026,Fall,2268,1,MATSCI,45L,003,1.0,1.0,OPT,N,73
154521,2026,Fall,2268,1,MATSCI,45L,004,1.0,1.0,OPT,N,73
154521,2026,Fall,2268,1,MATSCI,45L,006,1.0,1.0,OPT,N,50
114901,2026,Fall,2268,1,MATSCI,601,001,1.0,8.0,SUS,N,0
114902,2026,Fall,2268,1,MATSCI,602,001,1.0,8.0,SUS,N,0
124476,2026,Fall,2268,1,MATSCI,C118,001,4.0,4.0,OPT,Y,52
168514,2026,Fall,2268,1,MATSCI,C135,001,3.0,3.0,OPT,Y,2
124342,2026,Fall,2268,1,MATSCI,C150,001,3.0,3.0,OPT,Y,65
124478,2026,Fall,2268,1,MATSCI,C208,001,4.0,4.0,OPT,Y,30
123645,2026,Fall,2268,1,MATSCI,C211,001,3.0,3.0,OPT,Y,44
124495,2026,Fall,2268,1,MATSCI,C250,001,3.0,3.0,OPT,N,0
114905,2026,Fall,2268,1,MATSCI,H194,001,1.0,4.0,OPT,N,0
114905,2026,Fall,2268,1,MATSCI,H194,002,1.0,4.0,OPT,N,0
114905,2026,Fall,2268,1,MATSCI,H194,003,1.0,4.0,OPT,N,0
114905,2026,Fall,2268,1,MATSCI,H194,004,1.0,4.0,OPT,N,0
114905,2026,Fall,2268,1,MATSCI,H194,005,1.0,4.0,OPT,N,0
114905,2026,Fall,2268,1,MATSCI,H194,006,1.0,4.0,OPT,N,0
114905,2026,Fall,2268,1,MATSCI,H194,007,1.0,4.0,OPT,N,0
114905,2026,Fall,2268,1,MATSCI,H194,008,1.0,4.0,OPT,N,0
114905,2026,Fall,2268,1,MATSCI,H194,009,1.0,4.0,OPT,N,0
114905,2026,Fall,2268,1,MATSCI,H194,010,1.0,4.0,OPT,N,0
114905,2026,Fall,2268,1,MATSCI,H194,011,1.0,4.0,OPT,N,0
114905,2026,Fall,2268,1,MATSCI,H194,012,1.0,4.0,OPT,N,0
114905,2026,Fall,2268,1,MATSCI,H194,013,1.0,4.0,OPT,N,0
114905,2026,Fall,2268,1,MATSCI,H194,014,1.0,4.0,OPT,N,0
114905,2026,Fall,2268,1,MATSCI,H194,015,1.0,4.0,OPT,N,0
114905,2026,Fall,2268,1,MATSCI,H194,016,1.0,4.0,OPT,N,0
114905,2026,Fall,2268,1,MATSCI,H194,017,1.0,4.0,OPT,N,0
114905,2026,Fall,2268,1,MATSCI,H194,018,1.0,4.0,OPT,N,0
114905,2026,Fall,2268,1,MATSCI,H194,019,1.0,4.0,OPT,N,0
114905,2026,Fall,2268,1,MATSCI,H194,020,1.0,4.0,OPT,N,0
114905,2026,Fall,2268,1,MATSCI,H194,021,1.0,4.0,OPT,N,0
114905,2026,Fall,2268,1,MATSCI,H194,022,1.0,4.0,OPT,N,0
114905,2026,Fall,2268,1,MATSCI,H194,023,1.0,4.0,OPT,N,0
161426,2026,Fall,2268,1,MBA,200A,01B,2.0,2.0,OPT,N,0
161426,2026,Fall,2268,1,MBA,200A,02B,2.0,2.0,OPT,N,0
161426,2026,Fall,2268,1,MBA,200A,03B,2.0,2.0,OPT,N,0
161426,2026,Fall,2268,1,MBA,200A,04B,2.0,2.0,OPT,N,0
114912,2026,Fall,2268,1,MBA,200C,01A,1.0,1.0,OPT,N,0
114912,2026,Fall,2268,1,MBA,200C,02A,1.0,1.0,OPT,N,0
114912,2026,Fall,2268,1,MBA,200C,03A,1.0,1.0,OPT,N,0
114912,2026,Fall,2268,1,MBA,200C,04A,1.0,1.0,OPT,N,0
114914,2026,Fall,2268,1,MBA,200S,01A,2.0,2.0,OPT,N,0
114914,2026,Fall,2268,1,MBA,200S,02A,2.0,2.0,OPT,N,0
114914,2026,Fall,2268,1,MBA,200S,03A,2.0,2.0,OPT,N,0
114914,2026,Fall,2268,1,MBA,200S,04A,2.0,2.0,OPT,N,0
114915,2026,Fall,2268,1,MBA,201A,01A,2.0,2.0,OPT,N,0
114915,2026,Fall,2268,1,MBA,201A,02A,2.0,2.0,OPT,N,0
114915,2026,Fall,2268,1,MBA,201A,03A,2.0,2.0,OPT,N,0
114915,2026,Fall,2268,1,MBA,201A,04A,2.0,2.0,OPT,N,0
114915,2026,Fall,2268,1,MBA,201A,05A,2.0,2.0,OPT,N,0
114917,2026,Fall,2268,1,MBA,202,01A,2.0,2.0,OPT,N,0
114917,2026,Fall,2268,1,MBA,202,02A,2.0,2.0,OPT,N,0
114917,2026,Fall,2268,1,MBA,202,03A,2.0,2.0,OPT,N,0
114917,2026,Fall,2268,1,MBA,202,04A,2.0,2.0,OPT,N,0
114918,2026,Fall,2268,1,MBA,203,01B,2.0,2.0,OPT,N,0
114918,2026,Fall,2268,1,MBA,203,02B,2.0,2.0,OPT,N,0
114918,2026,Fall,2268,1,MBA,203,03B,2.0,2.0,OPT,N,0
114918,2026,Fall,2268,1,MBA,203,04B,2.0,2.0,OPT,N,0
114918,2026,Fall,2268,1,MBA,203,05B,2.0,2.0,OPT,N,0
114920,2026,Fall,2268,1,MBA,205,01A,2.0,2.0,OPT,N,0
114920,2026,Fall,2268,1,MBA,205,02A,2.0,2.0,OPT,N,0
114920,2026,Fall,2268,1,MBA,205,03A,2.0,2.0,OPT,N,0
114920,2026,Fall,2268,1,MBA,205,04A,2.0,2.0,OPT,N,0
114920,2026,Fall,2268,1,MBA,205,05AF,2.0,2.0,OPT,N,0
161294,2026,Fall,2268,1,MBA,205D,01B,1.0,1.0,OPT,N,0
161294,2026,Fall,2268,1,MBA,205D,02B,1.0,1.0,OPT,N,0
161294,2026,Fall,2268,1,MBA,205D,03B,1.0,1.0,OPT,N,0
161294,2026,Fall,2268,1,MBA,205D,04B,1.0,1.0,OPT,N,0
114922,2026,Fall,2268,1,MBA,206,01B,2.0,2.0,OPT,N,0
114922,2026,Fall,2268,1,MBA,206,02B,2.0,2.0,OPT,N,0
114922,2026,Fall,2268,1,MBA,206,03B,2.0,2.0,OPT,N,0
114922,2026,Fall,2268,1,MBA,206,04B,2.0,2.0,OPT,N,0
114923,2026,Fall,2268,1,MBA,207,01B,1.0,1.0,OPT,N,0
114923,2026,Fall,2268,1,MBA,207,02B,1.0,1.0,OPT,N,0
114923,2026,Fall,2268,1,MBA,207,03B,1.0,1.0,OPT,N,0
114923,2026,Fall,2268,1,MBA,207,04B,1.0,1.0,OPT,N,0
114924,2026,Fall,2268,1,MBA,209F,001,3.0,3.0,OPT,Y,43
158780,2026,Fall,2268,1,MBA,209P,001,2.0,2.0,OPT,N,124
158780,2026,Fall,2268,1,MBA,209P,002,2.0,2.0,OPT,N,55
158780,2026,Fall,2268,1,MBA,209P,003,2.0,2.0,OPT,N,51
114925,2026,Fall,2268,1,MBA,210,001,3.0,3.0,OPT,N,0
114926,2026,Fall,2268,1,MBA,211,001,2.0,3.0,OPT,N,0
114927,2026,Fall,2268,1,MBA,212,011,3.0,3.0,OPT,Y,0
114928,2026,Fall,2268,1,MBA,212A,001,3.0,3.0,OPT,Y,0
114930,2026,Fall,2268,1,MBA,215,001,2.0,3.0,OPT,N,0
114931,2026,Fall,2268,1,MBA,217,001,0.5,3.0,OPT,N,0
114931,2026,Fall,2268,1,MBA,217,002,0.5,3.0,OPT,N,0
114934,2026,Fall,2268,1,MBA,222,001,3.0,3.0,OPT,Y,0
114934,2026,Fall,2268,1,MBA,222,002,3.0,3.0,OPT,Y,0
114935,2026,Fall,2268,1,MBA,223,001,3.0,3.0,OPT,Y,0
114936,2026,Fall,2268,1,MBA,224A,001,2.0,2.0,OPT,Y,0
114940,2026,Fall,2268,1,MBA,231,001,3.0,3.0,OPT,Y,0
114942,2026,Fall,2268,1,MBA,233,001,2.0,3.0,OPT,Y,0
114946,2026,Fall,2268,1,MBA,236B,001,2.0,2.0,OPT,N,0
114948,2026,Fall,2268,1,MBA,236D,001,3.0,3.0,OPT,Y,0
114951,2026,Fall,2268,1,MBA,236G,001A,1.0,2.0,OPT,N,0
114951,2026,Fall,2268,1,MBA,236G,002A,1.0,2.0,OPT,N,0
148019,2026,Fall,2268,1,MBA,236I,001,2.0,2.0,OPT,N,0
156356,2026,Fall,2268,1,MBA,236K,1,1.0,1.0,OPT,N,0
148020,2026,Fall,2268,1,MBA,236L,001F,1.0,2.0,OPT,N,0
148020,2026,Fall,2268,1,MBA,236L,11,1.0,2.0,OPT,N,0
114953,2026,Fall,2268,1,MBA,236V,001,2.0,3.0,OPT,N,0
114953,2026,Fall,2268,1,MBA,236V,011,2.0,3.0,OPT,N,0
114954,2026,Fall,2268,1,MBA,237,001,0.5,3.0,OPT,N,0
114954,2026,Fall,2268,1,MBA,237,002,0.5,3.0,OPT,N,0
114954,2026,Fall,2268,1,MBA,237,003,0.5,3.0,OPT,N,0
114954,2026,Fall,2268,1,MBA,237,004,0.5,3.0,OPT,N,0
114954,2026,Fall,2268,1,MBA,237,005,0.5,3.0,OPT,N,0
114954,2026,Fall,2268,1,MBA,237,011,0.5,3.0,OPT,N,0
114955,2026,Fall,2268,1,MBA,240,001,2.0,2.0,OPT,N,0
115017,2026,Fall,2268,1,MBA,246,011,1.0,2.0,OPT,N,0
115017,2026,Fall,2268,1,MBA,246,01B,1.0,2.0,OPT,N,0
114963,2026,Fall,2268,1,MBA,247,001,0.5,3.0,OPT,N,0
114963,2026,Fall,2268,1,MBA,247,011,0.5,3.0,OPT,N,0
114966,2026,Fall,2268,1,MBA,248A,001,3.0,3.0,OPT,Y,0
161466,2026,Fall,2268,1,MBA,251A,011F,2.0,2.0,OPT,N,0
114969,2026,Fall,2268,1,MBA,252,001,2.0,3.0,OPT,N,0
114969,2026,Fall,2268,1,MBA,252,002,2.0,3.0,OPT,N,0
114969,2026,Fall,2268,1,MBA,252,003,2.0,3.0,OPT,N,0
114969,2026,Fall,2268,1,MBA,252,011,2.0,3.0,OPT,N,0
114969,2026,Fall,2268,1,MBA,252,04B,2.0,3.0,OPT,N,0
114969,2026,Fall,2268,1,MBA,252,05B,2.0,3.0,OPT,N,0
114971,2026,Fall,2268,1,MBA,254,01A,2.0,3.0,OPT,Y,0
114971,2026,Fall,2268,1,MBA,254,02A,2.0,3.0,OPT,Y,0
114971,2026,Fall,2268,1,MBA,254,03B,2.0,3.0,OPT,Y,0
114971,2026,Fall,2268,1,MBA,254,04B,2.0,3.0,OPT,Y,0
114972,2026,Fall,2268,1,MBA,255,001,1.0,3.0,OPT,N,0
114973,2026,Fall,2268,1,MBA,256,001F,3.0,3.0,OPT,N,0
114974,2026,Fall,2268,1,MBA,257,001,2.0,3.0,OPT,Y,0
114974,2026,Fall,2268,1,MBA,257,004,2.0,3.0,OPT,Y,0
114974,2026,Fall,2268,1,MBA,257,011,2.0,3.0,OPT,Y,0
114974,2026,Fall,2268,1,MBA,257,012,2.0,3.0,OPT,Y,0
114974,2026,Fall,2268,1,MBA,257,2B,2.0,3.0,OPT,Y,0
114974,2026,Fall,2268,1,MBA,257,3B,2.0,3.0,OPT,Y,0
114976,2026,Fall,2268,1,MBA,260,001,3.0,3.0,OPT,Y,0
114976,2026,Fall,2268,1,MBA,260,002,3.0,3.0,OPT,Y,0
114977,2026,Fall,2268,1,MBA,261,001,2.0,3.0,OPT,Y,0
114977,2026,Fall,2268,1,MBA,261,002,2.0,3.0,OPT,Y,0
114978,2026,Fall,2268,1,MBA,262,001,3.0,3.0,OPT,Y,0
125573,2026,Fall,2268,1,MBA,262A,001,3.0,3.0,OPT,N,0
114982,2026,Fall,2268,1,MBA,266,001,2.0,3.0,OPT,N,0
114984,2026,Fall,2268,1,MBA,267,001,0.5,3.0,OPT,N,0
114984,2026,Fall,2268,1,MBA,267,002,0.5,3.0,OPT,N,0
114984,2026,Fall,2268,1,MBA,267,011,0.5,3.0,OPT,N,0
114986,2026,Fall,2268,1,MBA,268B,001,2.0,2.0,OPT,N,0
114987,2026,Fall,2268,1,MBA,268C,001,1.0,3.0,OPT,N,0
114988,2026,Fall,2268,1,MBA,269,001,3.0,3.0,OPT,N,0
161371,2026,Fall,2268,1,MBA,271,001,2.0,3.0,OPT,N,0
114992,2026,Fall,2268,1,MBA,275,001,2.0,3.0,OPT,N,0
114994,2026,Fall,2268,1,MBA,277,001,1.0,3.0,OPT,Y,0
114994,2026,Fall,2268,1,MBA,277,002,1.0,3.0,OPT,Y,0
114994,2026,Fall,2268,1,MBA,277,003,1.0,3.0,OPT,Y,0
114994,2026,Fall,2268,1,MBA,277,012,1.0,3.0,OPT,Y,0
114998,2026,Fall,2268,1,MBA,280,001,3.0,3.0,OPT,Y,0
114999,2026,Fall,2268,1,MBA,282,001,3.0,3.0,OPT,Y,0
115000,2026,Fall,2268,1,MBA,283,001,3.0,3.0,OPT,Y,0
115004,2026,Fall,2268,1,MBA,287,001,1.0,3.0,OPT,N,0
115009,2026,Fall,2268,1,MBA,290E,001,2.0,3.0,OPT,N,0
115011,2026,Fall,2268,1,MBA,290H,001,3.0,3.0,OPT,N,0
115015,2026,Fall,2268,1,MBA,290N,001,3.0,3.0,OPT,N,0
115020,2026,Fall,2268,1,MBA,290T,001,0.5,3.0,OPT,N,0
115020,2026,Fall,2268,1,MBA,290T,002,0.5,3.0,OPT,N,0
115020,2026,Fall,2268,1,MBA,290T,003,0.5,3.0,OPT,N,0
115020,2026,Fall,2268,1,MBA,290T,004,0.5,3.0,OPT,N,0
115020,2026,Fall,2268,1,MBA,290T,011,0.5,3.0,OPT,N,0
115020,2026,Fall,2268,1,MBA,290T,012,0.5,3.0,OPT,N,0
115020,2026,Fall,2268,1,MBA,290T,013,0.5,3.0,OPT,N,0
115020,2026,Fall,2268,1,MBA,290T,014,0.5,3.0,OPT,N,0
115025,2026,Fall,2268,1,MBA,291D,001,1.0,2.0,OPT,N,0
115025,2026,Fall,2268,1,MBA,291D,011,1.0,2.0,OPT,N,0
161513,2026,Fall,2268,1,MBA,291E,011F,2.0,2.0,OPT,N,0
160359,2026,Fall,2268,1,MBA,291F,011,1.0,1.0,OPT,N,0
161129,2026,Fall,2268,1,MBA,291R,011,1.0,1.0,OPT,Y,0
115028,2026,Fall,2268,1,MBA,291S,011,1.0,1.0,OPT,N,0
115028,2026,Fall,2268,1,MBA,291S,01A,1.0,1.0,OPT,N,0
115029,2026,Fall,2268,1,MBA,291T,001,1.0,3.0,OPT,N,0
115029,2026,Fall,2268,1,MBA,291T,002,1.0,3.0,OPT,N,0
115029,2026,Fall,2268,1,MBA,291T,1B,1.0,3.0,OPT,N,0
115029,2026,Fall,2268,1,MBA,291T,2B,1.0,3.0,OPT,N,0
115030,2026,Fall,2268,1,MBA,292A,001,2.0,3.0,OPT,Y,0
115031,2026,Fall,2268,1,MBA,292B,011,1.0,1.0,OPT,N,0
115032,2026,Fall,2268,1,MBA,292C,001F,3.0,3.0,OPT,N,0
161140,2026,Fall,2268,1,MBA,292D,001,3.0,3.0,OPT,N,0
161138,2026,Fall,2268,1,MBA,292H,001,2.0,2.0,OPT,N,0
161490,2026,Fall,2268,1,MBA,292ID,011,1.0,1.0,OPT,N,0
115035,2026,Fall,2268,1,MBA,292J,001,2.0,2.0,OPT,N,0
160231,2026,Fall,2268,1,MBA,292K,001,2.0,2.0,OPT,N,0
159892,2026,Fall,2268,1,MBA,292L,001,3.0,3.0,OPT,N,0
160404,2026,Fall,2268,1,MBA,292M,001,2.0,2.0,OPT,N,0
158778,2026,Fall,2268,1,MBA,292R,011,1.0,1.0,OPT,N,0
115040,2026,Fall,2268,1,MBA,292S,001,3.0,3.0,OPT,N,0
115041,2026,Fall,2268,1,MBA,292T,001,0.5,3.0,OPT,N,0
115041,2026,Fall,2268,1,MBA,292T,002,0.5,3.0,OPT,N,0
115041,2026,Fall,2268,1,MBA,292T,003,0.5,3.0,OPT,N,0
115041,2026,Fall,2268,1,MBA,292T,004,0.5,3.0,OPT,N,0
115041,2026,Fall,2268,1,MBA,292T,005,0.5,3.0,OPT,N,0
115041,2026,Fall,2268,1,MBA,292T,006,0.5,3.0,OPT,N,0
115041,2026,Fall,2268,1,MBA,292T,007,0.5,3.0,OPT,N,0
115041,2026,Fall,2268,1,MBA,292T,008,0.5,3.0,OPT,N,0
115041,2026,Fall,2268,1,MBA,292T,009,0.5,3.0,OPT,N,0
115041,2026,Fall,2268,1,MBA,292T,010,0.5,3.0,OPT,N,0
115041,2026,Fall,2268,1,MBA,292T,011,0.5,3.0,OPT,N,0
115041,2026,Fall,2268,1,MBA,292T,012F,0.5,3.0,OPT,N,0
115041,2026,Fall,2268,1,MBA,292T,013,0.5,3.0,OPT,N,0
115042,2026,Fall,2268,1,MBA,293,001,0.0,5.0,OPT,N,0
115042,2026,Fall,2268,1,MBA,293,002,0.0,5.0,OPT,N,0
115042,2026,Fall,2268,1,MBA,293,003,0.0,5.0,OPT,N,0
115042,2026,Fall,2268,1,MBA,293,004,0.0,5.0,OPT,N,0
115042,2026,Fall,2268,1,MBA,293,005,0.0,5.0,OPT,N,0
115042,2026,Fall,2268,1,MBA,293,006,0.0,5.0,OPT,N,0
115042,2026,Fall,2268,1,MBA,293,007,0.0,5.0,OPT,N,0
115042,2026,Fall,2268,1,MBA,293,008,0.0,5.0,OPT,N,0
115042,2026,Fall,2268,1,MBA,293,009,0.0,5.0,OPT,N,0
115042,2026,Fall,2268,1,MBA,293,010,0.0,5.0,OPT,N,0
115042,2026,Fall,2268,1,MBA,293,011,0.0,5.0,OPT,N,0
115042,2026,Fall,2268,1,MBA,293,012,0.0,5.0,OPT,N,0
115042,2026,Fall,2268,1,MBA,293,013,0.0,5.0,OPT,N,0
115042,2026,Fall,2268,1,MBA,293,014,0.0,5.0,OPT,N,0
115042,2026,Fall,2268,1,MBA,293,015,0.0,5.0,OPT,N,0
115042,2026,Fall,2268,1,MBA,293,016,0.0,5.0,OPT,N,0
115042,2026,Fall,2268,1,MBA,293,017,0.0,5.0,OPT,N,0
115042,2026,Fall,2268,1,MBA,293,018,0.0,5.0,OPT,N,0
115042,2026,Fall,2268,1,MBA,293,019,0.0,5.0,OPT,N,0
115042,2026,Fall,2268,1,MBA,293,020,0.0,5.0,OPT,N,0
115042,2026,Fall,2268,1,MBA,293,021,0.0,5.0,OPT,N,0
115042,2026,Fall,2268,1,MBA,293,022,0.0,5.0,OPT,N,0
115042,2026,Fall,2268,1,MBA,293,023,0.0,5.0,OPT,N,0
115042,2026,Fall,2268,1,MBA,293,024,0.0,5.0,OPT,N,0
115042,2026,Fall,2268,1,MBA,293,025,0.0,5.0,OPT,N,0
115042,2026,Fall,2268,1,MBA,293,026,0.0,5.0,OPT,N,0
115042,2026,Fall,2268,1,MBA,293,027,0.0,5.0,OPT,N,0
115042,2026,Fall,2268,1,MBA,293,028,0.0,5.0,OPT,N,0
115042,2026,Fall,2268,1,MBA,293,029,0.0,5.0,OPT,N,0
115042,2026,Fall,2268,1,MBA,293,030,0.0,5.0,OPT,N,0
115042,2026,Fall,2268,1,MBA,293,031,0.0,5.0,OPT,N,0
115042,2026,Fall,2268,1,MBA,293,032,0.0,5.0,OPT,N,0
115042,2026,Fall,2268,1,MBA,293,033,0.0,5.0,OPT,N,0
115042,2026,Fall,2268,1,MBA,293,034,0.0,5.0,OPT,N,0
115042,2026,Fall,2268,1,MBA,293,035,0.0,5.0,OPT,N,0
115042,2026,Fall,2268,1,MBA,293,036,0.0,5.0,OPT,N,0
115042,2026,Fall,2268,1,MBA,293,037,0.0,5.0,OPT,N,0
115042,2026,Fall,2268,1,MBA,293,038,0.0,5.0,OPT,N,0
115042,2026,Fall,2268,1,MBA,293,039,0.0,5.0,OPT,N,0
115042,2026,Fall,2268,1,MBA,293,041,0.0,5.0,OPT,N,0
115042,2026,Fall,2268,1,MBA,293,042,0.0,5.0,OPT,N,0
115042,2026,Fall,2268,1,MBA,293,99,0.0,5.0,OPT,N,0
115043,2026,Fall,2268,1,MBA,293C,001,0.5,0.5,SUS,N,0
115044,2026,Fall,2268,1,MBA,294,001,1.0,2.0,SUS,N,0
115044,2026,Fall,2268,1,MBA,294,002,1.0,2.0,SUS,N,0
115044,2026,Fall,2268,1,MBA,294,003,1.0,2.0,SUS,N,0
115044,2026,Fall,2268,1,MBA,294,004,1.0,2.0,SUS,N,0
115044,2026,Fall,2268,1,MBA,294,005,1.0,2.0,SUS,N,0
115044,2026,Fall,2268,1,MBA,294,006,1.0,2.0,SUS,N,0
115044,2026,Fall,2268,1,MBA,294,007,1.0,2.0,SUS,N,0
115044,2026,Fall,2268,1,MBA,294,008,1.0,2.0,SUS,N,0
115044,2026,Fall,2268,1,MBA,294,009,1.0,2.0,SUS,N,0
115044,2026,Fall,2268,1,MBA,294,010,1.0,2.0,SUS,N,0
115044,2026,Fall,2268,1,MBA,294,011,1.0,2.0,SUS,N,0
115044,2026,Fall,2268,1,MBA,294,012,1.0,2.0,SUS,N,0
115044,2026,Fall,2268,1,MBA,294,013,1.0,2.0,SUS,N,0
115044,2026,Fall,2268,1,MBA,294,014,1.0,2.0,SUS,N,0
115044,2026,Fall,2268,1,MBA,294,015,1.0,2.0,SUS,N,0
115044,2026,Fall,2268,1,MBA,294,016,1.0,2.0,SUS,N,0
115044,2026,Fall,2268,1,MBA,294,017,1.0,2.0,SUS,N,0
115044,2026,Fall,2268,1,MBA,294,018,1.0,2.0,SUS,N,0
115044,2026,Fall,2268,1,MBA,294,019,1.0,2.0,SUS,N,0
115044,2026,Fall,2268,1,MBA,294,020,1.0,2.0,SUS,N,0
115044,2026,Fall,2268,1,MBA,294,021,1.0,2.0,SUS,N,0
115044,2026,Fall,2268,1,MBA,294,022,1.0,2.0,SUS,N,0
115044,2026,Fall,2268,1,MBA,294,023,1.0,2.0,SUS,N,0
115045,2026,Fall,2268,1,MBA,295A,01F,3.0,3.0,OPT,Y,0
115046,2026,Fall,2268,1,MBA,295B,001,3.0,3.0,OPT,N,0
115047,2026,Fall,2268,1,MBA,295C,001F,2.0,3.0,OPT,N,0
115053,2026,Fall,2268,1,MBA,295I,001,2.0,4.0,OPT,N,0
115055,2026,Fall,2268,1,MBA,295M,001,2.0,2.0,OPT,N,0
115056,2026,Fall,2268,1,MBA,295T,001,1.0,3.0,OPT,N,0
115056,2026,Fall,2268,1,MBA,295T,002,1.0,3.0,OPT,N,0
115056,2026,Fall,2268,1,MBA,295T,003,1.0,3.0,OPT,N,0
115056,2026,Fall,2268,1,MBA,295T,011,1.0,3.0,OPT,N,0
115056,2026,Fall,2268,1,MBA,295T,012,1.0,3.0,OPT,N,0
115057,2026,Fall,2268,1,MBA,296,001F,0.5,3.0,OPT,Y,0
115057,2026,Fall,2268,1,MBA,296,002,0.5,3.0,OPT,Y,0
115057,2026,Fall,2268,1,MBA,296,003,0.5,3.0,OPT,Y,0
115057,2026,Fall,2268,1,MBA,296,004,0.5,3.0,OPT,Y,0
115057,2026,Fall,2268,1,MBA,296,005,0.5,3.0,OPT,Y,0
115057,2026,Fall,2268,1,MBA,296,006,0.5,3.0,OPT,Y,0
115057,2026,Fall,2268,1,MBA,296,008,0.5,3.0,OPT,Y,0
115057,2026,Fall,2268,1,MBA,296,011,0.5,3.0,OPT,Y,0
115057,2026,Fall,2268,1,MBA,296,012,0.5,3.0,OPT,Y,0
115057,2026,Fall,2268,1,MBA,296,013,0.5,3.0,OPT,Y,0
115057,2026,Fall,2268,1,MBA,296,052F,0.5,3.0,OPT,Y,0
115057,2026,Fall,2268,1,MBA,296,053F,0.5,3.0,OPT,Y,0
115057,2026,Fall,2268,1,MBA,296,054F,0.5,3.0,OPT,Y,0
115057,2026,Fall,2268,1,MBA,296,07B,0.5,3.0,OPT,Y,0
160663,2026,Fall,2268,1,MBA,296C,001,2.0,2.0,OPT,Y,0
115058,2026,Fall,2268,1,MBA,297A,001,3.0,3.0,OPT,N,0
115063,2026,Fall,2268,1,MBA,298B,001,1.0,1.0,OPT,N,0
115063,2026,Fall,2268,1,MBA,298B,2,1.0,1.0,OPT,N,0
115063,2026,Fall,2268,1,MBA,298B,3,1.0,1.0,OPT,N,0
115063,2026,Fall,2268,1,MBA,298B,4,1.0,1.0,OPT,N,0
115065,2026,Fall,2268,1,MBA,298X,001,1.0,15.0,SUS,N,0
115065,2026,Fall,2268,1,MBA,298X,097,1.0,15.0,SUS,N,0
115065,2026,Fall,2268,1,MBA,298X,098,1.0,15.0,SUS,N,0
115065,2026,Fall,2268,1,MBA,298X,099,1.0,15.0,SUS,N,0
115068,2026,Fall,2268,1,MBA,299E,001,2.0,3.0,OPT,Y,0
115070,2026,Fall,2268,1,MBA,299M,001,3.0,3.0,OPT,Y,0
115074,2026,Fall,2268,1,MBA,375,001,0.5,0.5,SUS,N,19
116891,2026,Fall,2268,1,MBN,10,001,3.0,3.0,OPT,Y,2139
116892,2026,Fall,2268,1,MBN,103,001,4.0,4.0,OPT,Y,284
116897,2026,Fall,2268,1,MBN,108A,001,3.0,3.0,OPT,Y,199
116913,2026,Fall,2268,1,MBN,166,001,3.0,3.0,OPT,Y,0
116914,2026,Fall,2268,1,MBN,170,001,4.0,4.0,OPT,N,110
116916,2026,Fall,2268,1,MBN,190,001,1.0,1.0,OPT,N,145
116920,2026,Fall,2268,1,MBN,197,001,1.0,4.0,PNP,N,0
116920,2026,Fall,2268,1,MBN,197,002,1.0,4.0,PNP,N,0
116920,2026,Fall,2268,1,MBN,197,003,1.0,4.0,PNP,N,0
116920,2026,Fall,2268,1,MBN,197,004,1.0,4.0,PNP,N,0
116920,2026,Fall,2268,1,MBN,197,005,1.0,4.0,PNP,N,0
116920,2026,Fall,2268,1,MBN,197,006,1.0,4.0,PNP,N,0
116920,2026,Fall,2268,1,MBN,197,007,1.0,4.0,PNP,N,0
116920,2026,Fall,2268,1,MBN,197,008,1.0,4.0,PNP,N,0
116920,2026,Fall,2268,1,MBN,197,009,1.0,4.0,PNP,N,0
116920,2026,Fall,2268,1,MBN,197,010,1.0,4.0,PNP,N,0
116920,2026,Fall,2268,1,MBN,197,011,1.0,4.0,PNP,N,0
116920,2026,Fall,2268,1,MBN,197,012,1.0,4.0,PNP,N,0
116920,2026,Fall,2268,1,MBN,197,013,1.0,4.0,PNP,N,0
116920,2026,Fall,2268,1,MBN,197,015,1.0,4.0,PNP,N,0
116920,2026,Fall,2268,1,MBN,197,016,1.0,4.0,PNP,N,0
116920,2026,Fall,2268,1,MBN,197,017,1.0,4.0,PNP,N,0
116920,2026,Fall,2268,1,MBN,197,100,1.0,4.0,PNP,N,0
116921,2026,Fall,2268,1,MBN,198,003,2.0,2.0,PNP,N,3
116921,2026,Fall,2268,1,MBN,198,004,2.0,2.0,PNP,N,10
116921,2026,Fall,2268,1,MBN,198,009,2.0,2.0,PNP,N,1
116922,2026,Fall,2268,1,MBN,199,001,1.0,4.0,PNP,N,0
116922,2026,Fall,2268,1,MBN,199,002,1.0,4.0,PNP,N,0
116922,2026,Fall,2268,1,MBN,199,003,1.0,4.0,PNP,N,0
116922,2026,Fall,2268,1,MBN,199,004,1.0,4.0,PNP,N,0
116922,2026,Fall,2268,1,MBN,199,005,1.0,4.0,PNP,N,0
116922,2026,Fall,2268,1,MBN,199,006,1.0,4.0,PNP,N,0
116922,2026,Fall,2268,1,MBN,199,007,1.0,4.0,PNP,N,0
116922,2026,Fall,2268,1,MBN,199,008,1.0,4.0,PNP,N,0
116922,2026,Fall,2268,1,MBN,199,009,1.0,4.0,PNP,N,0
116922,2026,Fall,2268,1,MBN,199,010,1.0,4.0,PNP,N,0
116922,2026,Fall,2268,1,MBN,199,011,1.0,4.0,PNP,N,0
116922,2026,Fall,2268,1,MBN,199,012,1.0,4.0,PNP,N,0
116922,2026,Fall,2268,1,MBN,199,013,1.0,4.0,PNP,N,0
116922,2026,Fall,2268,1,MBN,199,014,1.0,4.0,PNP,N,0
116922,2026,Fall,2268,1,MBN,199,015,1.0,4.0,PNP,N,0
116922,2026,Fall,2268,1,MBN,199,016,1.0,4.0,PNP,N,0
116922,2026,Fall,2268,1,MBN,199,020,1.0,4.0,PNP,N,0
116922,2026,Fall,2268,1,MBN,199,021,1.0,4.0,PNP,N,0
116922,2026,Fall,2268,1,MBN,199,022,1.0,4.0,PNP,N,0
164195,2026,Fall,2268,1,MBN,199S,001,1.0,4.0,PNP,A,0
164195,2026,Fall,2268,1,MBN,199S,002,1.0,4.0,PNP,A,0
164195,2026,Fall,2268,1,MBN,199S,003,1.0,4.0,PNP,A,0
147909,2026,Fall,2268,1,MBN,20,001,2.0,2.0,OPT,Y,736
162550,2026,Fall,2268,1,MBN,208,001,4.0,4.0,OPT,N,153
162549,2026,Fall,2268,1,MBN,210,001,4.0,4.0,OPT,N,26
116925,2026,Fall,2268,1,MBN,211A,001,4.0,8.0,BMT,N,22
116929,2026,Fall,2268,1,MBN,24,001,1.0,1.0,OPT,Y,862
162734,2026,Fall,2268,1,MBN,245,001,2.0,2.0,OPT,Y,25
162648,2026,Fall,2268,1,MBN,261,001,4.0,4.0,OPT,Y,111
116931,2026,Fall,2268,1,MBN,290,001,2.0,2.0,OPT,N,12
116931,2026,Fall,2268,1,MBN,290,002,2.0,2.0,OPT,N,0
116932,2026,Fall,2268,1,MBN,292,001,1.0,1.0,SUS,N,3
116932,2026,Fall,2268,1,MBN,292,002,1.0,1.0,SUS,N,0
116932,2026,Fall,2268,1,MBN,292,003,1.0,1.0,SUS,N,0
116933,2026,Fall,2268,1,MBN,293,001,1.0,1.0,SUS,N,4
116947,2026,Fall,2268,1,MBN,298,004,1.0,4.0,OPT,N,1
116947,2026,Fall,2268,1,MBN,298,005,1.0,4.0,OPT,N,2
116947,2026,Fall,2268,1,MBN,298,006,1.0,4.0,OPT,N,0
116947,2026,Fall,2268,1,MBN,298,007,1.0,4.0,OPT,N,0
116947,2026,Fall,2268,1,MBN,298,008,1.0,4.0,OPT,N,0
116947,2026,Fall,2268,1,MBN,298,011,1.0,4.0,OPT,N,1
116947,2026,Fall,2268,1,MBN,298,012,1.0,4.0,OPT,N,1
116947,2026,Fall,2268,1,MBN,298,015,1.0,4.0,OPT,N,0
116947,2026,Fall,2268,1,MBN,298,016,1.0,4.0,OPT,N,2
116947,2026,Fall,2268,1,MBN,298,017,1.0,4.0,OPT,N,0
116947,2026,Fall,2268,1,MBN,298,018,1.0,4.0,OPT,N,0
116948,2026,Fall,2268,1,MBN,299,001,1.0,12.0,OPT,N,25
116948,2026,Fall,2268,1,MBN,299,002,1.0,12.0,OPT,N,13
116948,2026,Fall,2268,1,MBN,299,004,1.0,12.0,OPT,N,4
116948,2026,Fall,2268,1,MBN,299,005,1.0,12.0,OPT,N,8
116948,2026,Fall,2268,1,MBN,299,006,1.0,12.0,OPT,N,10
116948,2026,Fall,2268,1,MBN,299,007,1.0,12.0,OPT,N,2
116948,2026,Fall,2268,1,MBN,299,008,1.0,12.0,OPT,N,0
116948,2026,Fall,2268,1,MBN,299,010,1.0,12.0,OPT,N,1
116948,2026,Fall,2268,1,MBN,299,011,1.0,12.0,OPT,N,3
116948,2026,Fall,2268,1,MBN,299,014,1.0,12.0,OPT,N,0
116948,2026,Fall,2268,1,MBN,299,015,1.0,12.0,OPT,N,0
116948,2026,Fall,2268,1,MBN,299,016,1.0,12.0,OPT,N,1
116948,2026,Fall,2268,1,MBN,299,017,1.0,12.0,OPT,N,0
116948,2026,Fall,2268,1,MBN,299,018,1.0,12.0,OPT,N,0
116948,2026,Fall,2268,1,MBN,299,019,1.0,12.0,OPT,N,0
116948,2026,Fall,2268,1,MBN,299,020,1.0,12.0,OPT,N,0
116948,2026,Fall,2268,1,MBN,299,021,1.0,12.0,OPT,N,33
116948,2026,Fall,2268,1,MBN,299,022,1.0,12.0,OPT,N,10
116948,2026,Fall,2268,1,MBN,299,023,1.0,12.0,OPT,N,0
116948,2026,Fall,2268,1,MBN,299,024,1.0,12.0,OPT,N,0
116948,2026,Fall,2268,1,MBN,299,025,1.0,12.0,OPT,N,0
116948,2026,Fall,2268,1,MBN,299,026,1.0,12.0,OPT,N,1
116948,2026,Fall,2268,1,MBN,299,027,1.0,12.0,OPT,N,0
116948,2026,Fall,2268,1,MBN,299,028,1.0,12.0,OPT,N,1
116948,2026,Fall,2268,1,MBN,299,029,1.0,12.0,OPT,N,0
116948,2026,Fall,2268,1,MBN,299,030,1.0,12.0,OPT,N,0
116948,2026,Fall,2268,1,MBN,299,031,1.0,12.0,OPT,N,1
116948,2026,Fall,2268,1,MBN,299,032,1.0,12.0,OPT,N,1
116950,2026,Fall,2268,1,MBN,302,001,1.0,4.0,OPT,N,5
116950,2026,Fall,2268,1,MBN,302,002,1.0,4.0,OPT,N,0
116949,2026,Fall,2268,1,MBN,375,001,1.0,2.0,OPT,N,20
162551,2026,Fall,2268,1,MBN,400,001,2.0,12.0,SUS,N,1
162551,2026,Fall,2268,1,MBN,400,002,2.0,12.0,SUS,N,1
162551,2026,Fall,2268,1,MBN,400,003,2.0,12.0,SUS,N,1
116980,2026,Fall,2268,1,MBN,98,002,2.0,2.0,PNP,N,19
116980,2026,Fall,2268,1,MBN,98,003,2.0,2.0,PNP,N,14
116983,2026,Fall,2268,1,MBN,H196,001,4.0,4.0,OPT,N,0
116983,2026,Fall,2268,1,MBN,H196,002,4.0,4.0,OPT,N,0
116983,2026,Fall,2268,1,MBN,H196,003,4.0,4.0,OPT,N,0
116983,2026,Fall,2268,1,MBN,H196,004,4.0,4.0,OPT,N,0
116983,2026,Fall,2268,1,MBN,H196,005,4.0,4.0,OPT,N,0
116983,2026,Fall,2268,1,MBN,H196,006,4.0,4.0,OPT,N,0
116983,2026,Fall,2268,1,MBN,H196,007,4.0,4.0,OPT,N,0
116983,2026,Fall,2268,1,MBN,H196,008,4.0,4.0,OPT,N,0
116983,2026,Fall,2268,1,MBN,H196,009,4.0,4.0,OPT,N,0
116983,2026,Fall,2268,1,MBN,H196,010,4.0,4.0,OPT,N,0
116983,2026,Fall,2268,1,MBN,H196,011,4.0,4.0,OPT,N,0
116983,2026,Fall,2268,1,MBN,H196,012,4.0,4.0,OPT,N,0
116983,2026,Fall,2268,1,MBN,H196,013,4.0,4.0,OPT,N,0
116983,2026,Fall,2268,1,MBN,H196,014,4.0,4.0,OPT,N,0
116983,2026,Fall,2268,1,MBN,H196,020,4.0,4.0,OPT,N,0
116983,2026,Fall,2268,1,MBN,H196,15,4.0,4.0,OPT,N,0
116983,2026,Fall,2268,1,MBN,H196,16,4.0,4.0,OPT,N,0
116983,2026,Fall,2268,1,MBN,H196,17,4.0,4.0,OPT,N,0
116983,2026,Fall,2268,1,MBN,H196,18,4.0,4.0,OPT,N,0
116983,2026,Fall,2268,1,MBN,H196,19,4.0,4.0,OPT,N,0
116983,2026,Fall,2268,1,MBN,H196,20,4.0,4.0,OPT,N,0
116983,2026,Fall,2268,1,MBN,H196,22,4.0,4.0,OPT,N,0
115078,2026,Fall,2268,1,MCELLBI,100B,001,4.0,4.0,OPT,Y,0
115079,2026,Fall,2268,1,MCELLBI,102,001,4.0,4.0,OPT,Y,934
115081,2026,Fall,2268,1,MCELLBI,104,001,4.0,4.0,OPT,Y,536
115083,2026,Fall,2268,1,MCELLBI,110,001,4.0,4.0,OPT,Y,275
162779,2026,Fall,2268,1,MCELLBI,120,001,4.0,4.0,OPT,Y,421
163301,2026,Fall,2268,1,MCELLBI,120L,001,4.0,4.0,OPT,Y,112
115114,2026,Fall,2268,1,MCELLBI,132,001,4.0,4.0,OPT,Y,335
115116,2026,Fall,2268,1,MCELLBI,133L,001,4.0,4.0,OPT,N,184
115119,2026,Fall,2268,1,MCELLBI,135A,001,3.0,3.0,OPT,Y,395
115130,2026,Fall,2268,1,MCELLBI,136,001,4.0,4.0,OPT,Y,363
115135,2026,Fall,2268,1,MCELLBI,140,001,4.0,4.0,OPT,Y,312
115137,2026,Fall,2268,1,MCELLBI,141,001,4.0,4.0,OPT,Y,0
115139,2026,Fall,2268,1,MCELLBI,143,001,3.0,3.0,OPT,N,245
115140,2026,Fall,2268,1,MCELLBI,149,001,3.0,3.0,OPT,A,172
115142,2026,Fall,2268,1,MCELLBI,150,001,4.0,4.0,OPT,Y,318
115143,2026,Fall,2268,1,MCELLBI,150L,001,4.0,4.0,OPT,N,66
161350,2026,Fall,2268,1,MCELLBI,153,001,4.0,4.0,OPT,Y,498
165038,2026,Fall,2268,1,MCELLBI,153L,001,4.0,4.0,OPT,A,0
115156,2026,Fall,2268,1,MCELLBI,180,001,2.0,2.0,PNP,N,118
115157,2026,Fall,2268,1,MCELLBI,180C,001,1.0,2.0,PNP,Y,0
166667,2026,Fall,2268,1,MCELLBI,186A,001,2.0,2.0,OPT,A,384
159785,2026,Fall,2268,1,MCELLBI,191,032,3.0,3.0,OPT,A,0
159785,2026,Fall,2268,1,MCELLBI,191,033,3.0,3.0,OPT,A,0
159785,2026,Fall,2268,1,MCELLBI,191,114,3.0,3.0,OPT,A,0
159785,2026,Fall,2268,1,MCELLBI,191,140,3.0,3.0,OPT,A,0
159785,2026,Fall,2268,1,MCELLBI,191,150,3.0,3.0,OPT,A,0
159785,2026,Fall,2268,1,MCELLBI,191,205,3.0,3.0,OPT,A,0
159785,2026,Fall,2268,1,MCELLBI,191,208,3.0,3.0,OPT,A,0
159785,2026,Fall,2268,1,MCELLBI,191,283,3.0,3.0,OPT,A,0
159785,2026,Fall,2268,1,MCELLBI,191,287,3.0,3.0,OPT,A,0
159785,2026,Fall,2268,1,MCELLBI,191,288,3.0,3.0,OPT,A,0
159785,2026,Fall,2268,1,MCELLBI,191,357,3.0,3.0,OPT,A,0
159785,2026,Fall,2268,1,MCELLBI,191,360,3.0,3.0,OPT,A,0
159785,2026,Fall,2268,1,MCELLBI,191,375,3.0,3.0,OPT,A,0
159785,2026,Fall,2268,1,MCELLBI,191,377,3.0,3.0,OPT,A,0
159785,2026,Fall,2268,1,MCELLBI,191,460,3.0,3.0,OPT,A,0
159785,2026,Fall,2268,1,MCELLBI,191,505,3.0,3.0,OPT,A,0
115159,2026,Fall,2268,1,MCELLBI,197,004,0.5,4.0,PNP,N,0
115159,2026,Fall,2268,1,MCELLBI,197,035,0.5,4.0,PNP,N,0
115159,2026,Fall,2268,1,MCELLBI,197,062,0.5,4.0,PNP,N,0
115159,2026,Fall,2268,1,MCELLBI,197,100,0.5,4.0,PNP,N,0
115159,2026,Fall,2268,1,MCELLBI,197,114,0.5,4.0,PNP,N,0
115159,2026,Fall,2268,1,MCELLBI,197,139,0.5,4.0,PNP,N,0
115159,2026,Fall,2268,1,MCELLBI,197,140,0.5,4.0,PNP,N,0
115159,2026,Fall,2268,1,MCELLBI,197,165,0.5,4.0,PNP,N,0
115159,2026,Fall,2268,1,MCELLBI,197,170,0.5,4.0,PNP,N,0
115159,2026,Fall,2268,1,MCELLBI,197,214,0.5,4.0,PNP,N,0
115159,2026,Fall,2268,1,MCELLBI,197,288,0.5,4.0,PNP,N,0
115159,2026,Fall,2268,1,MCELLBI,197,300,0.5,0.5,PNP,N,0
115159,2026,Fall,2268,1,MCELLBI,197,375,0.5,4.0,PNP,N,0
115159,2026,Fall,2268,1,MCELLBI,197,485,0.5,4.0,PNP,N,0
115160,2026,Fall,2268,1,MCELLBI,198,001,1.0,1.0,PNP,N,60
115160,2026,Fall,2268,1,MCELLBI,198,002,2.0,2.0,PNP,N,54
115160,2026,Fall,2268,1,MCELLBI,198,003,2.0,2.0,PNP,N,24
115160,2026,Fall,2268,1,MCELLBI,198,004,2.0,2.0,PNP,N,29
115160,2026,Fall,2268,1,MCELLBI,198,005,1.0,1.0,PNP,N,42
115160,2026,Fall,2268,1,MCELLBI,198,006,2.0,2.0,PNP,N,14
115160,2026,Fall,2268,1,MCELLBI,198,008,2.0,2.0,PNP,N,17
115160,2026,Fall,2268,1,MCELLBI,198,009,2.0,2.0,PNP,N,46
115160,2026,Fall,2268,1,MCELLBI,198,204,2.0,2.0,PNP,N,44
115161,2026,Fall,2268,1,MCELLBI,199,005,1.0,4.0,PNP,N,0
115161,2026,Fall,2268,1,MCELLBI,199,015,1.0,4.0,PNP,N,0
115161,2026,Fall,2268,1,MCELLBI,199,025,1.0,4.0,PNP,N,0
115161,2026,Fall,2268,1,MCELLBI,199,032,1.0,4.0,PNP,N,0
115161,2026,Fall,2268,1,MCELLBI,199,033,1.0,4.0,PNP,N,0
115161,2026,Fall,2268,1,MCELLBI,199,034,1.0,4.0,PNP,N,0
115161,2026,Fall,2268,1,MCELLBI,199,035,1.0,4.0,PNP,N,0
115161,2026,Fall,2268,1,MCELLBI,199,050,1.0,4.0,PNP,N,0
115161,2026,Fall,2268,1,MCELLBI,199,057,1.0,4.0,PNP,N,0
115161,2026,Fall,2268,1,MCELLBI,199,060,1.0,4.0,PNP,N,0
115161,2026,Fall,2268,1,MCELLBI,199,062,1.0,4.0,PNP,N,0
115161,2026,Fall,2268,1,MCELLBI,199,065,1.0,4.0,PNP,N,0
115161,2026,Fall,2268,1,MCELLBI,199,070,1.0,4.0,PNP,N,0
115161,2026,Fall,2268,1,MCELLBI,199,075,1.0,4.0,PNP,N,0
115161,2026,Fall,2268,1,MCELLBI,199,080,1.0,4.0,PNP,N,0
115161,2026,Fall,2268,1,MCELLBI,199,085,1.0,4.0,PNP,N,0
115161,2026,Fall,2268,1,MCELLBI,199,088,1.0,4.0,PNP,N,0
115161,2026,Fall,2268,1,MCELLBI,199,090,1.0,4.0,PNP,N,0
115161,2026,Fall,2268,1,MCELLBI,199,100,1.0,4.0,PNP,N,0
115161,2026,Fall,2268,1,MCELLBI,199,101,1.0,4.0,PNP,N,0
115161,2026,Fall,2268,1,MCELLBI,199,103,1.0,4.0,PNP,N,0
115161,2026,Fall,2268,1,MCELLBI,199,105,1.0,4.0,PNP,N,0
115161,2026,Fall,2268,1,MCELLBI,199,110,1.0,4.0,PNP,N,0
115161,2026,Fall,2268,1,MCELLBI,199,111,1.0,4.0,PNP,N,0
115161,2026,Fall,2268,1,MCELLBI,199,112,1.0,4.0,PNP,N,0
115161,2026,Fall,2268,1,MCELLBI,199,114,1.0,4.0,PNP,N,0
115161,2026,Fall,2268,1,MCELLBI,199,116,1.0,4.0,PNP,N,0
115161,2026,Fall,2268,1,MCELLBI,199,117,1.0,4.0,PNP,N,0
115161,2026,Fall,2268,1,MCELLBI,199,120,1.0,4.0,PNP,N,0
115161,2026,Fall,2268,1,MCELLBI,199,125,1.0,4.0,PNP,N,0
115161,2026,Fall,2268,1,MCELLBI,199,126,1.0,4.0,PNP,N,0
115161,2026,Fall,2268,1,MCELLBI,199,135,1.0,4.0,PNP,N,0
115161,2026,Fall,2268,1,MCELLBI,199,139,1.0,4.0,PNP,N,0
115161,2026,Fall,2268,1,MCELLBI,199,140,1.0,4.0,PNP,N,0
115161,2026,Fall,2268,1,MCELLBI,199,142,1.0,4.0,PNP,N,0
115161,2026,Fall,2268,1,MCELLBI,199,145,1.0,4.0,PNP,N,0
115161,2026,Fall,2268,1,MCELLBI,199,147,1.0,4.0,PNP,N,0
115161,2026,Fall,2268,1,MCELLBI,199,155,1.0,4.0,PNP,N,0
115161,2026,Fall,2268,1,MCELLBI,199,165,1.0,4.0,PNP,N,0
115161,2026,Fall,2268,1,MCELLBI,199,170,1.0,4.0,PNP,N,0
115161,2026,Fall,2268,1,MCELLBI,199,172,1.0,4.0,PNP,N,0
115161,2026,Fall,2268,1,MCELLBI,199,174,1.0,4.0,PNP,N,0
115161,2026,Fall,2268,1,MCELLBI,199,175,1.0,4.0,PNP,N,0
115161,2026,Fall,2268,1,MCELLBI,199,180,1.0,4.0,PNP,N,0
115161,2026,Fall,2268,1,MCELLBI,199,202,1.0,4.0,PNP,N,0
115161,2026,Fall,2268,1,MCELLBI,199,205,1.0,4.0,PNP,N,0
115161,2026,Fall,2268,1,MCELLBI,199,206,1.0,4.0,PNP,N,0
115161,2026,Fall,2268,1,MCELLBI,199,208,1.0,4.0,PNP,N,0
115161,2026,Fall,2268,1,MCELLBI,199,210,1.0,4.0,PNP,N,0
115161,2026,Fall,2268,1,MCELLBI,199,211,1.0,4.0,PNP,N,0
115161,2026,Fall,2268,1,MCELLBI,199,213,1.0,4.0,PNP,N,0
115161,2026,Fall,2268,1,MCELLBI,199,214,1.0,4.0,PNP,N,0
115161,2026,Fall,2268,1,MCELLBI,199,215,1.0,4.0,PNP,N,0
115161,2026,Fall,2268,1,MCELLBI,199,220,1.0,4.0,PNP,N,0
115161,2026,Fall,2268,1,MCELLBI,199,225,1.0,4.0,PNP,N,0
115161,2026,Fall,2268,1,MCELLBI,199,232,1.0,4.0,PNP,N,0
115161,2026,Fall,2268,1,MCELLBI,199,240,1.0,4.0,PNP,N,0
115161,2026,Fall,2268,1,MCELLBI,199,244,1.0,4.0,PNP,N,0
115161,2026,Fall,2268,1,MCELLBI,199,247,1.0,4.0,PNP,N,0
115161,2026,Fall,2268,1,MCELLBI,199,250,1.0,4.0,PNP,N,0
115161,2026,Fall,2268,1,MCELLBI,199,262,1.0,4.0,PNP,N,0
115161,2026,Fall,2268,1,MCELLBI,199,265,1.0,4.0,PNP,N,0
115161,2026,Fall,2268,1,MCELLBI,199,268,1.0,4.0,PNP,N,0
115161,2026,Fall,2268,1,MCELLBI,199,270,1.0,4.0,PNP,N,0
115161,2026,Fall,2268,1,MCELLBI,199,273,1.0,4.0,PNP,N,0
115161,2026,Fall,2268,1,MCELLBI,199,275,1.0,4.0,PNP,N,0
115161,2026,Fall,2268,1,MCELLBI,199,280,1.0,4.0,PNP,N,0
115161,2026,Fall,2268,1,MCELLBI,199,283,1.0,4.0,PNP,N,0
115161,2026,Fall,2268,1,MCELLBI,199,285,1.0,4.0,PNP,N,0
115161,2026,Fall,2268,1,MCELLBI,199,287,1.0,4.0,PNP,N,0
115161,2026,Fall,2268,1,MCELLBI,199,288,1.0,4.0,PNP,N,0
115161,2026,Fall,2268,1,MCELLBI,199,290,1.0,4.0,PNP,N,0
115161,2026,Fall,2268,1,MCELLBI,199,295,1.0,4.0,PNP,N,0
115161,2026,Fall,2268,1,MCELLBI,199,300,1.0,4.0,PNP,N,0
115161,2026,Fall,2268,1,MCELLBI,199,301,1.0,4.0,PNP,N,0
115161,2026,Fall,2268,1,MCELLBI,199,308,1.0,4.0,PNP,N,0
115161,2026,Fall,2268,1,MCELLBI,199,312,1.0,4.0,PNP,N,0
115161,2026,Fall,2268,1,MCELLBI,199,315,1.0,4.0,PNP,N,0
115161,2026,Fall,2268,1,MCELLBI,199,320,1.0,4.0,PNP,N,0
115161,2026,Fall,2268,1,MCELLBI,199,325,1.0,4.0,PNP,N,0
115161,2026,Fall,2268,1,MCELLBI,199,327,1.0,4.0,PNP,N,0
115161,2026,Fall,2268,1,MCELLBI,199,330,1.0,4.0,PNP,N,0
115161,2026,Fall,2268,1,MCELLBI,199,333,1.0,4.0,PNP,N,0
115161,2026,Fall,2268,1,MCELLBI,199,335,1.0,4.0,PNP,N,0
115161,2026,Fall,2268,1,MCELLBI,199,340,1.0,4.0,PNP,N,0
115161,2026,Fall,2268,1,MCELLBI,199,345,1.0,4.0,PNP,N,0
115161,2026,Fall,2268,1,MCELLBI,199,350,1.0,4.0,PNP,N,0
115161,2026,Fall,2268,1,MCELLBI,199,357,1.0,4.0,PNP,N,0
115161,2026,Fall,2268,1,MCELLBI,199,360,1.0,4.0,PNP,N,0
115161,2026,Fall,2268,1,MCELLBI,199,363,1.0,4.0,PNP,N,0
115161,2026,Fall,2268,1,MCELLBI,199,370,1.0,4.0,PNP,N,0
115161,2026,Fall,2268,1,MCELLBI,199,375,1.0,4.0,PNP,N,0
115161,2026,Fall,2268,1,MCELLBI,199,376,1.0,4.0,PNP,N,0
115161,2026,Fall,2268,1,MCELLBI,199,377,1.0,4.0,PNP,N,0
115161,2026,Fall,2268,1,MCELLBI,199,378,1.0,4.0,PNP,N,0
115161,2026,Fall,2268,1,MCELLBI,199,380,1.0,4.0,PNP,N,0
115161,2026,Fall,2268,1,MCELLBI,199,385,1.0,4.0,PNP,N,0
115161,2026,Fall,2268,1,MCELLBI,199,389,1.0,4.0,PNP,N,0
115161,2026,Fall,2268,1,MCELLBI,199,390,1.0,4.0,PNP,N,0
115161,2026,Fall,2268,1,MCELLBI,199,400,1.0,4.0,PNP,N,0
115161,2026,Fall,2268,1,MCELLBI,199,405,1.0,4.0,PNP,N,0
115161,2026,Fall,2268,1,MCELLBI,199,415,1.0,4.0,PNP,N,0
115161,2026,Fall,2268,1,MCELLBI,199,420,1.0,4.0,PNP,N,0
115161,2026,Fall,2268,1,MCELLBI,199,430,1.0,4.0,PNP,N,0
115161,2026,Fall,2268,1,MCELLBI,199,445,1.0,4.0,PNP,N,0
115161,2026,Fall,2268,1,MCELLBI,199,455,1.0,4.0,PNP,N,0
115161,2026,Fall,2268,1,MCELLBI,199,457,1.0,4.0,PNP,N,0
115161,2026,Fall,2268,1,MCELLBI,199,458,1.0,4.0,PNP,N,0
115161,2026,Fall,2268,1,MCELLBI,199,459,1.0,4.0,PNP,N,0
115161,2026,Fall,2268,1,MCELLBI,199,460,1.0,4.0,PNP,N,0
115161,2026,Fall,2268,1,MCELLBI,199,470,1.0,4.0,PNP,N,0
115161,2026,Fall,2268,1,MCELLBI,199,473,1.0,4.0,PNP,N,0
115161,2026,Fall,2268,1,MCELLBI,199,475,1.0,4.0,PNP,N,0
115161,2026,Fall,2268,1,MCELLBI,199,480,1.0,4.0,PNP,N,0
115161,2026,Fall,2268,1,MCELLBI,199,485,1.0,4.0,PNP,N,0
115161,2026,Fall,2268,1,MCELLBI,199,495,1.0,4.0,PNP,N,0
115161,2026,Fall,2268,1,MCELLBI,199,497,1.0,4.0,PNP,N,0
115161,2026,Fall,2268,1,MCELLBI,199,505,1.0,4.0,PNP,N,0
115161,2026,Fall,2268,1,MCELLBI,199,600,1.0,4.0,PNP,N,0
115161,2026,Fall,2268,1,MCELLBI,199,900,1.0,4.0,PNP,N,0
115161,2026,Fall,2268,1,MCELLBI,199,901,1.0,4.0,PNP,N,0
115163,2026,Fall,2268,1,MCELLBI,200A,001,3.0,3.0,OPT,N,53
115164,2026,Fall,2268,1,MCELLBI,200B,001,3.0,3.0,OPT,N,32
164230,2026,Fall,2268,1,MCELLBI,201B,001,4.0,4.0,OPT,N,100
164238,2026,Fall,2268,1,MCELLBI,227,001,2.0,2.0,OPT,N,14
115262,2026,Fall,2268,1,MCELLBI,236,001,5.0,5.0,OPT,N,0
161975,2026,Fall,2268,1,MCELLBI,238,001,1.0,1.0,SUS,N,0
115448,2026,Fall,2268,1,MCELLBI,24,D01,1.0,1.0,IOP,A,0
115344,2026,Fall,2268,1,MCELLBI,251,001,1.0,1.0,SUS,N,0
164597,2026,Fall,2268,1,MCELLBI,275,001,2.0,2.0,OPT,N,97
165961,2026,Fall,2268,1,MCELLBI,279,001,4.0,8.0,OPT,N,20
168496,2026,Fall,2268,1,MCELLBI,287,005,2.0,2.0,OPT,N,2
168496,2026,Fall,2268,1,MCELLBI,287,015,2.0,2.0,OPT,N,0
168496,2026,Fall,2268,1,MCELLBI,287,032,2.0,2.0,OPT,N,0
168496,2026,Fall,2268,1,MCELLBI,287,033,2.0,2.0,OPT,N,0
168496,2026,Fall,2268,1,MCELLBI,287,034,2.0,2.0,OPT,N,0
168496,2026,Fall,2268,1,MCELLBI,287,050,2.0,2.0,OPT,N,0
168496,2026,Fall,2268,1,MCELLBI,287,057,2.0,2.0,OPT,N,0
168496,2026,Fall,2268,1,MCELLBI,287,062,2.0,2.0,OPT,N,0
168496,2026,Fall,2268,1,MCELLBI,287,065,2.0,2.0,OPT,N,0
168496,2026,Fall,2268,1,MCELLBI,287,070,2.0,2.0,OPT,N,0
168496,2026,Fall,2268,1,MCELLBI,287,075,2.0,2.0,OPT,N,0
168496,2026,Fall,2268,1,MCELLBI,287,080,2.0,2.0,OPT,N,0
168496,2026,Fall,2268,1,MCELLBI,287,090,2.0,2.0,OPT,N,0
168496,2026,Fall,2268,1,MCELLBI,287,100,2.0,2.0,OPT,N,0
168496,2026,Fall,2268,1,MCELLBI,287,103,2.0,2.0,OPT,N,0
168496,2026,Fall,2268,1,MCELLBI,287,105,2.0,2.0,OPT,N,0
168496,2026,Fall,2268,1,MCELLBI,287,110,2.0,2.0,OPT,N,0
168496,2026,Fall,2268,1,MCELLBI,287,111,2.0,2.0,OPT,N,0
168496,2026,Fall,2268,1,MCELLBI,287,112,2.0,2.0,OPT,N,0
168496,2026,Fall,2268,1,MCELLBI,287,114,2.0,2.0,OPT,N,0
168496,2026,Fall,2268,1,MCELLBI,287,117,2.0,2.0,OPT,N,0
168496,2026,Fall,2268,1,MCELLBI,287,120,2.0,2.0,OPT,N,0
168496,2026,Fall,2268,1,MCELLBI,287,126,2.0,2.0,OPT,N,0
168496,2026,Fall,2268,1,MCELLBI,287,135,2.0,2.0,OPT,N,0
168496,2026,Fall,2268,1,MCELLBI,287,139,2.0,2.0,OPT,N,0
168496,2026,Fall,2268,1,MCELLBI,287,142,2.0,2.0,OPT,N,0
168496,2026,Fall,2268,1,MCELLBI,287,145,2.0,2.0,OPT,N,0
168496,2026,Fall,2268,1,MCELLBI,287,147,2.0,2.0,OPT,N,0
168496,2026,Fall,2268,1,MCELLBI,287,155,2.0,2.0,OPT,N,0
168496,2026,Fall,2268,1,MCELLBI,287,165,2.0,2.0,OPT,N,0
168496,2026,Fall,2268,1,MCELLBI,287,175,2.0,2.0,OPT,N,0
168496,2026,Fall,2268,1,MCELLBI,287,180,2.0,2.0,OPT,N,0
168496,2026,Fall,2268,1,MCELLBI,287,202,2.0,2.0,OPT,N,0
168496,2026,Fall,2268,1,MCELLBI,287,205,2.0,2.0,OPT,N,0
168496,2026,Fall,2268,1,MCELLBI,287,208,2.0,2.0,OPT,N,0
168496,2026,Fall,2268,1,MCELLBI,287,210,2.0,2.0,OPT,N,0
168496,2026,Fall,2268,1,MCELLBI,287,211,2.0,2.0,OPT,N,0
168496,2026,Fall,2268,1,MCELLBI,287,213,2.0,2.0,OPT,N,0
168496,2026,Fall,2268,1,MCELLBI,287,214,2.0,2.0,OPT,N,0
168496,2026,Fall,2268,1,MCELLBI,287,215,2.0,2.0,OPT,N,0
168496,2026,Fall,2268,1,MCELLBI,287,225,2.0,2.0,OPT,N,0
168496,2026,Fall,2268,1,MCELLBI,287,232,2.0,2.0,OPT,N,0
168496,2026,Fall,2268,1,MCELLBI,287,244,2.0,2.0,OPT,N,0
168496,2026,Fall,2268,1,MCELLBI,287,247,2.0,2.0,OPT,N,0
168496,2026,Fall,2268,1,MCELLBI,287,250,2.0,2.0,OPT,N,0
168496,2026,Fall,2268,1,MCELLBI,287,260,2.0,2.0,OPT,N,0
168496,2026,Fall,2268,1,MCELLBI,287,262,2.0,2.0,OPT,N,0
168496,2026,Fall,2268,1,MCELLBI,287,265,2.0,2.0,OPT,N,0
168496,2026,Fall,2268,1,MCELLBI,287,270,2.0,2.0,OPT,N,0
168496,2026,Fall,2268,1,MCELLBI,287,275,2.0,2.0,OPT,N,0
168496,2026,Fall,2268,1,MCELLBI,287,282,2.0,2.0,OPT,N,0
168496,2026,Fall,2268,1,MCELLBI,287,283,2.0,2.0,OPT,N,0
168496,2026,Fall,2268,1,MCELLBI,287,285,2.0,2.0,OPT,N,0
168496,2026,Fall,2268,1,MCELLBI,287,287,2.0,2.0,OPT,N,0
168496,2026,Fall,2268,1,MCELLBI,287,288,2.0,2.0,OPT,N,0
168496,2026,Fall,2268,1,MCELLBI,287,290,2.0,2.0,OPT,N,0
168496,2026,Fall,2268,1,MCELLBI,287,293,2.0,2.0,OPT,N,0
168496,2026,Fall,2268,1,MCELLBI,287,295,2.0,2.0,OPT,N,0
168496,2026,Fall,2268,1,MCELLBI,287,300,2.0,2.0,OPT,N,0
168496,2026,Fall,2268,1,MCELLBI,287,301,2.0,2.0,OPT,N,0
168496,2026,Fall,2268,1,MCELLBI,287,308,2.0,2.0,OPT,N,0
168496,2026,Fall,2268,1,MCELLBI,287,312,2.0,2.0,OPT,N,0
168496,2026,Fall,2268,1,MCELLBI,287,315,2.0,2.0,OPT,N,0
168496,2026,Fall,2268,1,MCELLBI,287,320,2.0,2.0,OPT,N,0
168496,2026,Fall,2268,1,MCELLBI,287,325,2.0,2.0,OPT,N,0
168496,2026,Fall,2268,1,MCELLBI,287,327,2.0,2.0,OPT,N,0
168496,2026,Fall,2268,1,MCELLBI,287,330,2.0,2.0,OPT,N,0
168496,2026,Fall,2268,1,MCELLBI,287,333,2.0,2.0,OPT,N,0
168496,2026,Fall,2268,1,MCELLBI,287,335,2.0,2.0,OPT,N,0
168496,2026,Fall,2268,1,MCELLBI,287,340,2.0,2.0,OPT,N,0
168496,2026,Fall,2268,1,MCELLBI,287,345,2.0,2.0,OPT,N,0
168496,2026,Fall,2268,1,MCELLBI,287,350,2.0,2.0,OPT,N,0
168496,2026,Fall,2268,1,MCELLBI,287,357,2.0,2.0,OPT,N,0
168496,2026,Fall,2268,1,MCELLBI,287,360,2.0,2.0,OPT,N,0
168496,2026,Fall,2268,1,MCELLBI,287,363,2.0,2.0,OPT,N,0
168496,2026,Fall,2268,1,MCELLBI,287,370,2.0,2.0,OPT,N,0
168496,2026,Fall,2268,1,MCELLBI,287,375,2.0,2.0,OPT,N,0
168496,2026,Fall,2268,1,MCELLBI,287,377,2.0,2.0,OPT,N,0
168496,2026,Fall,2268,1,MCELLBI,287,380,2.0,2.0,OPT,N,0
168496,2026,Fall,2268,1,MCELLBI,287,385,2.0,2.0,OPT,N,0
168496,2026,Fall,2268,1,MCELLBI,287,389,2.0,2.0,OPT,N,0
168496,2026,Fall,2268,1,MCELLBI,287,390,2.0,2.0,OPT,N,0
168496,2026,Fall,2268,1,MCELLBI,287,400,2.0,2.0,OPT,N,0
168496,2026,Fall,2268,1,MCELLBI,287,405,2.0,2.0,OPT,N,0
168496,2026,Fall,2268,1,MCELLBI,287,415,2.0,2.0,OPT,N,0
168496,2026,Fall,2268,1,MCELLBI,287,425,2.0,2.0,OPT,N,0
168496,2026,Fall,2268,1,MCELLBI,287,430,2.0,2.0,OPT,N,0
168496,2026,Fall,2268,1,MCELLBI,287,433,2.0,2.0,OPT,N,0
168496,2026,Fall,2268,1,MCELLBI,287,435,2.0,2.0,OPT,N,0
168496,2026,Fall,2268,1,MCELLBI,287,445,2.0,2.0,OPT,N,0
168496,2026,Fall,2268,1,MCELLBI,287,447,2.0,2.0,OPT,N,0
168496,2026,Fall,2268,1,MCELLBI,287,457,2.0,2.0,OPT,N,0
168496,2026,Fall,2268,1,MCELLBI,287,458,2.0,2.0,OPT,N,0
168496,2026,Fall,2268,1,MCELLBI,287,459,2.0,2.0,OPT,N,0
168496,2026,Fall,2268,1,MCELLBI,287,460,2.0,2.0,OPT,N,0
168496,2026,Fall,2268,1,MCELLBI,287,470,2.0,2.0,OPT,N,0
168496,2026,Fall,2268,1,MCELLBI,287,475,2.0,2.0,OPT,N,0
168496,2026,Fall,2268,1,MCELLBI,287,480,2.0,2.0,OPT,N,0
168496,2026,Fall,2268,1,MCELLBI,287,485,2.0,2.0,OPT,N,0
168496,2026,Fall,2268,1,MCELLBI,287,495,2.0,2.0,OPT,N,0
168496,2026,Fall,2268,1,MCELLBI,287,497,2.0,2.0,OPT,N,0
168496,2026,Fall,2268,1,MCELLBI,287,505,2.0,2.0,OPT,N,0
115402,2026,Fall,2268,1,MCELLBI,290,A01,1.0,1.0,OPT,N,14
115402,2026,Fall,2268,1,MCELLBI,290,A02,1.0,1.0,OPT,N,16
115402,2026,Fall,2268,1,MCELLBI,290,A03,1.0,1.0,OPT,N,0
115402,2026,Fall,2268,1,MCELLBI,290,A04,1.0,1.0,OPT,N,0
115402,2026,Fall,2268,1,MCELLBI,290,B01,1.0,1.0,OPT,N,8
115402,2026,Fall,2268,1,MCELLBI,290,C01,1.0,1.0,OPT,N,0
115402,2026,Fall,2268,1,MCELLBI,290,C02,1.0,1.0,OPT,N,0
115402,2026,Fall,2268,1,MCELLBI,290,D01,1.0,1.0,OPT,N,8
115402,2026,Fall,2268,1,MCELLBI,290,F01,1.0,1.0,OPT,N,0
115404,2026,Fall,2268,1,MCELLBI,291A,G01,2.0,12.0,BMT,N,6
115406,2026,Fall,2268,1,MCELLBI,292,005,3.0,12.0,OPT,N,0
115406,2026,Fall,2268,1,MCELLBI,292,015,3.0,12.0,OPT,N,1
115406,2026,Fall,2268,1,MCELLBI,292,032,3.0,12.0,OPT,N,0
115406,2026,Fall,2268,1,MCELLBI,292,033,3.0,12.0,OPT,N,0
115406,2026,Fall,2268,1,MCELLBI,292,034,3.0,12.0,OPT,N,0
115406,2026,Fall,2268,1,MCELLBI,292,035,3.0,12.0,OPT,N,0
115406,2026,Fall,2268,1,MCELLBI,292,057,3.0,12.0,OPT,N,0
115406,2026,Fall,2268,1,MCELLBI,292,062,3.0,12.0,OPT,N,0
115406,2026,Fall,2268,1,MCELLBI,292,065,3.0,12.0,OPT,N,0
115406,2026,Fall,2268,1,MCELLBI,292,070,3.0,12.0,OPT,N,0
115406,2026,Fall,2268,1,MCELLBI,292,075,3.0,12.0,OPT,N,1
115406,2026,Fall,2268,1,MCELLBI,292,080,3.0,12.0,OPT,N,0
115406,2026,Fall,2268,1,MCELLBI,292,090,3.0,12.0,OPT,N,0
115406,2026,Fall,2268,1,MCELLBI,292,100,3.0,12.0,OPT,N,0
115406,2026,Fall,2268,1,MCELLBI,292,103,3.0,12.0,OPT,N,0
115406,2026,Fall,2268,1,MCELLBI,292,105,3.0,12.0,OPT,N,0
115406,2026,Fall,2268,1,MCELLBI,292,110,3.0,12.0,OPT,N,0
115406,2026,Fall,2268,1,MCELLBI,292,111,3.0,12.0,OPT,N,0
115406,2026,Fall,2268,1,MCELLBI,292,112,3.0,12.0,OPT,N,0
115406,2026,Fall,2268,1,MCELLBI,292,114,3.0,12.0,OPT,N,0
115406,2026,Fall,2268,1,MCELLBI,292,117,3.0,12.0,OPT,N,3
115406,2026,Fall,2268,1,MCELLBI,292,120,3.0,12.0,OPT,N,1
115406,2026,Fall,2268,1,MCELLBI,292,126,3.0,12.0,OPT,N,0
115406,2026,Fall,2268,1,MCELLBI,292,135,3.0,12.0,OPT,N,1
115406,2026,Fall,2268,1,MCELLBI,292,137,3.0,12.0,OPT,N,1
115406,2026,Fall,2268,1,MCELLBI,292,139,3.0,12.0,OPT,N,0
115406,2026,Fall,2268,1,MCELLBI,292,140,3.0,12.0,OPT,N,0
115406,2026,Fall,2268,1,MCELLBI,292,142,3.0,12.0,OPT,N,0
115406,2026,Fall,2268,1,MCELLBI,292,145,3.0,12.0,OPT,N,0
115406,2026,Fall,2268,1,MCELLBI,292,147,3.0,12.0,OPT,N,0
115406,2026,Fall,2268,1,MCELLBI,292,155,3.0,12.0,OPT,N,0
115406,2026,Fall,2268,1,MCELLBI,292,165,3.0,12.0,OPT,N,0
115406,2026,Fall,2268,1,MCELLBI,292,170,3.0,12.0,OPT,N,0
115406,2026,Fall,2268,1,MCELLBI,292,175,3.0,12.0,OPT,N,0
115406,2026,Fall,2268,1,MCELLBI,292,180,3.0,12.0,OPT,N,0
115406,2026,Fall,2268,1,MCELLBI,292,202,3.0,12.0,OPT,N,0
115406,2026,Fall,2268,1,MCELLBI,292,205,3.0,12.0,OPT,N,0
115406,2026,Fall,2268,1,MCELLBI,292,208,3.0,12.0,OPT,N,0
115406,2026,Fall,2268,1,MCELLBI,292,210,3.0,12.0,OPT,N,0
115406,2026,Fall,2268,1,MCELLBI,292,211,3.0,12.0,OPT,N,0
115406,2026,Fall,2268,1,MCELLBI,292,213,3.0,12.0,OPT,N,0
115406,2026,Fall,2268,1,MCELLBI,292,214,3.0,12.0,OPT,N,0
115406,2026,Fall,2268,1,MCELLBI,292,215,3.0,12.0,OPT,N,0
115406,2026,Fall,2268,1,MCELLBI,292,217,3.0,12.0,OPT,N,2
115406,2026,Fall,2268,1,MCELLBI,292,225,3.0,12.0,OPT,N,0
115406,2026,Fall,2268,1,MCELLBI,292,232,3.0,12.0,OPT,N,0
115406,2026,Fall,2268,1,MCELLBI,292,244,3.0,12.0,OPT,N,0
115406,2026,Fall,2268,1,MCELLBI,292,247,3.0,12.0,OPT,N,0
115406,2026,Fall,2268,1,MCELLBI,292,250,3.0,12.0,OPT,N,0
115406,2026,Fall,2268,1,MCELLBI,292,260,3.0,12.0,OPT,N,0
115406,2026,Fall,2268,1,MCELLBI,292,262,3.0,12.0,OPT,N,0
115406,2026,Fall,2268,1,MCELLBI,292,265,3.0,12.0,OPT,N,0
115406,2026,Fall,2268,1,MCELLBI,292,270,3.0,12.0,OPT,N,0
115406,2026,Fall,2268,1,MCELLBI,292,273,3.0,12.0,OPT,N,0
115406,2026,Fall,2268,1,MCELLBI,292,275,3.0,12.0,OPT,N,0
115406,2026,Fall,2268,1,MCELLBI,292,282,3.0,12.0,OPT,N,0
115406,2026,Fall,2268,1,MCELLBI,292,283,3.0,12.0,OPT,N,0
115406,2026,Fall,2268,1,MCELLBI,292,285,3.0,12.0,OPT,N,0
115406,2026,Fall,2268,1,MCELLBI,292,287,3.0,12.0,OPT,N,0
115406,2026,Fall,2268,1,MCELLBI,292,288,3.0,12.0,OPT,N,0
115406,2026,Fall,2268,1,MCELLBI,292,290,3.0,12.0,OPT,N,0
115406,2026,Fall,2268,1,MCELLBI,292,293,3.0,12.0,OPT,N,0
115406,2026,Fall,2268,1,MCELLBI,292,295,3.0,12.0,OPT,N,0
115406,2026,Fall,2268,1,MCELLBI,292,300,3.0,12.0,OPT,N,0
115406,2026,Fall,2268,1,MCELLBI,292,301,3.0,12.0,OPT,N,0
115406,2026,Fall,2268,1,MCELLBI,292,308,3.0,12.0,OPT,N,0
115406,2026,Fall,2268,1,MCELLBI,292,312,3.0,12.0,OPT,N,0
115406,2026,Fall,2268,1,MCELLBI,292,315,3.0,12.0,OPT,N,0
115406,2026,Fall,2268,1,MCELLBI,292,320,3.0,12.0,OPT,N,0
115406,2026,Fall,2268,1,MCELLBI,292,325,3.0,12.0,OPT,N,0
115406,2026,Fall,2268,1,MCELLBI,292,327,3.0,12.0,OPT,N,0
115406,2026,Fall,2268,1,MCELLBI,292,330,3.0,12.0,OPT,N,0
115406,2026,Fall,2268,1,MCELLBI,292,333,3.0,12.0,OPT,N,0
115406,2026,Fall,2268,1,MCELLBI,292,335,3.0,12.0,OPT,N,0
115406,2026,Fall,2268,1,MCELLBI,292,340,3.0,12.0,OPT,N,0
115406,2026,Fall,2268,1,MCELLBI,292,345,3.0,12.0,OPT,N,0
115406,2026,Fall,2268,1,MCELLBI,292,350,3.0,12.0,OPT,N,0
115406,2026,Fall,2268,1,MCELLBI,292,355,3.0,12.0,OPT,N,0
115406,2026,Fall,2268,1,MCELLBI,292,357,3.0,12.0,OPT,N,0
115406,2026,Fall,2268,1,MCELLBI,292,360,3.0,12.0,OPT,N,0
115406,2026,Fall,2268,1,MCELLBI,292,363,3.0,12.0,OPT,N,0
115406,2026,Fall,2268,1,MCELLBI,292,370,3.0,12.0,OPT,N,0
115406,2026,Fall,2268,1,MCELLBI,292,375,3.0,12.0,OPT,N,0
115406,2026,Fall,2268,1,MCELLBI,292,377,3.0,12.0,OPT,N,0
115406,2026,Fall,2268,1,MCELLBI,292,380,3.0,12.0,OPT,N,1
115406,2026,Fall,2268,1,MCELLBI,292,385,3.0,12.0,OPT,N,0
115406,2026,Fall,2268,1,MCELLBI,292,389,3.0,12.0,OPT,N,0
115406,2026,Fall,2268,1,MCELLBI,292,390,3.0,12.0,OPT,N,0
115406,2026,Fall,2268,1,MCELLBI,292,400,3.0,12.0,OPT,N,0
115406,2026,Fall,2268,1,MCELLBI,292,405,3.0,12.0,OPT,N,0
115406,2026,Fall,2268,1,MCELLBI,292,415,3.0,12.0,OPT,N,0
115406,2026,Fall,2268,1,MCELLBI,292,425,3.0,12.0,OPT,N,0
115406,2026,Fall,2268,1,MCELLBI,292,430,3.0,12.0,OPT,N,0
115406,2026,Fall,2268,1,MCELLBI,292,433,3.0,12.0,OPT,N,0
115406,2026,Fall,2268,1,MCELLBI,292,435,3.0,12.0,OPT,N,0
115406,2026,Fall,2268,1,MCELLBI,292,445,3.0,12.0,OPT,N,0
115406,2026,Fall,2268,1,MCELLBI,292,447,3.0,12.0,OPT,N,0
115406,2026,Fall,2268,1,MCELLBI,292,450,3.0,12.0,OPT,N,0
115406,2026,Fall,2268,1,MCELLBI,292,457,3.0,12.0,OPT,N,0
115406,2026,Fall,2268,1,MCELLBI,292,458,3.0,12.0,OPT,N,0
115406,2026,Fall,2268,1,MCELLBI,292,459,3.0,12.0,OPT,N,0
115406,2026,Fall,2268,1,MCELLBI,292,460,3.0,12.0,OPT,N,0
115406,2026,Fall,2268,1,MCELLBI,292,470,3.0,12.0,OPT,N,0
115406,2026,Fall,2268,1,MCELLBI,292,475,3.0,12.0,OPT,N,0
115406,2026,Fall,2268,1,MCELLBI,292,480,3.0,12.0,OPT,N,0
115406,2026,Fall,2268,1,MCELLBI,292,485,3.0,12.0,OPT,N,0
115406,2026,Fall,2268,1,MCELLBI,292,495,3.0,12.0,OPT,N,0
115406,2026,Fall,2268,1,MCELLBI,292,497,3.0,12.0,OPT,N,0
115406,2026,Fall,2268,1,MCELLBI,292,505,3.0,12.0,OPT,N,0
115408,2026,Fall,2268,1,MCELLBI,293A,G01,2.0,2.0,SUS,N,1
156014,2026,Fall,2268,1,MCELLBI,293D,001,1.0,1.0,SUS,N,0
156299,2026,Fall,2268,1,MCELLBI,294,001,1.0,1.0,SUS,N,23
125414,2026,Fall,2268,1,MCELLBI,296,001,0.0,0.0,SUS,N,0
115415,2026,Fall,2268,1,MCELLBI,32,001,3.0,3.0,OPT,Y,981
115416,2026,Fall,2268,1,MCELLBI,32L,001,2.0,2.0,OPT,N,281
160152,2026,Fall,2268,1,MCELLBI,375,001,2.0,2.0,SUS,N,0
154522,2026,Fall,2268,1,MCELLBI,38,001,3.0,3.0,OPT,Y,0
115417,2026,Fall,2268,1,MCELLBI,380,A01,1.0,2.0,SUS,N,0
115417,2026,Fall,2268,1,MCELLBI,380,B01,1.0,2.0,SUS,N,0
115417,2026,Fall,2268,1,MCELLBI,380,B02,1.0,2.0,SUS,N,0
115417,2026,Fall,2268,1,MCELLBI,380,B03,1.0,2.0,SUS,N,0
115417,2026,Fall,2268,1,MCELLBI,380,C01,1.0,2.0,SUS,N,0
115417,2026,Fall,2268,1,MCELLBI,380,D01,1.0,2.0,SUS,N,0
115417,2026,Fall,2268,1,MCELLBI,380,E01,1.0,2.0,SUS,N,0
115424,2026,Fall,2268,1,MCELLBI,481B,001,1.0,4.0,SUS,N,19
115425,2026,Fall,2268,1,MCELLBI,481C,001,1.0,4.0,SUS,N,9
115429,2026,Fall,2268,1,MCELLBI,50,001,4.0,4.0,OPT,Y,0
115433,2026,Fall,2268,1,MCELLBI,55,001,3.0,3.0,OPT,Y,688
115434,2026,Fall,2268,1,MCELLBI,601,A01,1.0,8.0,SUS,N,0
115434,2026,Fall,2268,1,MCELLBI,601,B01,1.0,8.0,SUS,N,0
115434,2026,Fall,2268,1,MCELLBI,601,C01,1.0,8.0,SUS,N,0
115434,2026,Fall,2268,1,MCELLBI,601,D01,1.0,8.0,SUS,N,0
115434,2026,Fall,2268,1,MCELLBI,601,E01,1.0,8.0,SUS,N,0
115435,2026,Fall,2268,1,MCELLBI,602,A01,1.0,8.0,SUS,N,0
115435,2026,Fall,2268,1,MCELLBI,602,B01,1.0,8.0,SUS,N,0
115435,2026,Fall,2268,1,MCELLBI,602,C01,1.0,8.0,SUS,N,0
115435,2026,Fall,2268,1,MCELLBI,602,D01,1.0,8.0,SUS,N,0
115435,2026,Fall,2268,1,MCELLBI,602,E01,1.0,8.0,SUS,N,0
115459,2026,Fall,2268,1,MCELLBI,98,001,2.0,2.0,PNP,N,18
115459,2026,Fall,2268,1,MCELLBI,98,002,1.0,1.0,PNP,N,136
115459,2026,Fall,2268,1,MCELLBI,98,003,2.0,2.0,PNP,N,152
115459,2026,Fall,2268,1,MCELLBI,98,004,2.0,2.0,PNP,N,98
115459,2026,Fall,2268,1,MCELLBI,98,005,2.0,2.0,PNP,N,57
115460,2026,Fall,2268,1,MCELLBI,99,005,1.0,4.0,PNP,N,0
115460,2026,Fall,2268,1,MCELLBI,99,015,1.0,4.0,PNP,N,0
115460,2026,Fall,2268,1,MCELLBI,99,032,1.0,4.0,PNP,N,0
115460,2026,Fall,2268,1,MCELLBI,99,033,1.0,4.0,PNP,N,0
115460,2026,Fall,2268,1,MCELLBI,99,034,1.0,4.0,PNP,N,0
115460,2026,Fall,2268,1,MCELLBI,99,035,1.0,4.0,PNP,N,0
115460,2026,Fall,2268,1,MCELLBI,99,057,1.0,4.0,PNP,N,0
115460,2026,Fall,2268,1,MCELLBI,99,060,1.0,4.0,PNP,N,0
115460,2026,Fall,2268,1,MCELLBI,99,062,1.0,4.0,PNP,N,0
115460,2026,Fall,2268,1,MCELLBI,99,065,1.0,4.0,PNP,N,0
115460,2026,Fall,2268,1,MCELLBI,99,070,1.0,4.0,PNP,N,0
115460,2026,Fall,2268,1,MCELLBI,99,075,1.0,4.0,PNP,N,0
115460,2026,Fall,2268,1,MCELLBI,99,080,1.0,4.0,PNP,N,0
115460,2026,Fall,2268,1,MCELLBI,99,085,1.0,4.0,PNP,N,0
115460,2026,Fall,2268,1,MCELLBI,99,088,1.0,4.0,PNP,N,0
115460,2026,Fall,2268,1,MCELLBI,99,090,1.0,4.0,PNP,N,0
115460,2026,Fall,2268,1,MCELLBI,99,100,1.0,4.0,PNP,N,0
115460,2026,Fall,2268,1,MCELLBI,99,103,1.0,4.0,PNP,N,0
115460,2026,Fall,2268,1,MCELLBI,99,105,1.0,4.0,PNP,N,0
115460,2026,Fall,2268,1,MCELLBI,99,109,1.0,4.0,PNP,N,0
115460,2026,Fall,2268,1,MCELLBI,99,110,1.0,4.0,PNP,N,0
115460,2026,Fall,2268,1,MCELLBI,99,111,1.0,4.0,PNP,N,0
115460,2026,Fall,2268,1,MCELLBI,99,112,1.0,4.0,PNP,N,0
115460,2026,Fall,2268,1,MCELLBI,99,114,1.0,4.0,PNP,N,0
115460,2026,Fall,2268,1,MCELLBI,99,116,1.0,4.0,PNP,N,0
115460,2026,Fall,2268,1,MCELLBI,99,117,1.0,4.0,PNP,N,0
115460,2026,Fall,2268,1,MCELLBI,99,120,1.0,4.0,PNP,N,0
115460,2026,Fall,2268,1,MCELLBI,99,126,1.0,4.0,PNP,N,0
115460,2026,Fall,2268,1,MCELLBI,99,135,1.0,4.0,PNP,N,0
115460,2026,Fall,2268,1,MCELLBI,99,139,1.0,4.0,PNP,N,0
115460,2026,Fall,2268,1,MCELLBI,99,140,1.0,4.0,PNP,N,0
115460,2026,Fall,2268,1,MCELLBI,99,142,1.0,4.0,PNP,N,0
115460,2026,Fall,2268,1,MCELLBI,99,145,1.0,4.0,PNP,N,0
115460,2026,Fall,2268,1,MCELLBI,99,147,1.0,4.0,PNP,N,0
115460,2026,Fall,2268,1,MCELLBI,99,155,1.0,4.0,PNP,N,0
115460,2026,Fall,2268,1,MCELLBI,99,165,1.0,4.0,PNP,N,0
115460,2026,Fall,2268,1,MCELLBI,99,170,1.0,4.0,PNP,N,0
115460,2026,Fall,2268,1,MCELLBI,99,172,1.0,4.0,PNP,N,0
115460,2026,Fall,2268,1,MCELLBI,99,175,1.0,4.0,PNP,N,0
115460,2026,Fall,2268,1,MCELLBI,99,177,1.0,4.0,PNP,N,0
115460,2026,Fall,2268,1,MCELLBI,99,180,1.0,4.0,PNP,N,0
115460,2026,Fall,2268,1,MCELLBI,99,202,1.0,4.0,PNP,N,0
115460,2026,Fall,2268,1,MCELLBI,99,205,1.0,4.0,PNP,N,0
115460,2026,Fall,2268,1,MCELLBI,99,206,1.0,4.0,PNP,N,0
115460,2026,Fall,2268,1,MCELLBI,99,208,1.0,4.0,PNP,N,0
115460,2026,Fall,2268,1,MCELLBI,99,210,1.0,4.0,PNP,N,0
115460,2026,Fall,2268,1,MCELLBI,99,211,1.0,4.0,PNP,N,0
115460,2026,Fall,2268,1,MCELLBI,99,213,1.0,4.0,PNP,N,0
115460,2026,Fall,2268,1,MCELLBI,99,214,1.0,4.0,PNP,N,0
115460,2026,Fall,2268,1,MCELLBI,99,215,1.0,4.0,PNP,N,0
115460,2026,Fall,2268,1,MCELLBI,99,220,1.0,4.0,PNP,N,0
115460,2026,Fall,2268,1,MCELLBI,99,225,1.0,4.0,PNP,N,0
115460,2026,Fall,2268,1,MCELLBI,99,232,1.0,4.0,PNP,N,0
115460,2026,Fall,2268,1,MCELLBI,99,240,1.0,4.0,PNP,N,0
115460,2026,Fall,2268,1,MCELLBI,99,244,1.0,4.0,PNP,N,0
115460,2026,Fall,2268,1,MCELLBI,99,247,1.0,4.0,PNP,N,0
115460,2026,Fall,2268,1,MCELLBI,99,250,1.0,4.0,PNP,N,0
115460,2026,Fall,2268,1,MCELLBI,99,265,1.0,4.0,PNP,N,0
115460,2026,Fall,2268,1,MCELLBI,99,270,1.0,4.0,PNP,N,0
115460,2026,Fall,2268,1,MCELLBI,99,275,1.0,4.0,PNP,N,0
115460,2026,Fall,2268,1,MCELLBI,99,283,1.0,4.0,PNP,N,0
115460,2026,Fall,2268,1,MCELLBI,99,285,1.0,4.0,PNP,N,0
115460,2026,Fall,2268,1,MCELLBI,99,288,1.0,4.0,PNP,N,0
115460,2026,Fall,2268,1,MCELLBI,99,290,1.0,4.0,PNP,N,0
115460,2026,Fall,2268,1,MCELLBI,99,295,1.0,4.0,PNP,N,0
115460,2026,Fall,2268,1,MCELLBI,99,300,1.0,4.0,PNP,N,0
115460,2026,Fall,2268,1,MCELLBI,99,301,1.0,4.0,PNP,N,0
115460,2026,Fall,2268,1,MCELLBI,99,308,1.0,4.0,PNP,N,0
115460,2026,Fall,2268,1,MCELLBI,99,315,1.0,4.0,PNP,N,0
115460,2026,Fall,2268,1,MCELLBI,99,320,1.0,4.0,PNP,N,0
115460,2026,Fall,2268,1,MCELLBI,99,325,1.0,4.0,PNP,N,0
115460,2026,Fall,2268,1,MCELLBI,99,327,1.0,4.0,PNP,N,0
115460,2026,Fall,2268,1,MCELLBI,99,330,1.0,4.0,PNP,N,0
115460,2026,Fall,2268,1,MCELLBI,99,333,1.0,4.0,PNP,N,0
115460,2026,Fall,2268,1,MCELLBI,99,335,1.0,4.0,PNP,N,0
115460,2026,Fall,2268,1,MCELLBI,99,340,1.0,4.0,PNP,N,0
115460,2026,Fall,2268,1,MCELLBI,99,350,1.0,4.0,PNP,N,0
115460,2026,Fall,2268,1,MCELLBI,99,357,1.0,4.0,PNP,N,0
115460,2026,Fall,2268,1,MCELLBI,99,360,1.0,4.0,PNP,N,0
115460,2026,Fall,2268,1,MCELLBI,99,363,1.0,4.0,PNP,N,0
115460,2026,Fall,2268,1,MCELLBI,99,370,1.0,4.0,PNP,N,0
115460,2026,Fall,2268,1,MCELLBI,99,375,1.0,4.0,PNP,N,0
115460,2026,Fall,2268,1,MCELLBI,99,377,1.0,4.0,PNP,N,0
115460,2026,Fall,2268,1,MCELLBI,99,379,1.0,4.0,PNP,N,0
115460,2026,Fall,2268,1,MCELLBI,99,380,1.0,4.0,PNP,N,0
115460,2026,Fall,2268,1,MCELLBI,99,385,1.0,4.0,PNP,N,0
115460,2026,Fall,2268,1,MCELLBI,99,390,1.0,4.0,PNP,N,0
115460,2026,Fall,2268,1,MCELLBI,99,400,1.0,4.0,PNP,N,0
115460,2026,Fall,2268,1,MCELLBI,99,405,1.0,4.0,PNP,N,0
115460,2026,Fall,2268,1,MCELLBI,99,415,1.0,4.0,PNP,N,0
115460,2026,Fall,2268,1,MCELLBI,99,425,1.0,4.0,PNP,N,0
115460,2026,Fall,2268,1,MCELLBI,99,430,1.0,4.0,PNP,N,0
115460,2026,Fall,2268,1,MCELLBI,99,440,1.0,4.0,PNP,N,0
115460,2026,Fall,2268,1,MCELLBI,99,455,1.0,4.0,PNP,N,0
115460,2026,Fall,2268,1,MCELLBI,99,456,1.0,4.0,PNP,N,0
115460,2026,Fall,2268,1,MCELLBI,99,457,1.0,4.0,PNP,N,0
115460,2026,Fall,2268,1,MCELLBI,99,460,1.0,4.0,PNP,N,0
115460,2026,Fall,2268,1,MCELLBI,99,470,1.0,4.0,PNP,N,0
115460,2026,Fall,2268,1,MCELLBI,99,475,1.0,4.0,PNP,N,0
115460,2026,Fall,2268,1,MCELLBI,99,480,1.0,4.0,PNP,N,0
115460,2026,Fall,2268,1,MCELLBI,99,485,1.0,4.0,PNP,N,0
115460,2026,Fall,2268,1,MCELLBI,99,490,1.0,4.0,PNP,N,0
115460,2026,Fall,2268,1,MCELLBI,99,495,1.0,4.0,PNP,N,0
115460,2026,Fall,2268,1,MCELLBI,99,500,1.0,4.0,PNP,N,0
115460,2026,Fall,2268,1,MCELLBI,99,505,1.0,4.0,PNP,N,0
115460,2026,Fall,2268,1,MCELLBI,99,510,1.0,4.0,PNP,N,0
115460,2026,Fall,2268,1,MCELLBI,99,600,1.0,4.0,PNP,N,0
124354,2026,Fall,2268,1,MCELLBI,C100A,001,4.0,4.0,OPT,Y,448
124450,2026,Fall,2268,1,MCELLBI,C110L,001,4.0,4.0,OPT,N,127
124445,2026,Fall,2268,1,MCELLBI,C112,001,4.0,4.0,OPT,Y,303
124406,2026,Fall,2268,1,MCELLBI,C112L,001,3.0,3.0,OPT,A,122
124406,2026,Fall,2268,1,MCELLBI,C112L,002,3.0,3.0,OPT,A,42
124406,2026,Fall,2268,1,MCELLBI,C112L,003,3.0,3.0,OPT,A,28
124406,2026,Fall,2268,1,MCELLBI,C112L,004,3.0,3.0,OPT,A,38
123822,2026,Fall,2268,1,MCELLBI,C146,001,3.0,3.0,OPT,N,0
161481,2026,Fall,2268,1,MCELLBI,C175,001,4.0,4.0,OPT,A,91
158114,2026,Fall,2268,1,MCELLBI,C205,001,3.0,3.0,OPT,Y,33
162179,2026,Fall,2268,1,MCELLBI,C242,001,1.0,1.0,SUS,N,15
124320,2026,Fall,2268,1,MCELLBI,C260,001,3.0,3.0,OPT,N,38
157722,2026,Fall,2268,1,MCELLBI,C277,001,2.0,2.0,OPT,N,0
156717,2026,Fall,2268,1,MCELLBI,C296,001,2.0,2.0,OPT,N,0
123590,2026,Fall,2268,1,MCELLBI,C96,001,1.0,1.0,PNP,Y,44
115464,2026,Fall,2268,1,MCELLBI,H196A,005,1.0,4.0,PNP,N,0
115464,2026,Fall,2268,1,MCELLBI,H196A,015,1.0,4.0,PNP,N,0
115464,2026,Fall,2268,1,MCELLBI,H196A,030,1.0,4.0,PNP,N,0
115464,2026,Fall,2268,1,MCELLBI,H196A,032,1.0,4.0,PNP,N,0
115464,2026,Fall,2268,1,MCELLBI,H196A,033,1.0,4.0,PNP,N,0
115464,2026,Fall,2268,1,MCELLBI,H196A,034,1.0,4.0,PNP,N,0
115464,2026,Fall,2268,1,MCELLBI,H196A,035,1.0,4.0,PNP,N,0
115464,2026,Fall,2268,1,MCELLBI,H196A,057,1.0,4.0,PNP,N,0
115464,2026,Fall,2268,1,MCELLBI,H196A,060,1.0,4.0,PNP,N,0
115464,2026,Fall,2268,1,MCELLBI,H196A,062,1.0,4.0,PNP,N,0
115464,2026,Fall,2268,1,MCELLBI,H196A,065,1.0,4.0,PNP,N,0
115464,2026,Fall,2268,1,MCELLBI,H196A,070,1.0,4.0,PNP,N,0
115464,2026,Fall,2268,1,MCELLBI,H196A,075,1.0,4.0,PNP,N,0
115464,2026,Fall,2268,1,MCELLBI,H196A,080,1.0,4.0,PNP,N,0
115464,2026,Fall,2268,1,MCELLBI,H196A,085,1.0,4.0,PNP,N,0
115464,2026,Fall,2268,1,MCELLBI,H196A,088,1.0,4.0,PNP,N,0
115464,2026,Fall,2268,1,MCELLBI,H196A,090,1.0,4.0,PNP,N,0
115464,2026,Fall,2268,1,MCELLBI,H196A,100,1.0,4.0,PNP,N,0
115464,2026,Fall,2268,1,MCELLBI,H196A,101,1.0,4.0,PNP,N,0
115464,2026,Fall,2268,1,MCELLBI,H196A,103,1.0,4.0,PNP,N,0
115464,2026,Fall,2268,1,MCELLBI,H196A,105,1.0,4.0,PNP,N,0
115464,2026,Fall,2268,1,MCELLBI,H196A,110,1.0,4.0,PNP,N,0
115464,2026,Fall,2268,1,MCELLBI,H196A,111,1.0,4.0,PNP,N,0
115464,2026,Fall,2268,1,MCELLBI,H196A,112,1.0,4.0,PNP,N,0
115464,2026,Fall,2268,1,MCELLBI,H196A,114,1.0,4.0,PNP,N,0
115464,2026,Fall,2268,1,MCELLBI,H196A,116,1.0,4.0,PNP,N,0
115464,2026,Fall,2268,1,MCELLBI,H196A,117,1.0,4.0,PNP,N,0
115464,2026,Fall,2268,1,MCELLBI,H196A,120,1.0,4.0,PNP,N,0
115464,2026,Fall,2268,1,MCELLBI,H196A,125,1.0,4.0,PNP,N,0
115464,2026,Fall,2268,1,MCELLBI,H196A,126,1.0,4.0,PNP,N,0
115464,2026,Fall,2268,1,MCELLBI,H196A,135,1.0,4.0,PNP,N,0
115464,2026,Fall,2268,1,MCELLBI,H196A,139,1.0,4.0,PNP,N,0
115464,2026,Fall,2268,1,MCELLBI,H196A,140,1.0,4.0,PNP,N,0
115464,2026,Fall,2268,1,MCELLBI,H196A,142,1.0,4.0,PNP,N,0
115464,2026,Fall,2268,1,MCELLBI,H196A,145,1.0,4.0,PNP,N,0
115464,2026,Fall,2268,1,MCELLBI,H196A,147,1.0,4.0,PNP,N,0
115464,2026,Fall,2268,1,MCELLBI,H196A,165,1.0,4.0,PNP,N,0
115464,2026,Fall,2268,1,MCELLBI,H196A,170,1.0,4.0,PNP,N,0
115464,2026,Fall,2268,1,MCELLBI,H196A,172,1.0,4.0,PNP,N,0
115464,2026,Fall,2268,1,MCELLBI,H196A,175,1.0,4.0,PNP,N,0
115464,2026,Fall,2268,1,MCELLBI,H196A,177,1.0,4.0,PNP,N,0
115464,2026,Fall,2268,1,MCELLBI,H196A,180,1.0,4.0,PNP,N,0
115464,2026,Fall,2268,1,MCELLBI,H196A,182,1.0,4.0,PNP,N,0
115464,2026,Fall,2268,1,MCELLBI,H196A,190,1.0,4.0,PNP,N,0
115464,2026,Fall,2268,1,MCELLBI,H196A,202,1.0,4.0,PNP,N,0
115464,2026,Fall,2268,1,MCELLBI,H196A,205,1.0,4.0,PNP,N,0
115464,2026,Fall,2268,1,MCELLBI,H196A,206,1.0,4.0,PNP,N,0
115464,2026,Fall,2268,1,MCELLBI,H196A,208,1.0,4.0,PNP,N,0
115464,2026,Fall,2268,1,MCELLBI,H196A,210,1.0,4.0,PNP,N,0
115464,2026,Fall,2268,1,MCELLBI,H196A,211,1.0,4.0,PNP,N,0
115464,2026,Fall,2268,1,MCELLBI,H196A,213,1.0,4.0,PNP,N,0
115464,2026,Fall,2268,1,MCELLBI,H196A,214,1.0,4.0,PNP,N,0
115464,2026,Fall,2268,1,MCELLBI,H196A,215,1.0,4.0,PNP,N,0
115464,2026,Fall,2268,1,MCELLBI,H196A,217,1.0,4.0,PNP,N,0
115464,2026,Fall,2268,1,MCELLBI,H196A,220,1.0,4.0,PNP,N,0
115464,2026,Fall,2268,1,MCELLBI,H196A,225,1.0,4.0,PNP,N,0
115464,2026,Fall,2268,1,MCELLBI,H196A,232,1.0,4.0,PNP,N,0
115464,2026,Fall,2268,1,MCELLBI,H196A,235,1.0,4.0,PNP,N,0
115464,2026,Fall,2268,1,MCELLBI,H196A,240,1.0,4.0,PNP,N,0
115464,2026,Fall,2268,1,MCELLBI,H196A,244,1.0,4.0,PNP,N,0
115464,2026,Fall,2268,1,MCELLBI,H196A,247,1.0,4.0,PNP,N,0
115464,2026,Fall,2268,1,MCELLBI,H196A,250,1.0,4.0,PNP,N,0
115464,2026,Fall,2268,1,MCELLBI,H196A,253,1.0,4.0,PNP,N,0
115464,2026,Fall,2268,1,MCELLBI,H196A,262,1.0,4.0,PNP,N,0
115464,2026,Fall,2268,1,MCELLBI,H196A,265,1.0,4.0,PNP,N,0
115464,2026,Fall,2268,1,MCELLBI,H196A,268,1.0,4.0,PNP,N,0
115464,2026,Fall,2268,1,MCELLBI,H196A,27.,1.0,4.0,PNP,N,0
115464,2026,Fall,2268,1,MCELLBI,H196A,270,1.0,4.0,PNP,N,0
115464,2026,Fall,2268,1,MCELLBI,H196A,275,1.0,4.0,PNP,N,0
115464,2026,Fall,2268,1,MCELLBI,H196A,280,1.0,4.0,PNP,N,0
115464,2026,Fall,2268,1,MCELLBI,H196A,283,1.0,4.0,PNP,N,0
115464,2026,Fall,2268,1,MCELLBI,H196A,285,1.0,4.0,PNP,N,0
115464,2026,Fall,2268,1,MCELLBI,H196A,287,1.0,4.0,PNP,N,0
115464,2026,Fall,2268,1,MCELLBI,H196A,288,1.0,4.0,PNP,N,0
115464,2026,Fall,2268,1,MCELLBI,H196A,290,1.0,4.0,PNP,N,0
115464,2026,Fall,2268,1,MCELLBI,H196A,295,1.0,4.0,PNP,N,0
115464,2026,Fall,2268,1,MCELLBI,H196A,300,1.0,4.0,PNP,N,0
115464,2026,Fall,2268,1,MCELLBI,H196A,301,1.0,4.0,PNP,N,0
115464,2026,Fall,2268,1,MCELLBI,H196A,308,1.0,4.0,PNP,N,0
115464,2026,Fall,2268,1,MCELLBI,H196A,315,1.0,4.0,PNP,N,0
115464,2026,Fall,2268,1,MCELLBI,H196A,320,1.0,4.0,PNP,N,0
115464,2026,Fall,2268,1,MCELLBI,H196A,325,1.0,4.0,PNP,N,0
115464,2026,Fall,2268,1,MCELLBI,H196A,327,1.0,4.0,PNP,N,0
115464,2026,Fall,2268,1,MCELLBI,H196A,330,1.0,4.0,PNP,N,0
115464,2026,Fall,2268,1,MCELLBI,H196A,335,1.0,4.0,PNP,N,0
115464,2026,Fall,2268,1,MCELLBI,H196A,337,1.0,4.0,PNP,N,0
115464,2026,Fall,2268,1,MCELLBI,H196A,338,1.0,4.0,PNP,N,0
115464,2026,Fall,2268,1,MCELLBI,H196A,340,1.0,4.0,PNP,N,0
115464,2026,Fall,2268,1,MCELLBI,H196A,345,1.0,4.0,PNP,N,0
115464,2026,Fall,2268,1,MCELLBI,H196A,350,1.0,4.0,PNP,N,0
115464,2026,Fall,2268,1,MCELLBI,H196A,357,1.0,4.0,PNP,N,0
115464,2026,Fall,2268,1,MCELLBI,H196A,360,1.0,4.0,PNP,N,0
115464,2026,Fall,2268,1,MCELLBI,H196A,363,1.0,4.0,PNP,N,0
115464,2026,Fall,2268,1,MCELLBI,H196A,365,1.0,4.0,PNP,N,0
115464,2026,Fall,2268,1,MCELLBI,H196A,370,1.0,4.0,PNP,N,0
115464,2026,Fall,2268,1,MCELLBI,H196A,375,1.0,4.0,PNP,N,0
115464,2026,Fall,2268,1,MCELLBI,H196A,376,1.0,4.0,PNP,N,0
115464,2026,Fall,2268,1,MCELLBI,H196A,377,1.0,4.0,PNP,N,0
115464,2026,Fall,2268,1,MCELLBI,H196A,379,1.0,4.0,PNP,N,0
115464,2026,Fall,2268,1,MCELLBI,H196A,380,1.0,4.0,PNP,N,0
115464,2026,Fall,2268,1,MCELLBI,H196A,390,1.0,4.0,PNP,N,0
115464,2026,Fall,2268,1,MCELLBI,H196A,400,1.0,4.0,PNP,N,0
115464,2026,Fall,2268,1,MCELLBI,H196A,405,1.0,4.0,PNP,N,0
115464,2026,Fall,2268,1,MCELLBI,H196A,410,1.0,4.0,PNP,N,0
115464,2026,Fall,2268,1,MCELLBI,H196A,415,1.0,4.0,PNP,N,0
115464,2026,Fall,2268,1,MCELLBI,H196A,420,1.0,4.0,PNP,N,0
115464,2026,Fall,2268,1,MCELLBI,H196A,425,1.0,4.0,PNP,N,0
115464,2026,Fall,2268,1,MCELLBI,H196A,430,1.0,4.0,PNP,N,0
115464,2026,Fall,2268,1,MCELLBI,H196A,440,1.0,4.0,PNP,N,0
115464,2026,Fall,2268,1,MCELLBI,H196A,445,1.0,4.0,PNP,N,0
115464,2026,Fall,2268,1,MCELLBI,H196A,447,1.0,4.0,PNP,N,0
115464,2026,Fall,2268,1,MCELLBI,H196A,450,1.0,4.0,PNP,N,0
115464,2026,Fall,2268,1,MCELLBI,H196A,456,1.0,4.0,PNP,N,0
115464,2026,Fall,2268,1,MCELLBI,H196A,457,1.0,4.0,PNP,N,0
115464,2026,Fall,2268,1,MCELLBI,H196A,458,1.0,4.0,PNP,N,0
115464,2026,Fall,2268,1,MCELLBI,H196A,460,1.0,4.0,PNP,N,0
115464,2026,Fall,2268,1,MCELLBI,H196A,470,1.0,4.0,PNP,N,0
115464,2026,Fall,2268,1,MCELLBI,H196A,475,1.0,4.0,PNP,N,0
115464,2026,Fall,2268,1,MCELLBI,H196A,480,1.0,4.0,PNP,N,0
115464,2026,Fall,2268,1,MCELLBI,H196A,485,1.0,4.0,PNP,N,0
115464,2026,Fall,2268,1,MCELLBI,H196A,490,1.0,4.0,PNP,N,0
115464,2026,Fall,2268,1,MCELLBI,H196A,500,1.0,4.0,PNP,N,0
115464,2026,Fall,2268,1,MCELLBI,H196A,505,1.0,4.0,PNP,N,0
115464,2026,Fall,2268,1,MCELLBI,H196A,508,1.0,4.0,PNP,N,0
115464,2026,Fall,2268,1,MCELLBI,H196A,510,1.0,4.0,PNP,N,0
115464,2026,Fall,2268,1,MCELLBI,H196A,515,1.0,4.0,PNP,N,0
115464,2026,Fall,2268,1,MCELLBI,H196A,600,1.0,4.0,PNP,N,0
115464,2026,Fall,2268,1,MCELLBI,H196A,620,1.0,4.0,PNP,N,0
115464,2026,Fall,2268,1,MCELLBI,H196A,630,1.0,4.0,PNP,N,0
115465,2026,Fall,2268,1,MCELLBI,H196B,015,1.0,4.0,OPT,N,0
115465,2026,Fall,2268,1,MCELLBI,H196B,030,1.0,4.0,OPT,N,0
115465,2026,Fall,2268,1,MCELLBI,H196B,032,1.0,4.0,OPT,N,0
115465,2026,Fall,2268,1,MCELLBI,H196B,033,1.0,4.0,OPT,N,0
115465,2026,Fall,2268,1,MCELLBI,H196B,034,1.0,4.0,OPT,N,0
115465,2026,Fall,2268,1,MCELLBI,H196B,035,1.0,4.0,OPT,N,0
115465,2026,Fall,2268,1,MCELLBI,H196B,055,1.0,4.0,OPT,N,0
115465,2026,Fall,2268,1,MCELLBI,H196B,057,1.0,4.0,OPT,N,0
115465,2026,Fall,2268,1,MCELLBI,H196B,060,1.0,4.0,OPT,N,0
115465,2026,Fall,2268,1,MCELLBI,H196B,062,1.0,4.0,OPT,N,0
115465,2026,Fall,2268,1,MCELLBI,H196B,065,1.0,4.0,OPT,N,0
115465,2026,Fall,2268,1,MCELLBI,H196B,075,1.0,4.0,OPT,N,0
115465,2026,Fall,2268,1,MCELLBI,H196B,080,1.0,4.0,OPT,N,0
115465,2026,Fall,2268,1,MCELLBI,H196B,085,1.0,4.0,OPT,N,0
115465,2026,Fall,2268,1,MCELLBI,H196B,088,1.0,4.0,OPT,N,0
115465,2026,Fall,2268,1,MCELLBI,H196B,090,1.0,4.0,OPT,N,0
115465,2026,Fall,2268,1,MCELLBI,H196B,100,1.0,4.0,OPT,N,0
115465,2026,Fall,2268,1,MCELLBI,H196B,101,1.0,4.0,OPT,N,0
115465,2026,Fall,2268,1,MCELLBI,H196B,103,1.0,4.0,OPT,N,0
115465,2026,Fall,2268,1,MCELLBI,H196B,110,1.0,4.0,OPT,N,0
115465,2026,Fall,2268,1,MCELLBI,H196B,111,1.0,4.0,OPT,N,0
115465,2026,Fall,2268,1,MCELLBI,H196B,112,1.0,4.0,OPT,N,0
115465,2026,Fall,2268,1,MCELLBI,H196B,114,1.0,4.0,OPT,N,0
115465,2026,Fall,2268,1,MCELLBI,H196B,116,1.0,4.0,OPT,N,0
115465,2026,Fall,2268,1,MCELLBI,H196B,117,1.0,4.0,OPT,N,0
115465,2026,Fall,2268,1,MCELLBI,H196B,120,1.0,4.0,OPT,N,0
115465,2026,Fall,2268,1,MCELLBI,H196B,125,1.0,4.0,OPT,N,0
115465,2026,Fall,2268,1,MCELLBI,H196B,126,1.0,4.0,OPT,N,0
115465,2026,Fall,2268,1,MCELLBI,H196B,135,1.0,4.0,OPT,N,0
115465,2026,Fall,2268,1,MCELLBI,H196B,139,1.0,4.0,OPT,N,0
115465,2026,Fall,2268,1,MCELLBI,H196B,140,1.0,4.0,OPT,N,0
115465,2026,Fall,2268,1,MCELLBI,H196B,145,1.0,4.0,OPT,N,0
115465,2026,Fall,2268,1,MCELLBI,H196B,147,1.0,4.0,OPT,N,0
115465,2026,Fall,2268,1,MCELLBI,H196B,165,1.0,4.0,OPT,N,0
115465,2026,Fall,2268,1,MCELLBI,H196B,170,1.0,4.0,OPT,N,0
115465,2026,Fall,2268,1,MCELLBI,H196B,172,1.0,4.0,OPT,N,0
115465,2026,Fall,2268,1,MCELLBI,H196B,175,1.0,4.0,OPT,N,0
115465,2026,Fall,2268,1,MCELLBI,H196B,180,1.0,4.0,OPT,N,0
115465,2026,Fall,2268,1,MCELLBI,H196B,182,1.0,4.0,OPT,N,0
115465,2026,Fall,2268,1,MCELLBI,H196B,190,1.0,4.0,OPT,N,0
115465,2026,Fall,2268,1,MCELLBI,H196B,202,1.0,4.0,OPT,N,0
115465,2026,Fall,2268,1,MCELLBI,H196B,205,1.0,4.0,OPT,N,0
115465,2026,Fall,2268,1,MCELLBI,H196B,208,1.0,4.0,OPT,N,0
115465,2026,Fall,2268,1,MCELLBI,H196B,210,1.0,4.0,OPT,N,0
115465,2026,Fall,2268,1,MCELLBI,H196B,211,1.0,4.0,OPT,N,0
115465,2026,Fall,2268,1,MCELLBI,H196B,213,1.0,4.0,OPT,N,0
115465,2026,Fall,2268,1,MCELLBI,H196B,214,1.0,4.0,OPT,N,0
115465,2026,Fall,2268,1,MCELLBI,H196B,215,1.0,4.0,OPT,N,0
115465,2026,Fall,2268,1,MCELLBI,H196B,220,1.0,4.0,OPT,N,0
115465,2026,Fall,2268,1,MCELLBI,H196B,225,1.0,4.0,OPT,N,0
115465,2026,Fall,2268,1,MCELLBI,H196B,232,1.0,4.0,OPT,N,0
115465,2026,Fall,2268,1,MCELLBI,H196B,235,1.0,4.0,OPT,N,0
115465,2026,Fall,2268,1,MCELLBI,H196B,240,1.0,4.0,OPT,N,0
115465,2026,Fall,2268,1,MCELLBI,H196B,244,1.0,4.0,OPT,N,0
115465,2026,Fall,2268,1,MCELLBI,H196B,247,1.0,4.0,OPT,N,0
115465,2026,Fall,2268,1,MCELLBI,H196B,250,1.0,4.0,OPT,N,0
115465,2026,Fall,2268,1,MCELLBI,H196B,253,1.0,4.0,OPT,N,0
115465,2026,Fall,2268,1,MCELLBI,H196B,265,1.0,4.0,OPT,N,0
115465,2026,Fall,2268,1,MCELLBI,H196B,270,1.0,4.0,OPT,N,0
115465,2026,Fall,2268,1,MCELLBI,H196B,275,1.0,4.0,OPT,N,0
115465,2026,Fall,2268,1,MCELLBI,H196B,280,1.0,4.0,OPT,N,0
115465,2026,Fall,2268,1,MCELLBI,H196B,283,1.0,4.0,OPT,N,0
115465,2026,Fall,2268,1,MCELLBI,H196B,285,1.0,4.0,OPT,N,0
115465,2026,Fall,2268,1,MCELLBI,H196B,288,1.0,4.0,OPT,N,0
115465,2026,Fall,2268,1,MCELLBI,H196B,290,1.0,4.0,OPT,N,0
115465,2026,Fall,2268,1,MCELLBI,H196B,295,1.0,4.0,OPT,N,0
115465,2026,Fall,2268,1,MCELLBI,H196B,300,1.0,4.0,OPT,N,0
115465,2026,Fall,2268,1,MCELLBI,H196B,301,1.0,4.0,OPT,N,0
115465,2026,Fall,2268,1,MCELLBI,H196B,308,1.0,4.0,OPT,N,0
115465,2026,Fall,2268,1,MCELLBI,H196B,315,1.0,4.0,OPT,N,0
115465,2026,Fall,2268,1,MCELLBI,H196B,320,1.0,4.0,OPT,N,0
115465,2026,Fall,2268,1,MCELLBI,H196B,325,1.0,4.0,OPT,N,0
115465,2026,Fall,2268,1,MCELLBI,H196B,327,1.0,4.0,OPT,N,0
115465,2026,Fall,2268,1,MCELLBI,H196B,330,1.0,4.0,OPT,N,0
115465,2026,Fall,2268,1,MCELLBI,H196B,333,1.0,4.0,OPT,N,0
115465,2026,Fall,2268,1,MCELLBI,H196B,337,1.0,4.0,OPT,N,0
115465,2026,Fall,2268,1,MCELLBI,H196B,338,1.0,4.0,OPT,N,0
115465,2026,Fall,2268,1,MCELLBI,H196B,340,1.0,4.0,OPT,N,0
115465,2026,Fall,2268,1,MCELLBI,H196B,345,1.0,4.0,OPT,N,0
115465,2026,Fall,2268,1,MCELLBI,H196B,350,1.0,4.0,OPT,N,0
115465,2026,Fall,2268,1,MCELLBI,H196B,357,1.0,4.0,OPT,N,0
115465,2026,Fall,2268,1,MCELLBI,H196B,360,1.0,4.0,OPT,N,0
115465,2026,Fall,2268,1,MCELLBI,H196B,365,1.0,4.0,OPT,N,0
115465,2026,Fall,2268,1,MCELLBI,H196B,370,1.0,4.0,OPT,N,0
115465,2026,Fall,2268,1,MCELLBI,H196B,375,1.0,4.0,OPT,N,0
115465,2026,Fall,2268,1,MCELLBI,H196B,376,1.0,4.0,OPT,N,0
115465,2026,Fall,2268,1,MCELLBI,H196B,377,1.0,4.0,OPT,N,0
115465,2026,Fall,2268,1,MCELLBI,H196B,379,1.0,4.0,OPT,N,0
115465,2026,Fall,2268,1,MCELLBI,H196B,380,1.0,4.0,OPT,N,0
115465,2026,Fall,2268,1,MCELLBI,H196B,385,1.0,4.0,OPT,N,0
115465,2026,Fall,2268,1,MCELLBI,H196B,390,1.0,4.0,OPT,N,0
115465,2026,Fall,2268,1,MCELLBI,H196B,400,1.0,4.0,OPT,N,0
115465,2026,Fall,2268,1,MCELLBI,H196B,410,1.0,4.0,OPT,N,0
115465,2026,Fall,2268,1,MCELLBI,H196B,415,1.0,4.0,OPT,N,0
115465,2026,Fall,2268,1,MCELLBI,H196B,420,1.0,4.0,OPT,N,0
115465,2026,Fall,2268,1,MCELLBI,H196B,430,1.0,4.0,OPT,N,0
115465,2026,Fall,2268,1,MCELLBI,H196B,435,1.0,4.0,OPT,N,0
115465,2026,Fall,2268,1,MCELLBI,H196B,440,1.0,4.0,OPT,N,0
115465,2026,Fall,2268,1,MCELLBI,H196B,453,1.0,4.0,OPT,N,0
115465,2026,Fall,2268,1,MCELLBI,H196B,455,1.0,4.0,OPT,N,0
115465,2026,Fall,2268,1,MCELLBI,H196B,456,1.0,4.0,OPT,N,0
115465,2026,Fall,2268,1,MCELLBI,H196B,457,1.0,4.0,OPT,N,0
115465,2026,Fall,2268,1,MCELLBI,H196B,460,1.0,4.0,OPT,N,0
115465,2026,Fall,2268,1,MCELLBI,H196B,470,1.0,4.0,OPT,N,0
115465,2026,Fall,2268,1,MCELLBI,H196B,475,1.0,4.0,OPT,N,0
115465,2026,Fall,2268,1,MCELLBI,H196B,480,1.0,4.0,OPT,N,0
115465,2026,Fall,2268,1,MCELLBI,H196B,485,1.0,4.0,OPT,N,0
115465,2026,Fall,2268,1,MCELLBI,H196B,490,1.0,4.0,OPT,N,0
115465,2026,Fall,2268,1,MCELLBI,H196B,500,1.0,4.0,OPT,N,0
115465,2026,Fall,2268,1,MCELLBI,H196B,505,1.0,4.0,OPT,N,0
115465,2026,Fall,2268,1,MCELLBI,H196B,508,1.0,4.0,OPT,N,0
115465,2026,Fall,2268,1,MCELLBI,H196B,510,1.0,4.0,OPT,N,0
115465,2026,Fall,2268,1,MCELLBI,H196B,600,1.0,4.0,OPT,N,0
115465,2026,Fall,2268,1,MCELLBI,H196B,610,1.0,4.0,OPT,N,0
166641,2026,Fall,2268,1,MDGRK,100A,001,4.0,4.0,OPT,Y,31
104080,2026,Fall,2268,1,MDGRK,1A,001,4.0,4.0,OPT,Y,324
157821,2026,Fall,2268,1,MECENG,100,001,4.0,4.0,OPT,A,459
115489,2026,Fall,2268,1,MECENG,102B,001,4.0,4.0,OPT,N,299
154870,2026,Fall,2268,1,MECENG,103,001,4.0,4.0,OPT,A,298
115490,2026,Fall,2268,1,MECENG,104,001,3.0,3.0,OPT,Y,435
115493,2026,Fall,2268,1,MECENG,106,001,3.0,3.0,OPT,Y,366
115497,2026,Fall,2268,1,MECENG,108,001,4.0,4.0,OPT,Y,311
115498,2026,Fall,2268,1,MECENG,109,001,3.0,3.0,OPT,Y,238
115501,2026,Fall,2268,1,MECENG,119,001,3.0,3.0,OPT,Y,170
115508,2026,Fall,2268,1,MECENG,132,001,3.0,3.0,OPT,Y,483
161950,2026,Fall,2268,1,MECENG,136HL,101,1.0,1.0,OPT,N,70
161401,2026,Fall,2268,1,MECENG,139,001,4.0,4.0,OPT,Y,279
167817,2026,Fall,2268,1,MECENG,144,001,3.0,3.0,OPT,A,216
156597,2026,Fall,2268,1,MECENG,151A,01,3.0,3.0,OPT,A,111
115524,2026,Fall,2268,1,MECENG,163,001,3.0,3.0,OPT,Y,219
115526,2026,Fall,2268,1,MECENG,165,01,3.0,3.0,OPT,Y,177
115535,2026,Fall,2268,1,MECENG,185,01,3.0,3.0,OPT,Y,134
125714,2026,Fall,2268,1,MECENG,193E,01,3.0,3.0,OPT,Y,125
115544,2026,Fall,2268,1,MECENG,196,001,2.0,4.0,OPT,Y,0
115544,2026,Fall,2268,1,MECENG,196,002,2.0,4.0,OPT,Y,0
115544,2026,Fall,2268,1,MECENG,196,003,2.0,4.0,OPT,Y,0
115544,2026,Fall,2268,1,MECENG,196,004,2.0,4.0,OPT,Y,0
115544,2026,Fall,2268,1,MECENG,196,005,2.0,4.0,OPT,Y,0
115544,2026,Fall,2268,1,MECENG,196,006,2.0,4.0,OPT,Y,0
115544,2026,Fall,2268,1,MECENG,196,007,2.0,4.0,OPT,Y,0
115544,2026,Fall,2268,1,MECENG,196,008,2.0,4.0,OPT,Y,0
115544,2026,Fall,2268,1,MECENG,196,009,2.0,4.0,OPT,Y,0
115544,2026,Fall,2268,1,MECENG,196,010,2.0,4.0,OPT,Y,0
115544,2026,Fall,2268,1,MECENG,196,011,2.0,4.0,OPT,Y,0
115544,2026,Fall,2268,1,MECENG,196,012,2.0,4.0,OPT,Y,0
115544,2026,Fall,2268,1,MECENG,196,013,2.0,4.0,OPT,Y,0
115544,2026,Fall,2268,1,MECENG,196,014,2.0,4.0,OPT,Y,0
115544,2026,Fall,2268,1,MECENG,196,015,2.0,4.0,OPT,Y,0
115544,2026,Fall,2268,1,MECENG,196,016,2.0,4.0,OPT,Y,0
115544,2026,Fall,2268,1,MECENG,196,017,2.0,4.0,OPT,Y,0
115544,2026,Fall,2268,1,MECENG,196,018,2.0,4.0,OPT,Y,0
115544,2026,Fall,2268,1,MECENG,196,019,2.0,4.0,OPT,Y,0
115544,2026,Fall,2268,1,MECENG,196,020,2.0,4.0,OPT,Y,0
115544,2026,Fall,2268,1,MECENG,196,021,2.0,4.0,OPT,Y,0
115544,2026,Fall,2268,1,MECENG,196,022,2.0,4.0,OPT,Y,0
115544,2026,Fall,2268,1,MECENG,196,023,2.0,4.0,OPT,Y,0
115544,2026,Fall,2268,1,MECENG,196,024,2.0,4.0,OPT,Y,0
115544,2026,Fall,2268,1,MECENG,196,025,2.0,4.0,OPT,Y,0
115544,2026,Fall,2268,1,MECENG,196,026,2.0,4.0,OPT,Y,0
115544,2026,Fall,2268,1,MECENG,196,027,2.0,4.0,OPT,Y,0
115544,2026,Fall,2268,1,MECENG,196,028,2.0,4.0,OPT,Y,0
115544,2026,Fall,2268,1,MECENG,196,029,2.0,4.0,OPT,Y,0
115544,2026,Fall,2268,1,MECENG,196,030,2.0,4.0,OPT,Y,0
115544,2026,Fall,2268,1,MECENG,196,031,2.0,4.0,OPT,Y,0
115544,2026,Fall,2268,1,MECENG,196,032,2.0,4.0,OPT,Y,0
115544,2026,Fall,2268,1,MECENG,196,033,2.0,4.0,OPT,Y,0
115544,2026,Fall,2268,1,MECENG,196,034,2.0,4.0,OPT,Y,0
115544,2026,Fall,2268,1,MECENG,196,035,2.0,4.0,OPT,Y,0
115544,2026,Fall,2268,1,MECENG,196,036,2.0,4.0,OPT,Y,0
115544,2026,Fall,2268,1,MECENG,196,037,2.0,4.0,OPT,Y,0
115544,2026,Fall,2268,1,MECENG,196,038,2.0,4.0,OPT,Y,0
115544,2026,Fall,2268,1,MECENG,196,039,2.0,4.0,OPT,Y,0
115544,2026,Fall,2268,1,MECENG,196,040,2.0,4.0,OPT,Y,0
115544,2026,Fall,2268,1,MECENG,196,041,2.0,4.0,OPT,Y,0
115545,2026,Fall,2268,1,MECENG,197,001,1.0,4.0,PNP,N,0
115545,2026,Fall,2268,1,MECENG,197,002,1.0,4.0,PNP,N,0
115547,2026,Fall,2268,1,MECENG,199,001,1.0,4.0,PNP,N,0
115547,2026,Fall,2268,1,MECENG,199,002,1.0,4.0,PNP,N,0
115547,2026,Fall,2268,1,MECENG,199,003,1.0,4.0,PNP,N,0
115547,2026,Fall,2268,1,MECENG,199,004,1.0,4.0,PNP,N,0
115547,2026,Fall,2268,1,MECENG,199,005,1.0,4.0,PNP,N,0
115547,2026,Fall,2268,1,MECENG,199,006,1.0,4.0,PNP,N,0
115547,2026,Fall,2268,1,MECENG,199,007,1.0,4.0,PNP,N,0
115547,2026,Fall,2268,1,MECENG,199,008,1.0,4.0,PNP,N,0
115547,2026,Fall,2268,1,MECENG,199,009,1.0,4.0,PNP,N,0
115547,2026,Fall,2268,1,MECENG,199,01,1.0,4.0,PNP,N,0
115547,2026,Fall,2268,1,MECENG,199,010,1.0,4.0,PNP,N,0
115547,2026,Fall,2268,1,MECENG,199,011,1.0,4.0,PNP,N,0
115547,2026,Fall,2268,1,MECENG,199,012,1.0,4.0,PNP,N,0
115547,2026,Fall,2268,1,MECENG,199,013,1.0,4.0,PNP,N,0
115547,2026,Fall,2268,1,MECENG,199,014,1.0,4.0,PNP,N,0
115547,2026,Fall,2268,1,MECENG,199,015,1.0,4.0,PNP,N,0
115547,2026,Fall,2268,1,MECENG,199,016,1.0,4.0,PNP,N,0
115547,2026,Fall,2268,1,MECENG,199,017,1.0,4.0,PNP,N,0
115547,2026,Fall,2268,1,MECENG,199,018,1.0,4.0,PNP,N,0
115547,2026,Fall,2268,1,MECENG,199,019,1.0,4.0,PNP,N,0
115547,2026,Fall,2268,1,MECENG,199,020,1.0,4.0,PNP,N,0
115547,2026,Fall,2268,1,MECENG,199,021,1.0,4.0,PNP,N,0
115547,2026,Fall,2268,1,MECENG,199,022,1.0,4.0,PNP,N,0
115547,2026,Fall,2268,1,MECENG,199,023,1.0,4.0,PNP,N,0
115547,2026,Fall,2268,1,MECENG,199,024,1.0,4.0,PNP,N,0
115547,2026,Fall,2268,1,MECENG,199,025,1.0,4.0,PNP,N,0
115547,2026,Fall,2268,1,MECENG,199,026,1.0,4.0,PNP,N,0
115547,2026,Fall,2268,1,MECENG,199,027,1.0,4.0,PNP,N,0
115547,2026,Fall,2268,1,MECENG,199,028,1.0,4.0,PNP,N,0
115547,2026,Fall,2268,1,MECENG,199,029,1.0,4.0,PNP,N,0
115547,2026,Fall,2268,1,MECENG,199,030,1.0,4.0,PNP,N,0
115547,2026,Fall,2268,1,MECENG,199,031,1.0,4.0,PNP,N,0
115547,2026,Fall,2268,1,MECENG,199,032,1.0,4.0,PNP,N,0
115547,2026,Fall,2268,1,MECENG,199,033,1.0,4.0,PNP,N,0
115547,2026,Fall,2268,1,MECENG,199,034,1.0,4.0,PNP,N,0
115547,2026,Fall,2268,1,MECENG,199,035,1.0,4.0,PNP,N,0
115547,2026,Fall,2268,1,MECENG,199,036,1.0,4.0,PNP,N,0
115547,2026,Fall,2268,1,MECENG,199,037,1.0,4.0,PNP,N,0
115547,2026,Fall,2268,1,MECENG,199,038,1.0,4.0,PNP,N,0
115547,2026,Fall,2268,1,MECENG,199,039,1.0,4.0,PNP,N,0
115547,2026,Fall,2268,1,MECENG,199,040,1.0,4.0,PNP,N,0
115547,2026,Fall,2268,1,MECENG,199,041,1.0,4.0,PNP,N,0
115547,2026,Fall,2268,1,MECENG,199,042,1.0,4.0,PNP,N,0
115547,2026,Fall,2268,1,MECENG,199,043,1.0,4.0,PNP,N,10
161477,2026,Fall,2268,1,MECENG,206A,001,4.0,4.0,OPT,Y,96
159786,2026,Fall,2268,1,MECENG,219,001,3.0,3.0,OPT,Y,75
161617,2026,Fall,2268,1,MECENG,224A,01,3.0,3.0,OPT,Y,91
115568,2026,Fall,2268,1,MECENG,226,01,3.0,3.0,OPT,Y,82
162177,2026,Fall,2268,1,MECENG,236HL,101,1.0,1.0,OPT,N,34
164477,2026,Fall,2268,1,MECENG,236SL,201,1.0,1.0,OPT,N,32
157823,2026,Fall,2268,1,MECENG,236U,01,3.0,3.0,OPT,Y,78
115580,2026,Fall,2268,1,MECENG,239,001,4.0,4.0,OPT,N,97
115581,2026,Fall,2268,1,MECENG,24,001,1.0,1.0,PNP,Y,176
115581,2026,Fall,2268,1,MECENG,24,003,1.0,1.0,PNP,Y,170
159828,2026,Fall,2268,1,MECENG,242,01,3.0,3.0,OPT,Y,53
167887,2026,Fall,2268,1,MECENG,244,001,3.0,3.0,OPT,N,82
161180,2026,Fall,2268,1,MECENG,249,001,3.0,3.0,OPT,N,135
156621,2026,Fall,2268,1,MECENG,250A,01,3.0,3.0,OPT,N,62
160646,2026,Fall,2268,1,MECENG,263Z,001,3.0,3.0,OPT,Y,63
115612,2026,Fall,2268,1,MECENG,266,01,3.0,3.0,OPT,N,39
161628,2026,Fall,2268,1,MECENG,276DS,001,4.0,4.0,OPT,Y,107
156675,2026,Fall,2268,1,MECENG,287,001,3.0,3.0,OPT,Y,49
115646,2026,Fall,2268,1,MECENG,290G,01,3.0,3.0,OPT,N,53
115652,2026,Fall,2268,1,MECENG,290L,01,3.0,3.0,OPT,N,39
125577,2026,Fall,2268,1,MECENG,292E,01,3.0,3.0,OPT,Y,41
125419,2026,Fall,2268,1,MECENG,292I,001,3.0,3.0,OPT,Y,42
115667,2026,Fall,2268,1,MECENG,297,001,1.0,12.0,SUS,N,0
115667,2026,Fall,2268,1,MECENG,297,002,1.0,12.0,SUS,N,0
115667,2026,Fall,2268,1,MECENG,297,003,1.0,12.0,SUS,N,0
115667,2026,Fall,2268,1,MECENG,297,004,1.0,12.0,SUS,N,0
115667,2026,Fall,2268,1,MECENG,297,005,1.0,12.0,SUS,N,0
115667,2026,Fall,2268,1,MECENG,297,006,1.0,12.0,SUS,N,0
115667,2026,Fall,2268,1,MECENG,297,007,1.0,12.0,SUS,N,0
115667,2026,Fall,2268,1,MECENG,297,024,1.0,12.0,SUS,N,0
115667,2026,Fall,2268,1,MECENG,297,025,1.0,12.0,SUS,N,0
115667,2026,Fall,2268,1,MECENG,297,026,1.0,12.0,SUS,N,0
115667,2026,Fall,2268,1,MECENG,297,027,1.0,12.0,SUS,N,0
115668,2026,Fall,2268,1,MECENG,298,001,1.0,8.0,SUS,N,6
115668,2026,Fall,2268,1,MECENG,298,002,1.0,8.0,SUS,N,3
115668,2026,Fall,2268,1,MECENG,298,003,1.0,8.0,SUS,N,1
115668,2026,Fall,2268,1,MECENG,298,004,1.0,8.0,SUS,N,1
115668,2026,Fall,2268,1,MECENG,298,005,1.0,8.0,SUS,N,1
115668,2026,Fall,2268,1,MECENG,298,006,1.0,8.0,SUS,N,0
115668,2026,Fall,2268,1,MECENG,298,007,1.0,8.0,SUS,N,9
115668,2026,Fall,2268,1,MECENG,298,008,1.0,8.0,SUS,N,0
115668,2026,Fall,2268,1,MECENG,298,009,1.0,8.0,SUS,N,1
115668,2026,Fall,2268,1,MECENG,298,010,1.0,8.0,SUS,N,1
115668,2026,Fall,2268,1,MECENG,298,011,1.0,8.0,SUS,N,1
115668,2026,Fall,2268,1,MECENG,298,012,1.0,8.0,SUS,N,0
115668,2026,Fall,2268,1,MECENG,298,013,1.0,8.0,SUS,N,0
115668,2026,Fall,2268,1,MECENG,298,014,1.0,8.0,SUS,N,1
115668,2026,Fall,2268,1,MECENG,298,015,1.0,8.0,SUS,N,1
115668,2026,Fall,2268,1,MECENG,298,016,1.0,8.0,SUS,N,1
115668,2026,Fall,2268,1,MECENG,298,017,1.0,8.0,SUS,N,2
115668,2026,Fall,2268,1,MECENG,298,018,1.0,8.0,SUS,N,1
115668,2026,Fall,2268,1,MECENG,298,019,1.0,8.0,SUS,N,4
115668,2026,Fall,2268,1,MECENG,298,020,1.0,8.0,SUS,N,1
115668,2026,Fall,2268,1,MECENG,298,021,1.0,8.0,SUS,N,0
115668,2026,Fall,2268,1,MECENG,298,022,1.0,8.0,SUS,N,0
115668,2026,Fall,2268,1,MECENG,298,023,1.0,8.0,SUS,N,0
115668,2026,Fall,2268,1,MECENG,298,024,1.0,8.0,SUS,N,0
115668,2026,Fall,2268,1,MECENG,298,025,1.0,8.0,SUS,N,1
115668,2026,Fall,2268,1,MECENG,298,026,1.0,8.0,SUS,N,0
115668,2026,Fall,2268,1,MECENG,298,027,1.0,8.0,SUS,N,0
115668,2026,Fall,2268,1,MECENG,298,028,1.0,8.0,SUS,N,1
115668,2026,Fall,2268,1,MECENG,298,029,1.0,8.0,SUS,N,2
115668,2026,Fall,2268,1,MECENG,298,030,1.0,8.0,SUS,N,0
115668,2026,Fall,2268,1,MECENG,298,031,1.0,8.0,SUS,N,1
115668,2026,Fall,2268,1,MECENG,298,032,1.0,8.0,SUS,N,0
115668,2026,Fall,2268,1,MECENG,298,033,1.0,8.0,SUS,N,1
115668,2026,Fall,2268,1,MECENG,298,034,1.0,8.0,SUS,N,0
115668,2026,Fall,2268,1,MECENG,298,035,1.0,8.0,SUS,N,0
115668,2026,Fall,2268,1,MECENG,298,036,1.0,8.0,SUS,N,1
115668,2026,Fall,2268,1,MECENG,298,037,1.0,8.0,SUS,N,2
115668,2026,Fall,2268,1,MECENG,298,038,1.0,8.0,SUS,N,0
115668,2026,Fall,2268,1,MECENG,298,039,1.0,8.0,SUS,N,0
115668,2026,Fall,2268,1,MECENG,298,040,1.0,8.0,SUS,N,1
115668,2026,Fall,2268,1,MECENG,298,041,1.0,8.0,SUS,N,0
115668,2026,Fall,2268,1,MECENG,298,042,1.0,8.0,SUS,N,2
115668,2026,Fall,2268,1,MECENG,298,043,1.0,8.0,SUS,N,1
115668,2026,Fall,2268,1,MECENG,298,044,1.0,8.0,SUS,N,0
115668,2026,Fall,2268,1,MECENG,298,045,1.0,8.0,SUS,N,0
115668,2026,Fall,2268,1,MECENG,298,046,1.0,8.0,SUS,N,0
115668,2026,Fall,2268,1,MECENG,298,047,1.0,8.0,SUS,N,0
115668,2026,Fall,2268,1,MECENG,298,048,1.0,8.0,SUS,N,0
115668,2026,Fall,2268,1,MECENG,298,049,1.0,8.0,SUS,N,3
115668,2026,Fall,2268,1,MECENG,298,050,1.0,8.0,SUS,N,0
115668,2026,Fall,2268,1,MECENG,298,051,1.0,8.0,SUS,N,0
115668,2026,Fall,2268,1,MECENG,298,052,1.0,8.0,SUS,N,0
115668,2026,Fall,2268,1,MECENG,298,053,1.0,8.0,SUS,N,0
115668,2026,Fall,2268,1,MECENG,298,054,1.0,8.0,SUS,N,0
115668,2026,Fall,2268,1,MECENG,298,055,1.0,8.0,SUS,N,0
115668,2026,Fall,2268,1,MECENG,298,056,1.0,8.0,SUS,N,0
115668,2026,Fall,2268,1,MECENG,298,057,1.0,8.0,SUS,N,1
115668,2026,Fall,2268,1,MECENG,298,058,1.0,8.0,SUS,N,1
115668,2026,Fall,2268,1,MECENG,298,059,1.0,8.0,SUS,N,0
115668,2026,Fall,2268,1,MECENG,298,060,1.0,8.0,SUS,N,0
115668,2026,Fall,2268,1,MECENG,298,061,1.0,8.0,SUS,N,1
115668,2026,Fall,2268,1,MECENG,298,062,1.0,8.0,SUS,N,2
115668,2026,Fall,2268,1,MECENG,298,063,1.0,8.0,SUS,N,1
115668,2026,Fall,2268,1,MECENG,298,064,1.0,8.0,SUS,N,0
115668,2026,Fall,2268,1,MECENG,298,065,1.0,8.0,SUS,N,0
115668,2026,Fall,2268,1,MECENG,298,066,1.0,8.0,SUS,N,0
115668,2026,Fall,2268,1,MECENG,298,067,1.0,8.0,SUS,N,0
115669,2026,Fall,2268,1,MECENG,299,001,1.0,12.0,SUS,N,0
115669,2026,Fall,2268,1,MECENG,299,002,1.0,12.0,SUS,N,0
115669,2026,Fall,2268,1,MECENG,299,003,1.0,12.0,SUS,N,1
115669,2026,Fall,2268,1,MECENG,299,004,1.0,12.0,SUS,N,0
115669,2026,Fall,2268,1,MECENG,299,005,1.0,12.0,SUS,N,0
115669,2026,Fall,2268,1,MECENG,299,006,1.0,12.0,SUS,N,0
115669,2026,Fall,2268,1,MECENG,299,007,1.0,12.0,SUS,N,0
115669,2026,Fall,2268,1,MECENG,299,008,1.0,12.0,SUS,N,0
115669,2026,Fall,2268,1,MECENG,299,009,1.0,12.0,SUS,N,0
115669,2026,Fall,2268,1,MECENG,299,010,1.0,12.0,SUS,N,0
115669,2026,Fall,2268,1,MECENG,299,011,1.0,12.0,SUS,N,0
115669,2026,Fall,2268,1,MECENG,299,012,1.0,12.0,SUS,N,0
115669,2026,Fall,2268,1,MECENG,299,013,1.0,12.0,SUS,N,0
115669,2026,Fall,2268,1,MECENG,299,014,1.0,12.0,SUS,N,0
115669,2026,Fall,2268,1,MECENG,299,015,1.0,12.0,SUS,N,2
115669,2026,Fall,2268,1,MECENG,299,016,1.0,12.0,SUS,N,0
115669,2026,Fall,2268,1,MECENG,299,017,1.0,12.0,SUS,N,2
115669,2026,Fall,2268,1,MECENG,299,018,1.0,12.0,SUS,N,1
115669,2026,Fall,2268,1,MECENG,299,019,1.0,12.0,SUS,N,1
115669,2026,Fall,2268,1,MECENG,299,020,1.0,12.0,SUS,N,1
115669,2026,Fall,2268,1,MECENG,299,021,1.0,12.0,SUS,N,0
115669,2026,Fall,2268,1,MECENG,299,022,1.0,12.0,SUS,N,1
115669,2026,Fall,2268,1,MECENG,299,023,1.0,12.0,SUS,N,0
115669,2026,Fall,2268,1,MECENG,299,024,1.0,12.0,SUS,N,0
115669,2026,Fall,2268,1,MECENG,299,025,1.0,12.0,SUS,N,3
115669,2026,Fall,2268,1,MECENG,299,026,1.0,12.0,SUS,N,1
115669,2026,Fall,2268,1,MECENG,299,028,1.0,12.0,SUS,N,0
115669,2026,Fall,2268,1,MECENG,299,029,1.0,12.0,SUS,N,0
115669,2026,Fall,2268,1,MECENG,299,030,1.0,12.0,SUS,N,0
115669,2026,Fall,2268,1,MECENG,299,031,1.0,12.0,SUS,N,2
115669,2026,Fall,2268,1,MECENG,299,032,1.0,12.0,SUS,N,1
115669,2026,Fall,2268,1,MECENG,299,033,1.0,12.0,SUS,N,0
115669,2026,Fall,2268,1,MECENG,299,034,1.0,12.0,SUS,N,0
115669,2026,Fall,2268,1,MECENG,299,036,1.0,12.0,SUS,N,0
115669,2026,Fall,2268,1,MECENG,299,037,1.0,12.0,SUS,N,0
115669,2026,Fall,2268,1,MECENG,299,040,1.0,12.0,SUS,N,0
115669,2026,Fall,2268,1,MECENG,299,042,1.0,12.0,SUS,N,0
115669,2026,Fall,2268,1,MECENG,299,043,1.0,12.0,SUS,N,1
115669,2026,Fall,2268,1,MECENG,299,050,1.0,12.0,SUS,N,0
115669,2026,Fall,2268,1,MECENG,299,052,1.0,12.0,SUS,N,1
115669,2026,Fall,2268,1,MECENG,299,054,1.0,12.0,SUS,N,0
115669,2026,Fall,2268,1,MECENG,299,055,1.0,12.0,SUS,N,1
115669,2026,Fall,2268,1,MECENG,299,056,1.0,12.0,SUS,N,0
115669,2026,Fall,2268,1,MECENG,299,057,1.0,12.0,SUS,N,0
115669,2026,Fall,2268,1,MECENG,299,058,1.0,12.0,SUS,N,0
115669,2026,Fall,2268,1,MECENG,299,059,1.0,12.0,SUS,N,0
115669,2026,Fall,2268,1,MECENG,299,060,1.0,12.0,SUS,N,0
115669,2026,Fall,2268,1,MECENG,299,061,1.0,12.0,SUS,N,0
115669,2026,Fall,2268,1,MECENG,299,062,1.0,12.0,SUS,N,0
115669,2026,Fall,2268,1,MECENG,299,063,1.0,12.0,SUS,N,0
115669,2026,Fall,2268,1,MECENG,299,064,1.0,12.0,SUS,N,1
115669,2026,Fall,2268,1,MECENG,299,065,1.0,12.0,SUS,N,1
115669,2026,Fall,2268,1,MECENG,299,066,1.0,12.0,SUS,N,1
115669,2026,Fall,2268,1,MECENG,299,067,1.0,12.0,SUS,N,0
115669,2026,Fall,2268,1,MECENG,299,068,1.0,12.0,SUS,N,0
115671,2026,Fall,2268,1,MECENG,375,001,1.0,6.0,SUS,N,12
115699,2026,Fall,2268,1,MECENG,40,001,3.0,3.0,OPT,Y,445
154784,2026,Fall,2268,1,MECENG,C106A,01,4.0,4.0,OPT,A,181
115512,2026,Fall,2268,1,MECENG,C136,01,3.0,3.0,OPT,Y,236
164231,2026,Fall,2268,1,MECENG,C136S,001,1.0,1.0,OPT,N,65
162932,2026,Fall,2268,1,MECENG,C162,001,3.0,3.0,OPT,Y,114
164794,2026,Fall,2268,1,MECENG,C166,01,3.0,3.0,OPT,Y,101
125415,2026,Fall,2268,1,MECENG,C178,01,4.0,4.0,OPT,N,165
124454,2026,Fall,2268,1,MECENG,C200,001,3.0,3.0,OPT,Y,130
124281,2026,Fall,2268,1,MECENG,C231A,001,3.0,3.0,OPT,Y,123
124283,2026,Fall,2268,1,MECENG,C232,001,3.0,3.0,OPT,Y,126
154883,2026,Fall,2268,1,MECENG,C278,01,4.0,4.0,OPT,N,63
124408,2026,Fall,2268,1,MECENG,C85,002,3.0,3.0,OPT,Y,375
115705,2026,Fall,2268,1,MECENG,H194,001,2.0,4.0,OPT,N,0
115705,2026,Fall,2268,1,MECENG,H194,002,2.0,4.0,OPT,N,0
115705,2026,Fall,2268,1,MECENG,H194,003,2.0,4.0,OPT,N,0
115705,2026,Fall,2268,1,MECENG,H194,004,2.0,4.0,OPT,N,0
115705,2026,Fall,2268,1,MECENG,H194,005,2.0,4.0,OPT,N,0
115705,2026,Fall,2268,1,MECENG,H194,006,2.0,4.0,OPT,N,0
115705,2026,Fall,2268,1,MECENG,H194,007,2.0,4.0,OPT,N,0
115705,2026,Fall,2268,1,MECENG,H194,008,2.0,4.0,OPT,N,0
115705,2026,Fall,2268,1,MECENG,H194,009,2.0,4.0,OPT,N,0
115705,2026,Fall,2268,1,MECENG,H194,010,2.0,4.0,OPT,N,0
115705,2026,Fall,2268,1,MECENG,H194,011,2.0,4.0,OPT,N,0
115705,2026,Fall,2268,1,MECENG,H194,012,2.0,4.0,OPT,N,0
115705,2026,Fall,2268,1,MECENG,H194,013,2.0,4.0,OPT,N,0
115705,2026,Fall,2268,1,MECENG,H194,014,2.0,4.0,OPT,N,0
115705,2026,Fall,2268,1,MECENG,H194,015,2.0,4.0,OPT,N,0
115705,2026,Fall,2268,1,MECENG,H194,016,2.0,4.0,OPT,N,0
115705,2026,Fall,2268,1,MECENG,H194,017,2.0,4.0,OPT,N,0
115705,2026,Fall,2268,1,MECENG,H194,018,2.0,4.0,OPT,N,0
115705,2026,Fall,2268,1,MECENG,H194,019,2.0,4.0,OPT,N,0
115705,2026,Fall,2268,1,MECENG,H194,020,2.0,4.0,OPT,N,0
115705,2026,Fall,2268,1,MECENG,H194,022,2.0,4.0,OPT,N,0
115705,2026,Fall,2268,1,MECENG,H194,023,2.0,4.0,OPT,N,0
115705,2026,Fall,2268,1,MECENG,H194,024,2.0,4.0,OPT,N,0
115705,2026,Fall,2268,1,MECENG,H194,025,2.0,4.0,OPT,N,0
115705,2026,Fall,2268,1,MECENG,H194,026,2.0,4.0,OPT,N,0
115705,2026,Fall,2268,1,MECENG,H194,027,2.0,4.0,OPT,N,0
115705,2026,Fall,2268,1,MECENG,H194,028,2.0,4.0,OPT,N,0
115705,2026,Fall,2268,1,MECENG,H194,029,2.0,4.0,OPT,N,0
115705,2026,Fall,2268,1,MECENG,H194,030,2.0,4.0,OPT,N,0
115705,2026,Fall,2268,1,MECENG,H194,031,2.0,4.0,OPT,N,0
115705,2026,Fall,2268,1,MECENG,H194,032,2.0,4.0,OPT,N,0
115705,2026,Fall,2268,1,MECENG,H194,033,2.0,4.0,OPT,N,0
115705,2026,Fall,2268,1,MECENG,H194,034,2.0,4.0,OPT,N,0
115705,2026,Fall,2268,1,MECENG,H194,036,2.0,4.0,OPT,N,0
115705,2026,Fall,2268,1,MECENG,H194,037,2.0,4.0,OPT,N,0
115705,2026,Fall,2268,1,MECENG,H194,038,2.0,4.0,OPT,N,0
115705,2026,Fall,2268,1,MECENG,H194,039,2.0,4.0,OPT,N,0
115705,2026,Fall,2268,1,MECENG,H194,040,2.0,4.0,OPT,N,0
115705,2026,Fall,2268,1,MECENG,H194,041,2.0,4.0,OPT,N,0
115705,2026,Fall,2268,1,MECENG,H194,042,2.0,4.0,OPT,N,0
115705,2026,Fall,2268,1,MECENG,H194,043,2.0,4.0,OPT,N,0
115705,2026,Fall,2268,1,MECENG,H194,044,2.0,4.0,OPT,N,0
115705,2026,Fall,2268,1,MECENG,H194,045,2.0,4.0,OPT,N,5
115712,2026,Fall,2268,1,MEDIAST,10,001,4.0,4.0,OPT,Y,528
157142,2026,Fall,2268,1,MEDIAST,104E,001,4.0,4.0,OPT,A,148
161195,2026,Fall,2268,1,MEDIAST,111B,001,4.0,4.0,OPT,Y,191
156625,2026,Fall,2268,1,MEDIAST,112,001,4.0,4.0,OPT,Y,234
157141,2026,Fall,2268,1,MEDIAST,113,001,4.0,4.0,OPT,Y,253
161495,2026,Fall,2268,1,MEDIAST,114,001,4.0,4.0,OPT,Y,207
115724,2026,Fall,2268,1,MEDIAST,180,001,4.0,4.0,OPT,Y,145
115725,2026,Fall,2268,1,MEDIAST,190,001,4.0,4.0,OPT,Y,156
115727,2026,Fall,2268,1,MEDIAST,199,001,1.0,2.0,PNP,N,0
115727,2026,Fall,2268,1,MEDIAST,199,002,1.0,4.0,PNP,N,0
115727,2026,Fall,2268,1,MEDIAST,199,003,1.0,4.0,PNP,N,0
115727,2026,Fall,2268,1,MEDIAST,199,004,1.0,4.0,PNP,N,0
115727,2026,Fall,2268,1,MEDIAST,199,005,1.0,4.0,PNP,N,0
124373,2026,Fall,2268,1,MEDIAST,C196A,001,4.0,4.0,OPT,N,33
124366,2026,Fall,2268,1,MEDIAST,C196B,001,8.0,12.0,OPT,N,15
156624,2026,Fall,2268,1,MEDIAST,H194,001,3.0,3.0,OPT,A,65
116575,2026,Fall,2268,1,MELC,10,001,4.0,4.0,OPT,Y,1383
116583,2026,Fall,2268,1,MELC,103,001,3.0,3.0,OPT,Y,729
158525,2026,Fall,2268,1,MELC,134,001,4.0,4.0,OPT,Y,79
158525,2026,Fall,2268,1,MELC,134,002,4.0,4.0,OPT,Y,96
163262,2026,Fall,2268,1,MELC,145,001,4.0,4.0,OPT,A,371
160151,2026,Fall,2268,1,MELC,148,001,4.0,4.0,OPT,Y,273
116642,2026,Fall,2268,1,MELC,150B,001,3.0,3.0,OPT,Y,145
157567,2026,Fall,2268,1,MELC,156,001,4.0,4.0,OPT,Y,120
161348,2026,Fall,2268,1,MELC,157,001,4.0,4.0,OPT,A,127
160407,2026,Fall,2268,1,MELC,158AC,001,4.0,4.0,OPT,Y,999
116651,2026,Fall,2268,1,MELC,162,001,4.0,4.0,OPT,Y,133
116695,2026,Fall,2268,1,MELC,199,001,1.0,4.0,PNP,N,0
116695,2026,Fall,2268,1,MELC,199,002,1.0,4.0,PNP,N,7
116711,2026,Fall,2268,1,MELC,223,001,2.0,4.0,OPT,N,13
116720,2026,Fall,2268,1,MELC,290A,001,1.0,5.0,OPT,N,18
116720,2026,Fall,2268,1,MELC,290A,002,1.0,5.0,OPT,N,0
116720,2026,Fall,2268,1,MELC,290A,003,1.0,5.0,OPT,N,7
116721,2026,Fall,2268,1,MELC,290B,001,1.0,5.0,OPT,N,0
116722,2026,Fall,2268,1,MELC,290C,001,1.0,5.0,OPT,N,0
116722,2026,Fall,2268,1,MELC,290C,002,1.0,5.0,OPT,N,0
116722,2026,Fall,2268,1,MELC,290C,003,1.0,5.0,OPT,N,0
116723,2026,Fall,2268,1,MELC,290D,001,1.0,5.0,OPT,N,0
116724,2026,Fall,2268,1,MELC,290E,001,1.0,5.0,OPT,N,0
116724,2026,Fall,2268,1,MELC,290E,002,1.0,5.0,OPT,N,0
116725,2026,Fall,2268,1,MELC,290F,001,1.0,5.0,OPT,N,0
116726,2026,Fall,2268,1,MELC,290G,001,1.0,5.0,OPT,N,0
116726,2026,Fall,2268,1,MELC,290G,002,1.0,5.0,OPT,N,0
116726,2026,Fall,2268,1,MELC,290G,003,1.0,5.0,OPT,N,0
116727,2026,Fall,2268,1,MELC,290H,001,1.0,5.0,OPT,N,0
116727,2026,Fall,2268,1,MELC,290H,002,1.0,5.0,OPT,N,0
116741,2026,Fall,2268,1,MELC,298,001,1.0,4.0,OPT,N,24
116741,2026,Fall,2268,1,MELC,298,002,1.0,4.0,OPT,N,12
116742,2026,Fall,2268,1,MELC,299,001,3.0,12.0,OPT,N,0
116742,2026,Fall,2268,1,MELC,299,002,3.0,12.0,OPT,N,2
116742,2026,Fall,2268,1,MELC,299,003,3.0,12.0,OPT,N,2
116742,2026,Fall,2268,1,MELC,299,004,3.0,12.0,OPT,N,2
116746,2026,Fall,2268,1,MELC,34,001,3.0,3.0,OPT,Y,436
125788,2026,Fall,2268,1,MELC,39A,001,4.0,4.0,OPT,Y,218
116751,2026,Fall,2268,1,MELC,601,001,1.0,8.0,SUS,N,0
116751,2026,Fall,2268,1,MELC,601,002,1.0,8.0,SUS,N,0
116751,2026,Fall,2268,1,MELC,601,003,1.0,8.0,SUS,N,0
116751,2026,Fall,2268,1,MELC,601,004,1.0,8.0,SUS,N,0
116751,2026,Fall,2268,1,MELC,601,005,1.0,8.0,SUS,N,0
116751,2026,Fall,2268,1,MELC,601,006,1.0,8.0,SUS,N,0
116751,2026,Fall,2268,1,MELC,601,007,1.0,8.0,SUS,N,0
116751,2026,Fall,2268,1,MELC,601,008,1.0,8.0,SUS,N,0
116751,2026,Fall,2268,1,MELC,601,009,1.0,8.0,SUS,N,0
116751,2026,Fall,2268,1,MELC,601,010,1.0,8.0,SUS,N,0
116751,2026,Fall,2268,1,MELC,601,011,1.0,8.0,SUS,N,0
116751,2026,Fall,2268,1,MELC,601,012,1.0,8.0,SUS,N,0
116751,2026,Fall,2268,1,MELC,601,013,1.0,8.0,SUS,N,0
116751,2026,Fall,2268,1,MELC,601,014,1.0,8.0,SUS,N,0
116752,2026,Fall,2268,1,MELC,602,001,1.0,8.0,SUS,N,0
116752,2026,Fall,2268,1,MELC,602,002,1.0,8.0,SUS,N,0
123559,2026,Fall,2268,1,MELC,C121,001,4.0,4.0,OPT,Y,41
124378,2026,Fall,2268,1,MELC,C26,001,3.0,3.0,OPT,Y,717
116762,2026,Fall,2268,1,MELC,R1A,001,4.0,4.0,GRD,N,343
116763,2026,Fall,2268,1,MELC,R1B,001,4.0,4.0,GRD,N,264
116763,2026,Fall,2268,1,MELC,R1B,002,4.0,4.0,GRD,N,219
116763,2026,Fall,2268,1,MELC,R1B,003,4.0,4.0,GRD,N,223
116763,2026,Fall,2268,1,MELC,R1B,004,4.0,4.0,GRD,N,46
116763,2026,Fall,2268,1,MELC,R1B,005,4.0,4.0,GRD,N,5
115795,2026,Fall,2268,1,MFE,230G,001,2.0,2.0,OPT,N,0
162753,2026,Fall,2268,1,MFE,230GA,01A,1.0,1.0,OPT,N,0
162719,2026,Fall,2268,1,MFE,230GB,01A,1.0,1.0,OPT,N,0
115796,2026,Fall,2268,1,MFE,230H,01A,2.0,2.0,OPT,N,0
115798,2026,Fall,2268,1,MFE,230J,001,1.0,2.0,OPT,N,0
115801,2026,Fall,2268,1,MFE,230M,01A,2.0,2.0,OPT,N,0
115802,2026,Fall,2268,1,MFE,230N,01A,0.0,0.0,BMT,N,0
115804,2026,Fall,2268,1,MFE,230P,001,2.0,2.0,OPT,Y,0
115806,2026,Fall,2268,1,MFE,230R,001,2.0,2.0,OPT,N,0
115808,2026,Fall,2268,1,MFE,230T,001,1.0,5.0,OPT,N,0
115808,2026,Fall,2268,1,MFE,230T,002,1.0,5.0,OPT,N,0
115808,2026,Fall,2268,1,MFE,230T,003,1.0,5.0,OPT,N,0
115812,2026,Fall,2268,1,MFE,230VB,001,1.0,1.0,OPT,N,0
115814,2026,Fall,2268,1,MFE,230X,01A,2.0,2.0,OPT,N,0
161512,2026,Fall,2268,1,MFE,230ZA,01A,1.0,1.0,OPT,N,0
161509,2026,Fall,2268,1,MFE,230ZB,01A,1.0,1.0,OPT,N,0
115815,2026,Fall,2268,1,MFE,293,001,1.0,5.0,OPT,N,0
115815,2026,Fall,2268,1,MFE,293,002,1.0,5.0,OPT,N,0
115815,2026,Fall,2268,1,MFE,293,003,1.0,5.0,OPT,N,0
115815,2026,Fall,2268,1,MFE,293,004,1.0,5.0,OPT,N,0
115815,2026,Fall,2268,1,MFE,293,005,1.0,5.0,OPT,N,0
115815,2026,Fall,2268,1,MFE,293,006,1.0,5.0,OPT,N,0
115815,2026,Fall,2268,1,MFE,293,007,1.0,5.0,OPT,N,0
115815,2026,Fall,2268,1,MFE,293,008,1.0,5.0,OPT,N,0
115815,2026,Fall,2268,1,MFE,293,009,1.0,5.0,OPT,N,0
115815,2026,Fall,2268,1,MFE,293,010,1.0,5.0,OPT,N,0
115815,2026,Fall,2268,1,MFE,293,011,1.0,5.0,OPT,N,0
115815,2026,Fall,2268,1,MFE,293,012,1.0,5.0,OPT,N,0
115815,2026,Fall,2268,1,MFE,293,013,1.0,5.0,OPT,N,0
115815,2026,Fall,2268,1,MFE,293,014,1.0,5.0,OPT,N,0
115815,2026,Fall,2268,1,MFE,293,015,1.0,5.0,OPT,N,0
115815,2026,Fall,2268,1,MFE,293,016,1.0,5.0,OPT,N,0
115815,2026,Fall,2268,1,MFE,293,017,1.0,5.0,OPT,N,0
115815,2026,Fall,2268,1,MFE,293,018,1.0,5.0,OPT,N,0
115815,2026,Fall,2268,1,MFE,293,019,1.0,5.0,OPT,N,0
115815,2026,Fall,2268,1,MFE,293,020,1.0,5.0,OPT,N,0
115815,2026,Fall,2268,1,MFE,293,021,1.0,5.0,OPT,N,0
115815,2026,Fall,2268,1,MFE,293,022,1.0,5.0,OPT,N,0
115815,2026,Fall,2268,1,MFE,293,023,1.0,5.0,OPT,N,0
115815,2026,Fall,2268,1,MFE,293,024,1.0,5.0,OPT,N,0
115815,2026,Fall,2268,1,MFE,293,027,1.0,5.0,OPT,N,0
115815,2026,Fall,2268,1,MFE,293,028,1.0,5.0,OPT,N,0
115815,2026,Fall,2268,1,MFE,293,030,1.0,5.0,OPT,N,0
115815,2026,Fall,2268,1,MFE,293,031,1.0,5.0,OPT,N,0
115815,2026,Fall,2268,1,MFE,293,032,1.0,5.0,OPT,N,0
115815,2026,Fall,2268,1,MFE,293,033,1.0,5.0,OPT,N,0
115815,2026,Fall,2268,1,MFE,293,25,1.0,5.0,OPT,N,0
115815,2026,Fall,2268,1,MFE,293,26,1.0,5.0,OPT,N,0
115815,2026,Fall,2268,1,MFE,293,29,1.0,5.0,OPT,N,0
115815,2026,Fall,2268,1,MFE,293,34,1.0,5.0,OPT,N,0
115877,2026,Fall,2268,1,MILAFF,1,001,1.0,1.0,OPT,N,166
115877,2026,Fall,2268,1,MILAFF,1,002,1.0,1.0,OPT,N,24
115884,2026,Fall,2268,1,MILAFF,145A,001,3.0,3.0,OPT,Y,168
115884,2026,Fall,2268,1,MILAFF,145A,002,3.0,3.0,OPT,Y,0
159209,2026,Fall,2268,1,MILAFF,180,001,3.0,3.0,OPT,A,0
115889,2026,Fall,2268,1,MILAFF,199,001,1.0,4.0,PNP,N,2
115889,2026,Fall,2268,1,MILAFF,199,002,1.0,4.0,PNP,N,2
115889,2026,Fall,2268,1,MILAFF,199,003,1.0,4.0,PNP,N,1
115889,2026,Fall,2268,1,MILAFF,199,004,1.0,4.0,PNP,N,1
115889,2026,Fall,2268,1,MILAFF,199,005,1.0,4.0,PNP,N,1
115889,2026,Fall,2268,1,MILAFF,199,006,1.0,4.0,PNP,N,0
115895,2026,Fall,2268,1,MILSCI,1,001,0.0,0.0,PNP,N,48
115895,2026,Fall,2268,1,MILSCI,1,002,0.0,0.0,PNP,N,61
115896,2026,Fall,2268,1,MILSCI,100,001,2.0,2.0,OPT,Y,158
115896,2026,Fall,2268,1,MILSCI,100,002,2.0,2.0,OPT,Y,0
115898,2026,Fall,2268,1,MILSCI,131,001,3.0,3.0,OPT,N,27
115900,2026,Fall,2268,1,MILSCI,141,001,3.0,3.0,OPT,Y,10
115902,2026,Fall,2268,1,MILSCI,2,001,1.0,1.0,OPT,Y,136
115910,2026,Fall,2268,1,MILSCI,431,001,3.0,3.0,OPT,Y,0
125703,2026,Fall,2268,1,MONGOLN,110A,001,4.0,4.0,OPT,A,10
125599,2026,Fall,2268,1,MONGOLN,C117,001,4.0,4.0,OPT,Y,53
161976,2026,Fall,2268,1,MPS,1,001,1.0,1.0,PNP,N,0
166662,2026,Fall,2268,1,MPS,101,001,1.0,1.0,PNP,N,11
166662,2026,Fall,2268,1,MPS,101,002,1.0,1.0,PNP,N,28
166662,2026,Fall,2268,1,MPS,101,003,1.0,1.0,PNP,N,15
166662,2026,Fall,2268,1,MPS,101,004,1.0,1.0,PNP,N,10
161980,2026,Fall,2268,1,MPS,375,001,2.0,2.0,SUS,N,10
161980,2026,Fall,2268,1,MPS,375,002,2.0,2.0,SUS,N,6
161308,2026,Fall,2268,1,MUSIC,105,001,3.0,3.0,OPT,A,0
116050,2026,Fall,2268,1,MUSIC,107,001,4.0,4.0,OPT,N,0
116051,2026,Fall,2268,1,MUSIC,108,001,4.0,4.0,OPT,A,379
161454,2026,Fall,2268,1,MUSIC,116,001,3.0,3.0,OPT,Y,106
116065,2026,Fall,2268,1,MUSIC,128,001,3.0,3.0,OPT,Y,240
116065,2026,Fall,2268,1,MUSIC,128,002,4.0,4.0,OPT,Y,673
116065,2026,Fall,2268,1,MUSIC,128,003,4.0,4.0,OPT,Y,558
164189,2026,Fall,2268,1,MUSIC,134D,001,4.0,4.0,OPT,A,0
116118,2026,Fall,2268,1,MUSIC,139,001,4.0,4.0,OPT,Y,305
116324,2026,Fall,2268,1,MUSIC,14,001,1.0,1.0,OPT,A,351
116120,2026,Fall,2268,1,MUSIC,140,001,2.0,2.0,OPT,N,89
116120,2026,Fall,2268,1,MUSIC,140,002,2.0,2.0,OPT,N,70
116120,2026,Fall,2268,1,MUSIC,140,003,2.0,2.0,OPT,N,61
116121,2026,Fall,2268,1,MUSIC,141,001,3.0,3.0,OPT,A,115
166733,2026,Fall,2268,1,MUSIC,141A,001,2.0,2.0,OPT,A,142
116122,2026,Fall,2268,1,MUSIC,142,001,2.0,2.0,OPT,N,79
116123,2026,Fall,2268,1,MUSIC,143,001,2.0,2.0,OPT,A,84
116124,2026,Fall,2268,1,MUSIC,144,001,2.0,2.0,OPT,N,70
116125,2026,Fall,2268,1,MUSIC,145,001,2.0,2.0,OPT,N,64
116127,2026,Fall,2268,1,MUSIC,146B,001,2.0,2.0,OPT,Y,122
166062,2026,Fall,2268,1,MUSIC,147A,001,2.0,2.0,OPT,A,41
166062,2026,Fall,2268,1,MUSIC,147A,002,2.0,2.0,OPT,A,23
116130,2026,Fall,2268,1,MUSIC,148,001,2.0,2.0,OPT,N,106
116131,2026,Fall,2268,1,MUSIC,149,001,2.0,2.0,OPT,N,28
162638,2026,Fall,2268,1,MUSIC,150,1,3.0,3.0,OPT,N,53
125588,2026,Fall,2268,1,MUSIC,151A,001,3.0,3.0,OPT,A,43
125589,2026,Fall,2268,1,MUSIC,151B,001,3.0,3.0,OPT,Y,20
125584,2026,Fall,2268,1,MUSIC,151C,001,3.0,3.0,OPT,Y,7
116144,2026,Fall,2268,1,MUSIC,154A,001,3.0,3.0,OPT,Y,58
116146,2026,Fall,2268,1,MUSIC,155,001,3.0,3.0,OPT,Y,110
116149,2026,Fall,2268,1,MUSIC,156,001,3.0,3.0,OPT,Y,0
116151,2026,Fall,2268,1,MUSIC,157A,001,3.0,3.0,OPT,Y,150
116154,2026,Fall,2268,1,MUSIC,158A,001,4.0,4.0,OPT,A,113
116158,2026,Fall,2268,1,MUSIC,161A,001,3.0,3.0,OPT,Y,0
116165,2026,Fall,2268,1,MUSIC,165,001,2.0,2.0,OPT,N,112
157837,2026,Fall,2268,1,MUSIC,167A,001,1.0,1.0,OPT,A,0
157854,2026,Fall,2268,1,MUSIC,167B,001,1.0,1.0,OPT,A,0
157870,2026,Fall,2268,1,MUSIC,167C,001,1.0,1.0,OPT,A,0
157844,2026,Fall,2268,1,MUSIC,167H,001,1.0,1.0,OPT,A,0
157852,2026,Fall,2268,1,MUSIC,167I,001,1.0,1.0,OPT,A,0
116133,2026,Fall,2268,1,MUSIC,168A,001,1.0,1.0,OPT,N,0
166735,2026,Fall,2268,1,MUSIC,168AS,001,1.0,1.0,OPT,A,0
157842,2026,Fall,2268,1,MUSIC,168B,001,1.0,1.0,OPT,A,0
166741,2026,Fall,2268,1,MUSIC,168BS,001,1.0,1.0,OPT,A,0
157841,2026,Fall,2268,1,MUSIC,168C,001,1.0,1.0,OPT,A,0
157840,2026,Fall,2268,1,MUSIC,168CE,001,1.0,1.0,OPT,A,0
157839,2026,Fall,2268,1,MUSIC,168CS,001,1.0,1.0,OPT,A,114
116136,2026,Fall,2268,1,MUSIC,168D,001,1.0,1.0,OPT,A,0
116137,2026,Fall,2268,1,MUSIC,168E,001,1.0,1.0,OPT,A,0
166740,2026,Fall,2268,1,MUSIC,168ES,001,1.0,1.0,OPT,A,0
166739,2026,Fall,2268,1,MUSIC,168F,001,1.0,1.0,OPT,A,0
116139,2026,Fall,2268,1,MUSIC,168G,001,1.0,1.0,OPT,A,0
116140,2026,Fall,2268,1,MUSIC,168H,001,1.0,1.0,OPT,A,0
157838,2026,Fall,2268,1,MUSIC,168I,001,1.0,1.0,OPT,A,0
125729,2026,Fall,2268,1,MUSIC,170,001,3.0,3.0,OPT,Y,53
125730,2026,Fall,2268,1,MUSIC,170A,001,3.0,3.0,OPT,Y,127
125730,2026,Fall,2268,1,MUSIC,170A,002,3.0,3.0,OPT,Y,85
161351,2026,Fall,2268,1,MUSIC,172,001,3.0,3.0,OPT,A,85
161902,2026,Fall,2268,1,MUSIC,195,001,1.0,1.0,PNP,A,9
161902,2026,Fall,2268,1,MUSIC,195,002,1.0,1.0,PNP,A,0
161902,2026,Fall,2268,1,MUSIC,195,003,1.0,1.0,PNP,A,0
161902,2026,Fall,2268,1,MUSIC,195,004,1.0,1.0,PNP,A,0
161902,2026,Fall,2268,1,MUSIC,195,005,1.0,1.0,PNP,A,0
161902,2026,Fall,2268,1,MUSIC,195,006,1.0,1.0,PNP,A,0
161902,2026,Fall,2268,1,MUSIC,195,007,1.0,1.0,PNP,A,0
161902,2026,Fall,2268,1,MUSIC,195,008,1.0,1.0,PNP,A,0
161902,2026,Fall,2268,1,MUSIC,195,009,1.0,1.0,PNP,A,0
161902,2026,Fall,2268,1,MUSIC,195,010,1.0,1.0,PNP,A,0
161902,2026,Fall,2268,1,MUSIC,195,011,1.0,1.0,PNP,A,0
161902,2026,Fall,2268,1,MUSIC,195,012,1.0,1.0,PNP,A,0
161902,2026,Fall,2268,1,MUSIC,195,013,1.0,1.0,PNP,A,0
161902,2026,Fall,2268,1,MUSIC,195,014,1.0,1.0,PNP,A,0
161902,2026,Fall,2268,1,MUSIC,195,015,1.0,1.0,PNP,A,0
161902,2026,Fall,2268,1,MUSIC,195,016,1.0,1.0,PNP,A,0
161902,2026,Fall,2268,1,MUSIC,195,017,1.0,1.0,PNP,A,0
161902,2026,Fall,2268,1,MUSIC,195,018,1.0,1.0,PNP,A,0
161902,2026,Fall,2268,1,MUSIC,195,019,1.0,1.0,PNP,A,0
161902,2026,Fall,2268,1,MUSIC,195,020,1.0,1.0,PNP,A,0
161902,2026,Fall,2268,1,MUSIC,195,021,1.0,1.0,PNP,A,0
161902,2026,Fall,2268,1,MUSIC,195,022,1.0,1.0,PNP,A,0
161902,2026,Fall,2268,1,MUSIC,195,023,1.0,1.0,PNP,A,0
161902,2026,Fall,2268,1,MUSIC,195,024,1.0,1.0,PNP,A,0
161902,2026,Fall,2268,1,MUSIC,195,025,1.0,1.0,PNP,A,0
116192,2026,Fall,2268,1,MUSIC,197,001,1.0,3.0,PNP,N,0
116192,2026,Fall,2268,1,MUSIC,197,002,1.0,3.0,PNP,N,0
116193,2026,Fall,2268,1,MUSIC,198,001,1.0,4.0,PNP,N,6
116193,2026,Fall,2268,1,MUSIC,198,002,1.0,4.0,PNP,N,4
116193,2026,Fall,2268,1,MUSIC,198,003,1.0,4.0,PNP,N,2
116193,2026,Fall,2268,1,MUSIC,198,004,1.0,4.0,PNP,N,4
116193,2026,Fall,2268,1,MUSIC,198,005,1.0,4.0,PNP,N,1
116193,2026,Fall,2268,1,MUSIC,198,006,1.0,4.0,PNP,N,0
116194,2026,Fall,2268,1,MUSIC,198BC,001,1.0,1.0,PNP,N,43
116195,2026,Fall,2268,1,MUSIC,199,001,1.0,4.0,PNP,N,0
116195,2026,Fall,2268,1,MUSIC,199,002,1.0,4.0,PNP,N,0
116195,2026,Fall,2268,1,MUSIC,199,003,1.0,4.0,PNP,N,0
116195,2026,Fall,2268,1,MUSIC,199,004,1.0,4.0,PNP,N,0
116195,2026,Fall,2268,1,MUSIC,199,005,1.0,4.0,PNP,N,0
116195,2026,Fall,2268,1,MUSIC,199,006,1.0,4.0,PNP,N,0
116195,2026,Fall,2268,1,MUSIC,199,007,1.0,4.0,PNP,N,0
116195,2026,Fall,2268,1,MUSIC,199,008,1.0,4.0,PNP,N,0
116195,2026,Fall,2268,1,MUSIC,199,009,1.0,4.0,PNP,N,0
116195,2026,Fall,2268,1,MUSIC,199,010,1.0,4.0,PNP,N,0
116195,2026,Fall,2268,1,MUSIC,199,011,1.0,4.0,PNP,N,0
116195,2026,Fall,2268,1,MUSIC,199,012,1.0,4.0,PNP,N,0
116198,2026,Fall,2268,1,MUSIC,20,001,3.0,3.0,OPT,Y,200
116198,2026,Fall,2268,1,MUSIC,20,002,3.0,3.0,OPT,Y,172
116202,2026,Fall,2268,1,MUSIC,200B,001,4.0,4.0,OPT,N,27
116203,2026,Fall,2268,1,MUSIC,200C,1,4.0,4.0,OPT,N,12
116206,2026,Fall,2268,1,MUSIC,202,001,4.0,4.0,OPT,N,18
116206,2026,Fall,2268,1,MUSIC,202,002,4.0,4.0,OPT,N,20
116207,2026,Fall,2268,1,MUSIC,203,001,4.0,4.0,OPT,N,2
166736,2026,Fall,2268,1,MUSIC,205,001,4.0,4.0,OPT,N,0
166736,2026,Fall,2268,1,MUSIC,205,002,4.0,4.0,OPT,N,0
116211,2026,Fall,2268,1,MUSIC,207,001,4.0,4.0,OPT,N,0
116213,2026,Fall,2268,1,MUSIC,208A,001,4.0,4.0,OPT,N,12
116233,2026,Fall,2268,1,MUSIC,220,001,4.0,4.0,OPT,N,51
116265,2026,Fall,2268,1,MUSIC,247,001,4.0,4.0,OPT,N,92
116269,2026,Fall,2268,1,MUSIC,249,001,4.0,4.0,OPT,N,0
116270,2026,Fall,2268,1,MUSIC,25,001,3.0,3.0,OPT,Y,228
116270,2026,Fall,2268,1,MUSIC,25,002,3.0,3.0,OPT,Y,133
116274,2026,Fall,2268,1,MUSIC,258A,001,4.0,4.0,OPT,N,20
116276,2026,Fall,2268,1,MUSIC,26AC,001,4.0,4.0,OPT,Y,2757
116281,2026,Fall,2268,1,MUSIC,290,001,1.0,1.0,SUS,N,49
116282,2026,Fall,2268,1,MUSIC,296,001,1.0,12.0,SUS,N,11
116282,2026,Fall,2268,1,MUSIC,296,002,1.0,12.0,SUS,N,1
116282,2026,Fall,2268,1,MUSIC,296,003,1.0,12.0,SUS,N,4
116282,2026,Fall,2268,1,MUSIC,296,004,1.0,12.0,SUS,N,1
116282,2026,Fall,2268,1,MUSIC,296,005,1.0,12.0,SUS,N,0
116282,2026,Fall,2268,1,MUSIC,296,006,1.0,12.0,SUS,N,1
116282,2026,Fall,2268,1,MUSIC,296,007,1.0,12.0,SUS,N,0
116282,2026,Fall,2268,1,MUSIC,296,008,1.0,12.0,SUS,N,0
116282,2026,Fall,2268,1,MUSIC,296,009,1.0,12.0,SUS,N,0
116282,2026,Fall,2268,1,MUSIC,296,010,1.0,12.0,SUS,N,0
116282,2026,Fall,2268,1,MUSIC,296,011,1.0,12.0,SUS,N,0
116283,2026,Fall,2268,1,MUSIC,298,001,1.0,8.0,OPT,N,0
116284,2026,Fall,2268,1,MUSIC,299,001,1.0,12.0,OPT,N,0
116284,2026,Fall,2268,1,MUSIC,299,002,1.0,12.0,OPT,N,0
116284,2026,Fall,2268,1,MUSIC,299,003,1.0,12.0,OPT,N,1
116284,2026,Fall,2268,1,MUSIC,299,004,1.0,12.0,OPT,N,1
116284,2026,Fall,2268,1,MUSIC,299,005,1.0,12.0,OPT,N,1
116284,2026,Fall,2268,1,MUSIC,299,006,1.0,12.0,OPT,N,0
116284,2026,Fall,2268,1,MUSIC,299,007,1.0,12.0,OPT,N,1
116284,2026,Fall,2268,1,MUSIC,299,008,1.0,12.0,OPT,N,1
116284,2026,Fall,2268,1,MUSIC,299,009,1.0,12.0,OPT,N,1
116284,2026,Fall,2268,1,MUSIC,299,010,1.0,12.0,OPT,N,0
116284,2026,Fall,2268,1,MUSIC,299,011,1.0,12.0,OPT,N,1
116284,2026,Fall,2268,1,MUSIC,299,012,1.0,12.0,OPT,N,0
116284,2026,Fall,2268,1,MUSIC,299,014,1.0,12.0,OPT,N,0
116284,2026,Fall,2268,1,MUSIC,299,015,1.0,12.0,OPT,N,1
116284,2026,Fall,2268,1,MUSIC,299,016,1.0,12.0,OPT,N,0
116284,2026,Fall,2268,1,MUSIC,299,017,1.0,12.0,OPT,N,1
161239,2026,Fall,2268,1,MUSIC,30,001,4.0,4.0,OPT,Y,0
116286,2026,Fall,2268,1,MUSIC,300,1,2.0,2.0,SUS,N,1
168547,2026,Fall,2268,1,MUSIC,32,001,3.0,3.0,OPT,Y,26
116314,2026,Fall,2268,1,MUSIC,40,001,1.0,1.0,OPT,N,3
116321,2026,Fall,2268,1,MUSIC,41A,001,1.0,1.0,OPT,N,69
116322,2026,Fall,2268,1,MUSIC,41B,001,1.0,1.0,OPT,N,37
116327,2026,Fall,2268,1,MUSIC,42,001,2.0,2.0,OPT,N,34
116329,2026,Fall,2268,1,MUSIC,44,001,2.0,2.0,OPT,N,170
116329,2026,Fall,2268,1,MUSIC,44,003,2.0,2.0,OPT,N,113
116315,2026,Fall,2268,1,MUSIC,45M,001,1.0,1.0,PNP,A,95
158332,2026,Fall,2268,1,MUSIC,48,001,3.0,3.0,OPT,N,260
158332,2026,Fall,2268,1,MUSIC,48,002,3.0,3.0,OPT,N,176
161882,2026,Fall,2268,1,MUSIC,57,001,3.0,3.0,OPT,Y,0
116344,2026,Fall,2268,1,MUSIC,601,001,1.0,8.0,SUS,N,0
116344,2026,Fall,2268,1,MUSIC,601,002,1.0,8.0,SUS,N,1
116344,2026,Fall,2268,1,MUSIC,601,003,1.0,8.0,SUS,N,0
116344,2026,Fall,2268,1,MUSIC,601,004,1.0,8.0,SUS,N,1
116344,2026,Fall,2268,1,MUSIC,601,005,1.0,8.0,SUS,N,0
116344,2026,Fall,2268,1,MUSIC,601,006,1.0,8.0,SUS,N,0
116344,2026,Fall,2268,1,MUSIC,601,007,1.0,8.0,SUS,N,0
116344,2026,Fall,2268,1,MUSIC,601,008,1.0,8.0,SUS,N,0
116344,2026,Fall,2268,1,MUSIC,601,009,1.0,8.0,SUS,N,0
116344,2026,Fall,2268,1,MUSIC,601,010,1.0,8.0,SUS,N,0
116345,2026,Fall,2268,1,MUSIC,602,001,1.0,8.0,SUS,N,10
116345,2026,Fall,2268,1,MUSIC,602,002,1.0,8.0,SUS,N,4
116345,2026,Fall,2268,1,MUSIC,602,003,1.0,8.0,SUS,N,0
116345,2026,Fall,2268,1,MUSIC,602,004,1.0,8.0,SUS,N,3
116345,2026,Fall,2268,1,MUSIC,602,005,1.0,8.0,SUS,N,3
116345,2026,Fall,2268,1,MUSIC,602,006,1.0,8.0,SUS,N,1
116345,2026,Fall,2268,1,MUSIC,602,007,1.0,8.0,SUS,N,0
116345,2026,Fall,2268,1,MUSIC,602,008,1.0,8.0,SUS,N,1
116345,2026,Fall,2268,1,MUSIC,602,009,1.0,8.0,SUS,N,0
116345,2026,Fall,2268,1,MUSIC,602,010,1.0,8.0,SUS,N,3
116345,2026,Fall,2268,1,MUSIC,602,011,1.0,8.0,SUS,N,0
116345,2026,Fall,2268,1,MUSIC,602,012,1.0,8.0,SUS,N,0
116345,2026,Fall,2268,1,MUSIC,602,013,1.0,8.0,SUS,N,0
116345,2026,Fall,2268,1,MUSIC,602,014,1.0,8.0,SUS,N,1
116345,2026,Fall,2268,1,MUSIC,602,015,1.0,8.0,SUS,N,0
116349,2026,Fall,2268,1,MUSIC,70,001,4.0,4.0,OPT,Y,468
125426,2026,Fall,2268,1,MUSIC,80,001,4.0,4.0,OPT,A,391
161753,2026,Fall,2268,1,MUSIC,90,001,3.0,3.0,OPT,A,156
116361,2026,Fall,2268,1,MUSIC,98BC,001,1.0,1.0,PNP,N,48
116362,2026,Fall,2268,1,MUSIC,99,001,1.0,4.0,PNP,N,0
116362,2026,Fall,2268,1,MUSIC,99,002,1.0,4.0,PNP,N,0
116363,2026,Fall,2268,1,MUSIC,H195,001,4.0,4.0,OPT,N,2
116363,2026,Fall,2268,1,MUSIC,H195,002,4.0,4.0,OPT,N,0
116363,2026,Fall,2268,1,MUSIC,H195,003,4.0,4.0,OPT,N,0
116363,2026,Fall,2268,1,MUSIC,H195,004,4.0,4.0,OPT,N,0
116363,2026,Fall,2268,1,MUSIC,H195,005,4.0,4.0,OPT,N,0
116363,2026,Fall,2268,1,MUSIC,H195,006,4.0,4.0,OPT,N,0
116363,2026,Fall,2268,1,MUSIC,H195,007,4.0,4.0,OPT,N,0
116363,2026,Fall,2268,1,MUSIC,H195,008,4.0,4.0,OPT,N,0
116375,2026,Fall,2268,1,MUSIC,R1B,001,4.0,4.0,GRD,A,589
116375,2026,Fall,2268,1,MUSIC,R1B,002,4.0,4.0,GRD,A,612
116375,2026,Fall,2268,1,MUSIC,R1B,003,4.0,4.0,GRD,A,355
116393,2026,Fall,2268,1,NATAMST,100,001,4.0,4.0,OPT,Y,0
116398,2026,Fall,2268,1,NATAMST,105,001,4.0,4.0,OPT,Y,0
116399,2026,Fall,2268,1,NATAMST,110,001,4.0,4.0,OPT,Y,98
116401,2026,Fall,2268,1,NATAMST,120,001,4.0,4.0,OPT,Y,0
116403,2026,Fall,2268,1,NATAMST,145,001,4.0,4.0,OPT,Y,61
116404,2026,Fall,2268,1,NATAMST,149,001,4.0,4.0,OPT,Y,0
116405,2026,Fall,2268,1,NATAMST,150,001,4.0,4.0,OPT,Y,0
116413,2026,Fall,2268,1,NATAMST,158,001,4.0,4.0,OPT,Y,0
124449,2026,Fall,2268,1,NATAMST,173AC,001,4.0,4.0,OPT,N,0
166065,2026,Fall,2268,1,NATAMST,174,001,4.0,4.0,OPT,A,0
116425,2026,Fall,2268,1,NATAMST,175,001,4.0,4.0,OPT,Y,0
116426,2026,Fall,2268,1,NATAMST,176,001,4.0,4.0,OPT,Y,0
116428,2026,Fall,2268,1,NATAMST,178,001,4.0,4.0,OPT,Y,107
116430,2026,Fall,2268,1,NATAMST,179,001,4.0,4.0,OPT,A,82
116433,2026,Fall,2268,1,NATAMST,190,001,4.0,4.0,OPT,Y,37
116433,2026,Fall,2268,1,NATAMST,190,002,4.0,4.0,OPT,Y,27
147907,2026,Fall,2268,1,NATAMST,194A,001,2.0,2.0,BMT,N,0
116434,2026,Fall,2268,1,NATAMST,195,001,4.0,4.0,OPT,Y,0
116434,2026,Fall,2268,1,NATAMST,195,002,4.0,4.0,OPT,Y,0
116435,2026,Fall,2268,1,NATAMST,197,001,1.0,3.0,PNP,A,0
116435,2026,Fall,2268,1,NATAMST,197,002,1.0,3.0,PNP,A,0
116435,2026,Fall,2268,1,NATAMST,197,003,1.0,3.0,PNP,A,0
116435,2026,Fall,2268,1,NATAMST,197,004,1.0,3.0,PNP,A,0
116435,2026,Fall,2268,1,NATAMST,197,005,1.0,3.0,PNP,A,0
116437,2026,Fall,2268,1,NATAMST,199,001,1.0,4.0,PNP,N,0
116437,2026,Fall,2268,1,NATAMST,199,002,1.0,4.0,PNP,N,0
116437,2026,Fall,2268,1,NATAMST,199,003,1.0,4.0,PNP,N,0
116437,2026,Fall,2268,1,NATAMST,199,004,1.0,4.0,PNP,N,0
116437,2026,Fall,2268,1,NATAMST,199,005,1.0,4.0,PNP,N,0
116438,2026,Fall,2268,1,NATAMST,20A,001,4.0,4.0,OPT,Y,164
116441,2026,Fall,2268,1,NATAMST,39,001,0.0,0.0,OPT,Y,0
116442,2026,Fall,2268,1,NATAMST,39A,001,1.5,4.0,OPT,Y,0
116476,2026,Fall,2268,1,NATAMST,97,001,1.0,3.0,PNP,N,0
116476,2026,Fall,2268,1,NATAMST,97,002,1.0,3.0,PNP,N,0
116476,2026,Fall,2268,1,NATAMST,97,003,1.0,3.0,PNP,N,0
116476,2026,Fall,2268,1,NATAMST,97,004,1.0,3.0,PNP,N,0
116478,2026,Fall,2268,1,NATAMST,99,001,1.0,4.0,PNP,N,0
116478,2026,Fall,2268,1,NATAMST,99,002,1.0,4.0,PNP,N,0
116478,2026,Fall,2268,1,NATAMST,99,003,1.0,4.0,PNP,N,0
116478,2026,Fall,2268,1,NATAMST,99,004,1.0,4.0,PNP,N,0
123596,2026,Fall,2268,1,NATAMST,C152,001,4.0,4.0,OPT,Y,59
154668,2026,Fall,2268,1,NATAMST,C70,001,3.0,3.0,OPT,A,0
124135,2026,Fall,2268,1,NATAMST,C73AC,001,4.0,4.0,OPT,Y,0
116480,2026,Fall,2268,1,NATAMST,H195A,001,3.0,3.0,BMT,N,0
116483,2026,Fall,2268,1,NATAMST,R1A,001,4.0,4.0,GRD,N,219
116492,2026,Fall,2268,1,NATRES,24,001,1.0,1.0,OPT,Y,0
116492,2026,Fall,2268,1,NATRES,24,002,1.0,1.0,OPT,Y,0
162990,2026,Fall,2268,1,NATRES,76,001,1.0,1.0,PNP,A,187
116520,2026,Fall,2268,1,NATRES,84,001,1.0,2.0,OPT,Y,0
116549,2026,Fall,2268,1,NAVSCI,1,001,2.0,2.0,OPT,A,263
116554,2026,Fall,2268,1,NAVSCI,12B,001,3.0,3.0,OPT,Y,118
116559,2026,Fall,2268,1,NAVSCI,3,001,3.0,3.0,OPT,N,1921
116562,2026,Fall,2268,1,NAVSCI,400C,001,0.0,0.0,PNP,N,21
116562,2026,Fall,2268,1,NAVSCI,400C,002,0.0,0.0,PNP,N,0
116568,2026,Fall,2268,1,NAVSCI,401,001,3.0,3.0,OPT,N,21
164402,2026,Fall,2268,1,NEU,100A,001,4.0,4.0,OPT,Y,451
115148,2026,Fall,2268,1,NEU,100B,001,4.0,4.0,OPT,Y,0
164855,2026,Fall,2268,1,NEU,110,001,2.0,2.0,OPT,N,333
164855,2026,Fall,2268,1,NEU,110,002,2.0,2.0,OPT,A,49
166073,2026,Fall,2268,1,NEU,123,001,3.0,3.0,OPT,Y,0
165057,2026,Fall,2268,1,NEU,128,001,3.0,3.0,OPT,Y,0
166060,2026,Fall,2268,1,NEU,151,001,3.0,3.0,OPT,Y,176
166057,2026,Fall,2268,1,NEU,163,001,4.0,4.0,OPT,A,0
166434,2026,Fall,2268,1,NEU,163C,001,4.0,4.0,OPT,A,0
164433,2026,Fall,2268,1,NEU,164,001,3.0,3.0,OPT,Y,297
164404,2026,Fall,2268,1,NEU,171L,001,4.0,4.0,OPT,N,134
164844,2026,Fall,2268,1,NEU,172L,001,4.0,4.0,OPT,Y,204
164600,2026,Fall,2268,1,NEU,191,001,4.0,4.0,OPT,A,0
164600,2026,Fall,2268,1,NEU,191,002,4.0,4.0,OPT,A,0
164600,2026,Fall,2268,1,NEU,191,003,4.0,4.0,OPT,A,0
164600,2026,Fall,2268,1,NEU,191,004,4.0,4.0,OPT,A,0
164600,2026,Fall,2268,1,NEU,191,005,4.0,4.0,OPT,A,0
164600,2026,Fall,2268,1,NEU,191,006,4.0,4.0,OPT,A,0
164600,2026,Fall,2268,1,NEU,191,007,4.0,4.0,OPT,A,0
164600,2026,Fall,2268,1,NEU,191,008,4.0,4.0,OPT,A,0
164600,2026,Fall,2268,1,NEU,191,009,4.0,4.0,OPT,A,0
164600,2026,Fall,2268,1,NEU,191,010,4.0,4.0,OPT,A,0
164600,2026,Fall,2268,1,NEU,191,011,4.0,4.0,OPT,A,0
164600,2026,Fall,2268,1,NEU,191,012,4.0,4.0,OPT,A,0
164600,2026,Fall,2268,1,NEU,191,013,4.0,4.0,OPT,A,0
164600,2026,Fall,2268,1,NEU,191,014,4.0,4.0,OPT,A,0
164600,2026,Fall,2268,1,NEU,191,015,4.0,4.0,OPT,A,0
164600,2026,Fall,2268,1,NEU,191,016,4.0,4.0,OPT,A,0
164600,2026,Fall,2268,1,NEU,191,017,4.0,4.0,OPT,A,0
164600,2026,Fall,2268,1,NEU,191,018,4.0,4.0,OPT,A,0
164600,2026,Fall,2268,1,NEU,191,019,4.0,4.0,OPT,A,0
164600,2026,Fall,2268,1,NEU,191,020,4.0,4.0,OPT,A,0
164600,2026,Fall,2268,1,NEU,191,021,4.0,4.0,OPT,A,0
164600,2026,Fall,2268,1,NEU,191,022,4.0,4.0,OPT,A,0
164600,2026,Fall,2268,1,NEU,191,023,4.0,4.0,OPT,A,0
164600,2026,Fall,2268,1,NEU,191,024,4.0,4.0,OPT,A,0
164600,2026,Fall,2268,1,NEU,191,025,4.0,4.0,OPT,A,0
164600,2026,Fall,2268,1,NEU,191,026,4.0,4.0,OPT,A,0
164600,2026,Fall,2268,1,NEU,191,027,4.0,4.0,OPT,A,0
164600,2026,Fall,2268,1,NEU,191,028,4.0,4.0,OPT,A,0
164600,2026,Fall,2268,1,NEU,191,029,4.0,4.0,OPT,A,0
164600,2026,Fall,2268,1,NEU,191,030,4.0,4.0,OPT,A,0
164600,2026,Fall,2268,1,NEU,191,031,4.0,4.0,OPT,A,0
164600,2026,Fall,2268,1,NEU,191,032,4.0,4.0,OPT,A,0
164600,2026,Fall,2268,1,NEU,191,033,4.0,4.0,OPT,A,0
164600,2026,Fall,2268,1,NEU,191,500,4.0,4.0,OPT,A,0
164600,2026,Fall,2268,1,NEU,191,501,4.0,4.0,OPT,A,0
164600,2026,Fall,2268,1,NEU,191,502,4.0,4.0,OPT,A,0
164424,2026,Fall,2268,1,NEU,198,001,2.0,2.0,PNP,N,75
164480,2026,Fall,2268,1,NEU,199,001,1.0,4.0,PNP,A,0
164480,2026,Fall,2268,1,NEU,199,002,1.0,4.0,PNP,A,0
164480,2026,Fall,2268,1,NEU,199,003,1.0,4.0,PNP,A,0
164480,2026,Fall,2268,1,NEU,199,004,1.0,4.0,PNP,A,0
164480,2026,Fall,2268,1,NEU,199,005,1.0,4.0,PNP,A,0
164480,2026,Fall,2268,1,NEU,199,006,1.0,4.0,PNP,A,0
164480,2026,Fall,2268,1,NEU,199,007,1.0,4.0,PNP,A,0
164480,2026,Fall,2268,1,NEU,199,008,1.0,4.0,PNP,A,0
164480,2026,Fall,2268,1,NEU,199,009,1.0,4.0,PNP,A,0
164480,2026,Fall,2268,1,NEU,199,010,1.0,4.0,PNP,A,0
164480,2026,Fall,2268,1,NEU,199,011,1.0,4.0,PNP,A,0
164480,2026,Fall,2268,1,NEU,199,012,1.0,4.0,PNP,A,0
164480,2026,Fall,2268,1,NEU,199,013,1.0,4.0,PNP,A,0
164480,2026,Fall,2268,1,NEU,199,014,1.0,4.0,PNP,A,0
164480,2026,Fall,2268,1,NEU,199,015,1.0,4.0,PNP,A,0
164480,2026,Fall,2268,1,NEU,199,016,1.0,4.0,PNP,A,0
164480,2026,Fall,2268,1,NEU,199,017,1.0,4.0,PNP,A,0
164480,2026,Fall,2268,1,NEU,199,018,1.0,4.0,PNP,A,0
164480,2026,Fall,2268,1,NEU,199,019,1.0,4.0,PNP,A,0
164480,2026,Fall,2268,1,NEU,199,020,1.0,4.0,PNP,A,0
164480,2026,Fall,2268,1,NEU,199,021,1.0,4.0,PNP,A,0
164480,2026,Fall,2268,1,NEU,199,022,1.0,4.0,PNP,A,0
164480,2026,Fall,2268,1,NEU,199,023,1.0,4.0,PNP,A,0
164480,2026,Fall,2268,1,NEU,199,024,1.0,4.0,PNP,A,0
164480,2026,Fall,2268,1,NEU,199,025,1.0,4.0,PNP,A,0
164480,2026,Fall,2268,1,NEU,199,026,1.0,4.0,PNP,A,0
164480,2026,Fall,2268,1,NEU,199,027,1.0,4.0,PNP,A,0
164480,2026,Fall,2268,1,NEU,199,028,1.0,4.0,PNP,A,0
164480,2026,Fall,2268,1,NEU,199,029,1.0,4.0,PNP,A,0
164480,2026,Fall,2268,1,NEU,199,030,1.0,4.0,PNP,A,0
164480,2026,Fall,2268,1,NEU,199,031,1.0,4.0,PNP,A,0
164480,2026,Fall,2268,1,NEU,199,032,1.0,4.0,PNP,A,0
164480,2026,Fall,2268,1,NEU,199,033,1.0,4.0,PNP,A,0
164480,2026,Fall,2268,1,NEU,199,034,1.0,4.0,PNP,A,0
164480,2026,Fall,2268,1,NEU,199,500,1.0,4.0,PNP,A,0
164480,2026,Fall,2268,1,NEU,199,501,1.0,4.0,PNP,A,0
164480,2026,Fall,2268,1,NEU,199,502,1.0,4.0,PNP,A,0
125427,2026,Fall,2268,1,NEU,210A,001,1.0,1.0,SUS,N,41
164429,2026,Fall,2268,1,NEU,24,002,1.0,1.0,IOP,Y,0
165041,2026,Fall,2268,1,NEU,271,001,2.0,2.0,OPT,N,0
116785,2026,Fall,2268,1,NEU,290,001,1.0,1.0,OPT,N,11
116785,2026,Fall,2268,1,NEU,290,002,1.0,1.0,OPT,N,4
116785,2026,Fall,2268,1,NEU,290,003,1.0,1.0,OPT,N,4
116780,2026,Fall,2268,1,NEU,291A,001,4.0,12.0,BMT,N,26
116782,2026,Fall,2268,1,NEU,292,001,3.0,12.0,OPT,N,10
116782,2026,Fall,2268,1,NEU,292,002,3.0,12.0,OPT,N,6
116782,2026,Fall,2268,1,NEU,292,003,3.0,12.0,OPT,N,2
116782,2026,Fall,2268,1,NEU,292,004,3.0,12.0,OPT,N,3
116782,2026,Fall,2268,1,NEU,292,005,3.0,12.0,OPT,N,1
116782,2026,Fall,2268,1,NEU,292,006,3.0,12.0,OPT,N,2
116782,2026,Fall,2268,1,NEU,292,007,3.0,12.0,OPT,N,1
116782,2026,Fall,2268,1,NEU,292,008,3.0,12.0,OPT,N,1
116782,2026,Fall,2268,1,NEU,292,009,3.0,12.0,OPT,N,1
116782,2026,Fall,2268,1,NEU,292,010,3.0,12.0,OPT,N,0
116782,2026,Fall,2268,1,NEU,292,011,3.0,12.0,OPT,N,1
116782,2026,Fall,2268,1,NEU,292,012,3.0,12.0,OPT,N,0
116782,2026,Fall,2268,1,NEU,292,013,3.0,12.0,OPT,N,0
116782,2026,Fall,2268,1,NEU,292,014,3.0,12.0,OPT,N,0
116782,2026,Fall,2268,1,NEU,292,015,3.0,12.0,OPT,N,0
116782,2026,Fall,2268,1,NEU,292,016,3.0,12.0,OPT,N,0
116782,2026,Fall,2268,1,NEU,292,017,3.0,12.0,OPT,N,0
116782,2026,Fall,2268,1,NEU,292,018,3.0,12.0,OPT,N,0
116782,2026,Fall,2268,1,NEU,292,019,3.0,12.0,OPT,N,0
116782,2026,Fall,2268,1,NEU,292,020,3.0,12.0,OPT,N,1
116782,2026,Fall,2268,1,NEU,292,021,3.0,12.0,OPT,N,1
116782,2026,Fall,2268,1,NEU,292,022,3.0,12.0,OPT,N,0
116782,2026,Fall,2268,1,NEU,292,023,3.0,12.0,OPT,N,0
116782,2026,Fall,2268,1,NEU,292,024,3.0,12.0,OPT,N,0
116782,2026,Fall,2268,1,NEU,292,025,3.0,12.0,OPT,N,0
116782,2026,Fall,2268,1,NEU,292,026,3.0,12.0,OPT,N,0
116782,2026,Fall,2268,1,NEU,292,027,3.0,12.0,OPT,N,0
116782,2026,Fall,2268,1,NEU,292,028,3.0,12.0,OPT,N,0
116782,2026,Fall,2268,1,NEU,292,029,3.0,12.0,OPT,N,0
116782,2026,Fall,2268,1,NEU,292,030,3.0,12.0,OPT,N,0
116782,2026,Fall,2268,1,NEU,292,031,3.0,12.0,OPT,N,0
116782,2026,Fall,2268,1,NEU,292,032,3.0,12.0,OPT,N,0
116782,2026,Fall,2268,1,NEU,292,033,3.0,12.0,OPT,N,0
116782,2026,Fall,2268,1,NEU,292,500,3.0,12.0,OPT,N,0
116782,2026,Fall,2268,1,NEU,292,501,3.0,12.0,OPT,N,0
116782,2026,Fall,2268,1,NEU,292,502,3.0,12.0,OPT,N,0
116782,2026,Fall,2268,1,NEU,292,503,3.0,12.0,OPT,N,0
116782,2026,Fall,2268,1,NEU,292,504,3.0,12.0,OPT,N,0
116782,2026,Fall,2268,1,NEU,292,505,3.0,12.0,OPT,N,0
116782,2026,Fall,2268,1,NEU,292,506,3.0,12.0,OPT,N,0
116782,2026,Fall,2268,1,NEU,292,507,3.0,12.0,OPT,N,0
116782,2026,Fall,2268,1,NEU,292,508,3.0,12.0,OPT,N,0
116782,2026,Fall,2268,1,NEU,292,509,3.0,12.0,OPT,N,0
116782,2026,Fall,2268,1,NEU,292,510,3.0,12.0,OPT,N,0
116782,2026,Fall,2268,1,NEU,292,511,3.0,12.0,OPT,N,0
116782,2026,Fall,2268,1,NEU,292,512,3.0,12.0,OPT,N,0
116782,2026,Fall,2268,1,NEU,292,513,3.0,12.0,OPT,N,0
116782,2026,Fall,2268,1,NEU,292,514,3.0,12.0,OPT,N,0
116782,2026,Fall,2268,1,NEU,292,515,3.0,12.0,OPT,N,0
116782,2026,Fall,2268,1,NEU,292,516,3.0,12.0,OPT,N,0
116782,2026,Fall,2268,1,NEU,292,517,3.0,12.0,OPT,N,1
116782,2026,Fall,2268,1,NEU,292,518,3.0,12.0,OPT,N,0
116782,2026,Fall,2268,1,NEU,292,519,3.0,12.0,OPT,N,0
116782,2026,Fall,2268,1,NEU,292,520,3.0,12.0,OPT,N,0
116784,2026,Fall,2268,1,NEU,294,001,1.0,1.0,OPT,N,0
116783,2026,Fall,2268,1,NEU,295,001,2.0,2.0,SUS,N,2
116783,2026,Fall,2268,1,NEU,295,002,2.0,2.0,SUS,N,5
116783,2026,Fall,2268,1,NEU,295,003,2.0,2.0,SUS,N,1
116783,2026,Fall,2268,1,NEU,295,004,2.0,2.0,SUS,N,0
116783,2026,Fall,2268,1,NEU,295,005,2.0,2.0,SUS,N,0
116783,2026,Fall,2268,1,NEU,295,006,2.0,2.0,SUS,N,1
116783,2026,Fall,2268,1,NEU,295,007,2.0,2.0,SUS,N,1
116783,2026,Fall,2268,1,NEU,295,008,2.0,2.0,SUS,N,0
116783,2026,Fall,2268,1,NEU,295,009,2.0,2.0,SUS,N,3
116783,2026,Fall,2268,1,NEU,295,010,2.0,2.0,SUS,N,0
116783,2026,Fall,2268,1,NEU,295,011,2.0,2.0,SUS,N,0
116783,2026,Fall,2268,1,NEU,295,012,2.0,2.0,SUS,N,0
116783,2026,Fall,2268,1,NEU,295,013,2.0,2.0,SUS,N,1
116783,2026,Fall,2268,1,NEU,295,014,2.0,2.0,SUS,N,0
116783,2026,Fall,2268,1,NEU,295,015,2.0,2.0,SUS,N,0
116783,2026,Fall,2268,1,NEU,295,016,2.0,2.0,SUS,N,0
116783,2026,Fall,2268,1,NEU,295,017,2.0,2.0,SUS,N,0
116783,2026,Fall,2268,1,NEU,295,018,2.0,2.0,SUS,N,0
116783,2026,Fall,2268,1,NEU,295,019,2.0,2.0,SUS,N,0
116783,2026,Fall,2268,1,NEU,295,020,2.0,2.0,SUS,N,0
116783,2026,Fall,2268,1,NEU,295,021,2.0,2.0,SUS,N,0
116783,2026,Fall,2268,1,NEU,295,022,2.0,2.0,SUS,N,0
116783,2026,Fall,2268,1,NEU,295,023,2.0,2.0,SUS,N,0
116783,2026,Fall,2268,1,NEU,295,024,2.0,2.0,SUS,N,0
116783,2026,Fall,2268,1,NEU,295,025,2.0,2.0,SUS,N,1
116783,2026,Fall,2268,1,NEU,295,026,2.0,2.0,SUS,N,0
116783,2026,Fall,2268,1,NEU,295,027,2.0,2.0,SUS,N,0
116783,2026,Fall,2268,1,NEU,295,028,2.0,2.0,SUS,N,0
116783,2026,Fall,2268,1,NEU,295,029,2.0,2.0,SUS,N,0
116783,2026,Fall,2268,1,NEU,295,030,2.0,2.0,SUS,N,0
116783,2026,Fall,2268,1,NEU,295,031,2.0,2.0,SUS,N,0
116783,2026,Fall,2268,1,NEU,295,032,2.0,2.0,SUS,N,0
116783,2026,Fall,2268,1,NEU,295,033,2.0,2.0,SUS,N,0
116783,2026,Fall,2268,1,NEU,295,500,2.0,2.0,SUS,N,0
116783,2026,Fall,2268,1,NEU,295,501,2.0,2.0,SUS,N,0
116783,2026,Fall,2268,1,NEU,295,502,2.0,2.0,SUS,N,0
116783,2026,Fall,2268,1,NEU,295,503,2.0,2.0,SUS,N,0
116783,2026,Fall,2268,1,NEU,295,504,2.0,2.0,SUS,N,0
116783,2026,Fall,2268,1,NEU,295,505,2.0,2.0,SUS,N,0
116783,2026,Fall,2268,1,NEU,295,506,2.0,2.0,SUS,N,0
116783,2026,Fall,2268,1,NEU,295,507,2.0,2.0,SUS,N,0
116783,2026,Fall,2268,1,NEU,295,508,2.0,2.0,SUS,N,0
116783,2026,Fall,2268,1,NEU,295,509,2.0,2.0,SUS,N,0
116783,2026,Fall,2268,1,NEU,295,510,2.0,2.0,SUS,N,0
116783,2026,Fall,2268,1,NEU,295,511,2.0,2.0,SUS,N,0
116783,2026,Fall,2268,1,NEU,295,512,2.0,2.0,SUS,N,0
116783,2026,Fall,2268,1,NEU,295,513,2.0,2.0,SUS,N,1
116783,2026,Fall,2268,1,NEU,295,514,2.0,2.0,SUS,N,0
116783,2026,Fall,2268,1,NEU,295,515,2.0,2.0,SUS,N,0
116783,2026,Fall,2268,1,NEU,295,516,2.0,2.0,SUS,N,0
116783,2026,Fall,2268,1,NEU,295,517,2.0,2.0,SUS,N,0
116783,2026,Fall,2268,1,NEU,295,518,2.0,2.0,SUS,N,1
116783,2026,Fall,2268,1,NEU,295,519,2.0,2.0,SUS,N,0
116783,2026,Fall,2268,1,NEU,295,520,2.0,2.0,SUS,N,1
164841,2026,Fall,2268,1,NEU,296,001,0.0,0.0,SUS,N,0
166030,2026,Fall,2268,1,NEU,375,001,2.0,2.0,SUS,N,0
164428,2026,Fall,2268,1,NEU,77,001,1.0,1.0,PNP,Y,256
164427,2026,Fall,2268,1,NEU,98,001,1.0,1.0,PNP,N,130
164479,2026,Fall,2268,1,NEU,99,001,1.0,4.0,PNP,A,0
164479,2026,Fall,2268,1,NEU,99,002,1.0,4.0,PNP,A,0
164479,2026,Fall,2268,1,NEU,99,003,1.0,4.0,PNP,A,0
164479,2026,Fall,2268,1,NEU,99,004,1.0,4.0,PNP,A,0
164479,2026,Fall,2268,1,NEU,99,005,1.0,4.0,PNP,A,0
164479,2026,Fall,2268,1,NEU,99,006,1.0,4.0,PNP,A,0
164479,2026,Fall,2268,1,NEU,99,007,1.0,4.0,PNP,A,0
164479,2026,Fall,2268,1,NEU,99,008,1.0,4.0,PNP,A,0
164479,2026,Fall,2268,1,NEU,99,009,1.0,4.0,PNP,A,0
164479,2026,Fall,2268,1,NEU,99,010,1.0,4.0,PNP,A,0
164479,2026,Fall,2268,1,NEU,99,011,1.0,4.0,PNP,A,0
164479,2026,Fall,2268,1,NEU,99,012,1.0,4.0,PNP,A,0
164479,2026,Fall,2268,1,NEU,99,013,1.0,4.0,PNP,A,0
164479,2026,Fall,2268,1,NEU,99,014,1.0,4.0,PNP,A,0
164479,2026,Fall,2268,1,NEU,99,015,1.0,4.0,PNP,A,0
164479,2026,Fall,2268,1,NEU,99,016,1.0,4.0,PNP,A,0
164479,2026,Fall,2268,1,NEU,99,017,1.0,4.0,PNP,A,0
164479,2026,Fall,2268,1,NEU,99,018,1.0,4.0,PNP,A,0
164479,2026,Fall,2268,1,NEU,99,019,1.0,4.0,PNP,A,0
164479,2026,Fall,2268,1,NEU,99,020,1.0,4.0,PNP,A,0
164479,2026,Fall,2268,1,NEU,99,021,1.0,4.0,PNP,A,0
164479,2026,Fall,2268,1,NEU,99,022,1.0,4.0,PNP,A,0
164479,2026,Fall,2268,1,NEU,99,023,1.0,4.0,PNP,A,0
164479,2026,Fall,2268,1,NEU,99,024,1.0,4.0,PNP,A,0
164479,2026,Fall,2268,1,NEU,99,025,1.0,4.0,PNP,A,0
164479,2026,Fall,2268,1,NEU,99,026,1.0,4.0,PNP,A,0
164479,2026,Fall,2268,1,NEU,99,027,1.0,4.0,PNP,A,0
164479,2026,Fall,2268,1,NEU,99,028,1.0,4.0,PNP,A,0
164479,2026,Fall,2268,1,NEU,99,029,1.0,4.0,PNP,A,0
164479,2026,Fall,2268,1,NEU,99,030,1.0,4.0,PNP,A,0
164479,2026,Fall,2268,1,NEU,99,031,1.0,4.0,PNP,A,0
164479,2026,Fall,2268,1,NEU,99,032,1.0,4.0,PNP,A,0
164479,2026,Fall,2268,1,NEU,99,033,1.0,4.0,PNP,A,0
164479,2026,Fall,2268,1,NEU,99,500,1.0,4.0,PNP,A,0
164479,2026,Fall,2268,1,NEU,99,501,1.0,4.0,PNP,A,0
164479,2026,Fall,2268,1,NEU,99,502,1.0,4.0,PNP,A,0
166255,2026,Fall,2268,1,NEU,C166,001,4.0,4.0,OPT,A,474
124266,2026,Fall,2268,1,NEU,C231,001,3.0,3.0,OPT,N,64
119725,2026,Fall,2268,1,NEU,C241,001,3.0,3.0,OPT,N,0
124320,2026,Fall,2268,1,NEU,C260,001,3.0,3.0,OPT,N,70
158114,2026,Fall,2268,1,NEU,C272,001,3.0,3.0,OPT,Y,40
124397,2026,Fall,2268,1,NEU,C61,001,3.0,3.0,OPT,Y,1216
164598,2026,Fall,2268,1,NEU,H196A,001,1.0,4.0,PNP,A,0
164598,2026,Fall,2268,1,NEU,H196A,002,1.0,4.0,PNP,A,0
164598,2026,Fall,2268,1,NEU,H196A,003,1.0,4.0,PNP,A,0
164598,2026,Fall,2268,1,NEU,H196A,004,1.0,4.0,PNP,A,0
164598,2026,Fall,2268,1,NEU,H196A,005,1.0,4.0,PNP,A,0
164598,2026,Fall,2268,1,NEU,H196A,006,1.0,4.0,PNP,A,0
164598,2026,Fall,2268,1,NEU,H196A,007,1.0,4.0,PNP,A,0
164598,2026,Fall,2268,1,NEU,H196A,008,1.0,4.0,PNP,A,0
164598,2026,Fall,2268,1,NEU,H196A,009,1.0,4.0,PNP,A,0
164598,2026,Fall,2268,1,NEU,H196A,010,1.0,4.0,PNP,A,0
164598,2026,Fall,2268,1,NEU,H196A,011,1.0,4.0,PNP,A,0
164598,2026,Fall,2268,1,NEU,H196A,012,1.0,4.0,PNP,A,0
164598,2026,Fall,2268,1,NEU,H196A,013,1.0,4.0,PNP,A,0
164598,2026,Fall,2268,1,NEU,H196A,014,1.0,4.0,PNP,A,0
164598,2026,Fall,2268,1,NEU,H196A,015,1.0,4.0,PNP,A,0
164598,2026,Fall,2268,1,NEU,H196A,016,1.0,4.0,PNP,A,0
164598,2026,Fall,2268,1,NEU,H196A,017,1.0,4.0,PNP,A,0
164598,2026,Fall,2268,1,NEU,H196A,018,1.0,4.0,PNP,A,0
164598,2026,Fall,2268,1,NEU,H196A,019,1.0,4.0,PNP,A,0
164598,2026,Fall,2268,1,NEU,H196A,020,1.0,4.0,PNP,A,0
164598,2026,Fall,2268,1,NEU,H196A,021,1.0,4.0,PNP,A,0
164598,2026,Fall,2268,1,NEU,H196A,022,1.0,4.0,PNP,A,0
164598,2026,Fall,2268,1,NEU,H196A,023,1.0,4.0,PNP,A,0
164598,2026,Fall,2268,1,NEU,H196A,024,1.0,4.0,PNP,A,0
164598,2026,Fall,2268,1,NEU,H196A,025,1.0,4.0,PNP,A,0
164598,2026,Fall,2268,1,NEU,H196A,026,1.0,4.0,PNP,A,0
164598,2026,Fall,2268,1,NEU,H196A,027,1.0,4.0,PNP,A,0
164598,2026,Fall,2268,1,NEU,H196A,028,1.0,4.0,PNP,A,0
164598,2026,Fall,2268,1,NEU,H196A,029,1.0,4.0,PNP,A,0
164598,2026,Fall,2268,1,NEU,H196A,030,1.0,4.0,PNP,A,0
164598,2026,Fall,2268,1,NEU,H196A,031,1.0,4.0,PNP,A,0
164598,2026,Fall,2268,1,NEU,H196A,032,1.0,4.0,PNP,A,0
164598,2026,Fall,2268,1,NEU,H196A,033,1.0,4.0,PNP,A,0
164598,2026,Fall,2268,1,NEU,H196A,500,1.0,4.0,PNP,A,0
164598,2026,Fall,2268,1,NEU,H196A,501,1.0,4.0,PNP,A,0
164598,2026,Fall,2268,1,NEU,H196A,502,1.0,4.0,PNP,A,0
164592,2026,Fall,2268,1,NEU,H196B,001,4.0,4.0,OPT,A,0
164592,2026,Fall,2268,1,NEU,H196B,002,4.0,4.0,OPT,A,0
164592,2026,Fall,2268,1,NEU,H196B,003,4.0,4.0,OPT,A,0
164592,2026,Fall,2268,1,NEU,H196B,004,4.0,4.0,OPT,A,0
164592,2026,Fall,2268,1,NEU,H196B,005,4.0,4.0,OPT,A,0
164592,2026,Fall,2268,1,NEU,H196B,006,4.0,4.0,OPT,A,0
164592,2026,Fall,2268,1,NEU,H196B,007,4.0,4.0,OPT,A,0
164592,2026,Fall,2268,1,NEU,H196B,008,4.0,4.0,OPT,A,0
164592,2026,Fall,2268,1,NEU,H196B,009,4.0,4.0,OPT,A,0
164592,2026,Fall,2268,1,NEU,H196B,010,4.0,4.0,OPT,A,0
164592,2026,Fall,2268,1,NEU,H196B,011,4.0,4.0,OPT,A,0
164592,2026,Fall,2268,1,NEU,H196B,012,4.0,4.0,OPT,A,0
164592,2026,Fall,2268,1,NEU,H196B,013,4.0,4.0,OPT,A,0
164592,2026,Fall,2268,1,NEU,H196B,014,4.0,4.0,OPT,A,0
164592,2026,Fall,2268,1,NEU,H196B,015,4.0,4.0,OPT,A,0
164592,2026,Fall,2268,1,NEU,H196B,016,4.0,4.0,OPT,A,0
164592,2026,Fall,2268,1,NEU,H196B,017,4.0,4.0,OPT,A,0
164592,2026,Fall,2268,1,NEU,H196B,018,4.0,4.0,OPT,A,0
164592,2026,Fall,2268,1,NEU,H196B,019,4.0,4.0,OPT,A,0
164592,2026,Fall,2268,1,NEU,H196B,020,4.0,4.0,OPT,A,0
164592,2026,Fall,2268,1,NEU,H196B,021,4.0,4.0,OPT,A,0
164592,2026,Fall,2268,1,NEU,H196B,022,4.0,4.0,OPT,A,0
164592,2026,Fall,2268,1,NEU,H196B,023,4.0,4.0,OPT,A,0
164592,2026,Fall,2268,1,NEU,H196B,024,4.0,4.0,OPT,A,0
164592,2026,Fall,2268,1,NEU,H196B,025,4.0,4.0,OPT,A,0
164592,2026,Fall,2268,1,NEU,H196B,026,4.0,4.0,OPT,A,0
164592,2026,Fall,2268,1,NEU,H196B,027,4.0,4.0,OPT,A,0
164592,2026,Fall,2268,1,NEU,H196B,028,4.0,4.0,OPT,A,0
164592,2026,Fall,2268,1,NEU,H196B,029,4.0,4.0,OPT,A,0
164592,2026,Fall,2268,1,NEU,H196B,030,4.0,4.0,OPT,A,0
164592,2026,Fall,2268,1,NEU,H196B,031,4.0,4.0,OPT,A,0
164592,2026,Fall,2268,1,NEU,H196B,032,4.0,4.0,OPT,A,0
164592,2026,Fall,2268,1,NEU,H196B,033,4.0,4.0,OPT,A,0
164592,2026,Fall,2268,1,NEU,H196B,500,4.0,4.0,OPT,A,0
164592,2026,Fall,2268,1,NEU,H196B,501,4.0,4.0,OPT,A,0
164592,2026,Fall,2268,1,NEU,H196B,502,4.0,4.0,OPT,A,0
116786,2026,Fall,2268,1,NORWEGN,1A,001,4.0,4.0,OPT,Y,82
116786,2026,Fall,2268,1,NORWEGN,1A,UC01,4.0,4.0,OPT,Y,0
116788,2026,Fall,2268,1,NSE,290,001,3.0,3.0,OPT,N,0
116789,2026,Fall,2268,1,NSE,298,001,1.0,1.0,SUS,N,0
116789,2026,Fall,2268,1,NSE,298,002,1.0,1.0,SUS,N,1
161988,2026,Fall,2268,1,NUCENG,10,001,1.0,1.0,PNP,N,157
116790,2026,Fall,2268,1,NUCENG,100,001,3.0,3.0,OPT,Y,154
116791,2026,Fall,2268,1,NUCENG,101,001,4.0,4.0,OPT,Y,118
116799,2026,Fall,2268,1,NUCENG,120,001,4.0,4.0,OPT,Y,82
116800,2026,Fall,2268,1,NUCENG,124,001,3.0,3.0,OPT,Y,132
156716,2026,Fall,2268,1,NUCENG,156,001,3.0,3.0,OPT,A,81
116807,2026,Fall,2268,1,NUCENG,161,001,4.0,4.0,OPT,Y,96
116809,2026,Fall,2268,1,NUCENG,167,001,3.0,3.0,OPT,A,0
116813,2026,Fall,2268,1,NUCENG,175,001,3.0,3.0,OPT,Y,153
116814,2026,Fall,2268,1,NUCENG,180,001,3.0,3.0,OPT,Y,71
116815,2026,Fall,2268,1,NUCENG,198,001,1.0,4.0,PNP,N,11
116815,2026,Fall,2268,1,NUCENG,198,002,1.0,4.0,PNP,N,1
116815,2026,Fall,2268,1,NUCENG,198,003,1.0,4.0,PNP,N,0
116815,2026,Fall,2268,1,NUCENG,198,004,1.0,4.0,PNP,N,0
116815,2026,Fall,2268,1,NUCENG,198,005,1.0,4.0,PNP,N,0
116815,2026,Fall,2268,1,NUCENG,198,006,1.0,4.0,PNP,N,1
116815,2026,Fall,2268,1,NUCENG,198,007,1.0,4.0,PNP,N,0
116815,2026,Fall,2268,1,NUCENG,198,008,1.0,4.0,PNP,N,1
116815,2026,Fall,2268,1,NUCENG,198,009,1.0,4.0,PNP,N,5
116815,2026,Fall,2268,1,NUCENG,198,010,1.0,4.0,PNP,N,1
116815,2026,Fall,2268,1,NUCENG,198,011,1.0,4.0,PNP,N,1
116815,2026,Fall,2268,1,NUCENG,198,012,1.0,4.0,PNP,N,1
116815,2026,Fall,2268,1,NUCENG,198,013,1.0,4.0,PNP,N,1
116815,2026,Fall,2268,1,NUCENG,198,014,1.0,4.0,PNP,N,0
116815,2026,Fall,2268,1,NUCENG,198,015,1.0,4.0,PNP,N,1
116815,2026,Fall,2268,1,NUCENG,198,016,1.0,4.0,PNP,N,0
116815,2026,Fall,2268,1,NUCENG,198,017,1.0,4.0,PNP,N,0
116816,2026,Fall,2268,1,NUCENG,199,001,1.0,4.0,PNP,N,1
116816,2026,Fall,2268,1,NUCENG,199,002,1.0,4.0,PNP,N,0
116816,2026,Fall,2268,1,NUCENG,199,003,1.0,4.0,PNP,N,0
116816,2026,Fall,2268,1,NUCENG,199,004,1.0,4.0,PNP,N,0
116816,2026,Fall,2268,1,NUCENG,199,005,1.0,4.0,PNP,N,4
116816,2026,Fall,2268,1,NUCENG,199,006,1.0,4.0,PNP,N,0
116816,2026,Fall,2268,1,NUCENG,199,007,1.0,4.0,PNP,N,0
116816,2026,Fall,2268,1,NUCENG,199,008,1.0,4.0,PNP,N,0
116816,2026,Fall,2268,1,NUCENG,199,009,1.0,4.0,PNP,N,0
116816,2026,Fall,2268,1,NUCENG,199,010,1.0,4.0,PNP,N,0
116816,2026,Fall,2268,1,NUCENG,199,011,1.0,4.0,PNP,N,0
116816,2026,Fall,2268,1,NUCENG,199,012,1.0,4.0,PNP,N,0
116816,2026,Fall,2268,1,NUCENG,199,013,1.0,4.0,PNP,N,0
116816,2026,Fall,2268,1,NUCENG,199,014,1.0,4.0,PNP,N,0
116816,2026,Fall,2268,1,NUCENG,199,015,1.0,4.0,PNP,N,0
116816,2026,Fall,2268,1,NUCENG,199,016,1.0,4.0,PNP,N,0
116816,2026,Fall,2268,1,NUCENG,199,017,1.0,4.0,PNP,N,0
116816,2026,Fall,2268,1,NUCENG,199,018,1.0,4.0,PNP,N,0
116816,2026,Fall,2268,1,NUCENG,199,019,1.0,4.0,PNP,N,2
148035,2026,Fall,2268,1,NUCENG,200M,001,3.0,3.0,OPT,N,18
161479,2026,Fall,2268,1,NUCENG,207,001,4.0,4.0,OPT,Y,20
116819,2026,Fall,2268,1,NUCENG,210M,001,4.0,4.0,OPT,Y,12
158539,2026,Fall,2268,1,NUCENG,220M,001,4.0,4.0,OPT,Y,11
116827,2026,Fall,2268,1,NUCENG,24,001,1.0,1.0,OPT,A,329
116827,2026,Fall,2268,1,NUCENG,24,002,1.0,1.0,OPT,A,597
156705,2026,Fall,2268,1,NUCENG,256M,001,3.0,3.0,OPT,N,50
158518,2026,Fall,2268,1,NUCENG,261M,001,4.0,4.0,OPT,Y,7
116834,2026,Fall,2268,1,NUCENG,267,001,3.0,3.0,OPT,Y,0
157822,2026,Fall,2268,1,NUCENG,270,001,3.0,3.0,OPT,N,9
116835,2026,Fall,2268,1,NUCENG,275,001,4.0,4.0,OPT,Y,17
159393,2026,Fall,2268,1,NUCENG,290C,001,3.0,3.0,OPT,Y,1
116847,2026,Fall,2268,1,NUCENG,295,001,0.0,0.0,SUS,N,26
116848,2026,Fall,2268,1,NUCENG,298,001,1.0,1.0,SUS,N,12
116848,2026,Fall,2268,1,NUCENG,298,002,1.0,1.0,SUS,N,4
116848,2026,Fall,2268,1,NUCENG,298,003,1.0,1.0,SUS,N,3
116848,2026,Fall,2268,1,NUCENG,298,004,1.0,1.0,SUS,N,2
116848,2026,Fall,2268,1,NUCENG,298,005,1.0,1.0,SUS,N,2
116848,2026,Fall,2268,1,NUCENG,298,006,1.0,1.0,SUS,N,2
116848,2026,Fall,2268,1,NUCENG,298,007,1.0,1.0,SUS,N,1
116848,2026,Fall,2268,1,NUCENG,298,008,1.0,1.0,SUS,N,0
116848,2026,Fall,2268,1,NUCENG,298,009,1.0,1.0,SUS,N,4
116848,2026,Fall,2268,1,NUCENG,298,010,1.0,1.0,SUS,N,1
116848,2026,Fall,2268,1,NUCENG,298,011,1.0,1.0,SUS,N,0
116848,2026,Fall,2268,1,NUCENG,298,012,1.0,1.0,SUS,N,1
116848,2026,Fall,2268,1,NUCENG,298,013,1.0,1.0,SUS,N,0
116848,2026,Fall,2268,1,NUCENG,298,014,1.0,1.0,SUS,N,2
116848,2026,Fall,2268,1,NUCENG,298,015,1.0,1.0,SUS,N,1
116848,2026,Fall,2268,1,NUCENG,298,016,1.0,1.0,SUS,N,1
116849,2026,Fall,2268,1,NUCENG,299,001,1.0,12.0,SUS,N,0
116849,2026,Fall,2268,1,NUCENG,299,002,1.0,12.0,SUS,N,0
116849,2026,Fall,2268,1,NUCENG,299,003,1.0,12.0,SUS,N,1
116849,2026,Fall,2268,1,NUCENG,299,004,1.0,12.0,SUS,N,0
116849,2026,Fall,2268,1,NUCENG,299,005,1.0,12.0,SUS,N,0
116849,2026,Fall,2268,1,NUCENG,299,006,1.0,12.0,SUS,N,0
116849,2026,Fall,2268,1,NUCENG,299,007,1.0,12.0,SUS,N,0
116849,2026,Fall,2268,1,NUCENG,299,008,1.0,12.0,SUS,N,0
116849,2026,Fall,2268,1,NUCENG,299,009,1.0,12.0,SUS,N,0
116849,2026,Fall,2268,1,NUCENG,299,010,1.0,12.0,SUS,N,0
116849,2026,Fall,2268,1,NUCENG,299,011,1.0,12.0,SUS,N,0
116849,2026,Fall,2268,1,NUCENG,299,012,1.0,12.0,SUS,N,0
116849,2026,Fall,2268,1,NUCENG,299,013,1.0,12.0,SUS,N,0
116849,2026,Fall,2268,1,NUCENG,299,014,1.0,12.0,SUS,N,0
116849,2026,Fall,2268,1,NUCENG,299,015,1.0,12.0,SUS,N,0
116849,2026,Fall,2268,1,NUCENG,299,016,1.0,12.0,SUS,N,0
116849,2026,Fall,2268,1,NUCENG,299,017,1.0,12.0,SUS,N,2
116880,2026,Fall,2268,1,NUCENG,602,001,1.0,8.0,SUS,N,0
116814,2026,Fall,2268,1,NUCENG,C180,001,3.0,3.0,OPT,A,0
124467,2026,Fall,2268,1,NUCENG,C231,001,4.0,4.0,OPT,Y,25
116883,2026,Fall,2268,1,NUCENG,H194,001,1.0,4.0,OPT,N,16
116883,2026,Fall,2268,1,NUCENG,H194,002,1.0,4.0,OPT,N,4
116883,2026,Fall,2268,1,NUCENG,H194,003,1.0,4.0,OPT,N,3
116883,2026,Fall,2268,1,NUCENG,H194,004,1.0,4.0,OPT,N,3
116883,2026,Fall,2268,1,NUCENG,H194,005,1.0,4.0,OPT,N,4
116883,2026,Fall,2268,1,NUCENG,H194,006,1.0,4.0,OPT,N,2
116883,2026,Fall,2268,1,NUCENG,H194,007,1.0,4.0,OPT,N,2
116883,2026,Fall,2268,1,NUCENG,H194,008,1.0,4.0,OPT,N,2
116883,2026,Fall,2268,1,NUCENG,H194,009,1.0,4.0,OPT,N,1
116883,2026,Fall,2268,1,NUCENG,H194,010,1.0,4.0,OPT,N,4
116883,2026,Fall,2268,1,NUCENG,H194,011,1.0,4.0,OPT,N,2
116883,2026,Fall,2268,1,NUCENG,H194,012,1.0,4.0,OPT,N,1
116883,2026,Fall,2268,1,NUCENG,H194,013,1.0,4.0,OPT,N,1
116883,2026,Fall,2268,1,NUCENG,H194,014,1.0,4.0,OPT,N,2
116883,2026,Fall,2268,1,NUCENG,H194,015,1.0,4.0,OPT,N,0
116883,2026,Fall,2268,1,NUCENG,H194,016,1.0,4.0,OPT,N,2
116883,2026,Fall,2268,1,NUCENG,H194,017,1.0,4.0,OPT,N,2
116898,2026,Fall,2268,1,NUSCTX,108B,001,1.0,1.0,OPT,Y,0
116899,2026,Fall,2268,1,NUSCTX,11,001,3.0,3.0,OPT,Y,0
116910,2026,Fall,2268,1,NUSCTX,161A,001,4.0,4.0,OPT,Y,0
116924,2026,Fall,2268,1,NUSCTX,201,001,2.0,2.0,OPT,N,0
116935,2026,Fall,2268,1,NUSCTX,296A,001,2.0,2.0,SUS,N,0
116936,2026,Fall,2268,1,NUSCTX,296B,002,2.0,2.0,SUS,N,0
116937,2026,Fall,2268,1,NUSCTX,296C,003,2.0,2.0,SUS,N,0
116938,2026,Fall,2268,1,NUSCTX,296D,004,2.0,2.0,SUS,N,0
116939,2026,Fall,2268,1,NUSCTX,296E,005,2.0,2.0,SUS,N,0
116940,2026,Fall,2268,1,NUSCTX,296F,006,2.0,2.0,SUS,N,0
116941,2026,Fall,2268,1,NUSCTX,296G,007,2.0,2.0,SUS,N,0
116942,2026,Fall,2268,1,NUSCTX,296H,008,2.0,2.0,SUS,N,0
116943,2026,Fall,2268,1,NUSCTX,296I,009,2.0,2.0,SUS,N,0
116944,2026,Fall,2268,1,NUSCTX,296J,010,2.0,2.0,SUS,N,0
116945,2026,Fall,2268,1,NUSCTX,296K,011,2.0,2.0,SUS,N,0
116946,2026,Fall,2268,1,NUSCTX,296L,012,2.0,2.0,SUS,N,0
116946,2026,Fall,2268,1,NUSCTX,296L,013,2.0,2.0,SUS,N,0
116978,2026,Fall,2268,1,NUSCTX,602,001,1.0,8.0,SUS,N,0
116978,2026,Fall,2268,1,NUSCTX,602,002,1.0,8.0,SUS,N,0
116978,2026,Fall,2268,1,NUSCTX,602,003,1.0,8.0,SUS,N,0
116978,2026,Fall,2268,1,NUSCTX,602,004,1.0,8.0,SUS,N,0
116978,2026,Fall,2268,1,NUSCTX,602,005,1.0,8.0,SUS,N,0
116978,2026,Fall,2268,1,NUSCTX,602,006,1.0,8.0,SUS,N,0
116978,2026,Fall,2268,1,NUSCTX,602,007,1.0,8.0,SUS,N,0
116978,2026,Fall,2268,1,NUSCTX,602,008,1.0,8.0,SUS,N,0
116978,2026,Fall,2268,1,NUSCTX,602,009,1.0,8.0,SUS,N,0
116978,2026,Fall,2268,1,NUSCTX,602,010,1.0,8.0,SUS,N,0
117115,2026,Fall,2268,1,NWMEDIA,201,001,3.0,3.0,OPT,N,106
117118,2026,Fall,2268,1,NWMEDIA,290,001,1.0,4.0,OPT,N,0
117119,2026,Fall,2268,1,NWMEDIA,299,001,1.0,4.0,OPT,N,0
117119,2026,Fall,2268,1,NWMEDIA,299,002,1.0,4.0,OPT,N,0
165461,2026,Fall,2268,1,NWMEDIA,C183,001,4.0,4.0,OPT,A,0
124165,2026,Fall,2268,1,NWMEDIA,C262,001,4.0,4.0,OPT,N,61
117185,2026,Fall,2268,1,OPTOM,200A,001,2.0,2.0,SUS,Y,0
117186,2026,Fall,2268,1,OPTOM,200AL,001,3.0,3.0,SUS,N,0
117186,2026,Fall,2268,1,OPTOM,200AL,002,3.0,3.0,SUS,N,0
117186,2026,Fall,2268,1,OPTOM,200AL,003,3.0,3.0,SUS,N,0
117189,2026,Fall,2268,1,OPTOM,200C,001,2.0,2.0,SUS,N,0
117190,2026,Fall,2268,1,OPTOM,200CL,001,2.0,2.0,SUS,N,0
117190,2026,Fall,2268,1,OPTOM,200CL,002,2.0,2.0,SUS,N,0
117190,2026,Fall,2268,1,OPTOM,200CL,003,2.0,2.0,SUS,N,0
163673,2026,Fall,2268,1,OPTOM,200E,1,2.0,2.0,SUS,N,2
122783,2026,Fall,2268,1,OPTOM,203A,001,4.0,4.0,SUS,Y,5
122786,2026,Fall,2268,1,OPTOM,205,001,4.0,4.0,SUS,Y,6
122788,2026,Fall,2268,1,OPTOM,206A,001,2.0,2.0,SUS,Y,17
122791,2026,Fall,2268,1,OPTOM,206D,001,2.0,2.0,SUS,Y,17
117193,2026,Fall,2268,1,OPTOM,213,001,1.0,1.0,SUS,N,0
122801,2026,Fall,2268,1,OPTOM,215,001,2.0,2.0,SUS,Y,0
117195,2026,Fall,2268,1,OPTOM,222B,001,2.0,2.0,SUS,N,0
117197,2026,Fall,2268,1,OPTOM,226A,001,2.5,2.5,SUS,Y,0
117199,2026,Fall,2268,1,OPTOM,230A,001,2.0,6.0,OPT,N,0
117201,2026,Fall,2268,1,OPTOM,231A,001,2.0,8.0,OPT,N,0
117204,2026,Fall,2268,1,OPTOM,236A,001,3.0,3.0,SUS,N,0
117207,2026,Fall,2268,1,OPTOM,241,001,3.0,3.0,SUS,Y,0
117208,2026,Fall,2268,1,OPTOM,246,001,4.0,4.0,SUS,Y,0
117209,2026,Fall,2268,1,OPTOM,251,001,2.5,2.5,SUS,Y,0
163666,2026,Fall,2268,1,OPTOM,271A,1,0.5,0.5,SUS,N,15
158534,2026,Fall,2268,1,OPTOM,272A,001,2.0,2.0,SUS,N,0
117217,2026,Fall,2268,1,OPTOM,281A,001,1.0,3.0,SUS,N,0
117221,2026,Fall,2268,1,OPTOM,291A,001,1.0,1.0,BMT,Y,0
117223,2026,Fall,2268,1,OPTOM,292A,001,1.0,3.0,SUS,N,1
117225,2026,Fall,2268,1,OPTOM,298A,001,1.0,6.0,OPT,N,0
117225,2026,Fall,2268,1,OPTOM,298A,002,1.0,6.0,OPT,N,7
117225,2026,Fall,2268,1,OPTOM,298A,003,1.0,6.0,OPT,N,3
117227,2026,Fall,2268,1,OPTOM,299A,001,2.0,4.0,OPT,N,0
117231,2026,Fall,2268,1,OPTOM,39B,001,2.0,4.0,OPT,Y,0
117258,2026,Fall,2268,1,OPTOM,430B,101,9.0,9.0,SUS,N,0
117261,2026,Fall,2268,1,OPTOM,435,001,2.0,2.0,OPT,Y,0
117263,2026,Fall,2268,1,OPTOM,440B,001,9.0,9.0,OPT,N,0
117266,2026,Fall,2268,1,OPTOM,441B,001,7.0,7.0,OPT,N,0
117268,2026,Fall,2268,1,OPTOM,450A,001,2.0,2.0,OPT,N,0
117287,2026,Fall,2268,1,OPTOM,499,001,1.0,12.0,SUS,N,0
117287,2026,Fall,2268,1,OPTOM,499,002,1.0,12.0,SUS,N,0
117287,2026,Fall,2268,1,OPTOM,499,003,1.0,12.0,SUS,N,0
117287,2026,Fall,2268,1,OPTOM,499,004,1.0,12.0,SUS,N,0
117289,2026,Fall,2268,1,OPTOM,98,001,1.0,1.0,PNP,Y,25
154217,2026,Fall,2268,1,PBHLTH,101,001,3.0,3.0,OPT,Y,2148
166018,2026,Fall,2268,1,PBHLTH,104,001,1.0,1.0,PNP,A,200
117488,2026,Fall,2268,1,PBHLTH,116,001,3.0,3.0,PNP,Y,1118
117499,2026,Fall,2268,1,PBHLTH,142,001,4.0,4.0,OPT,Y,865
117878,2026,Fall,2268,1,PBHLTH,142W,001,4.0,4.0,OPT,Y,405
117510,2026,Fall,2268,1,PBHLTH,150B,001,3.0,3.0,OPT,Y,1013
117512,2026,Fall,2268,1,PBHLTH,150D,001,3.0,3.0,OPT,A,329
160403,2026,Fall,2268,1,PBHLTH,155A,001,3.0,3.0,OPT,N,288
161485,2026,Fall,2268,1,PBHLTH,155D,001,3.0,3.0,OPT,A,186
117515,2026,Fall,2268,1,PBHLTH,162A,001,4.0,4.0,OPT,Y,532
117528,2026,Fall,2268,1,PBHLTH,181,001,3.0,3.0,OPT,Y,743
163994,2026,Fall,2268,1,PBHLTH,182,001,3.0,3.0,OPT,A,355
117534,2026,Fall,2268,1,PBHLTH,196,001,1.0,4.0,OPT,Y,0
117534,2026,Fall,2268,1,PBHLTH,196,002,1.0,4.0,OPT,Y,0
117534,2026,Fall,2268,1,PBHLTH,196,003,1.0,4.0,OPT,Y,0
117535,2026,Fall,2268,1,PBHLTH,197,001,1.0,4.0,PNP,N,0
117535,2026,Fall,2268,1,PBHLTH,197,002,1.0,4.0,PNP,N,0
117535,2026,Fall,2268,1,PBHLTH,197,003,1.0,4.0,PNP,N,0
117535,2026,Fall,2268,1,PBHLTH,197,004,1.0,4.0,PNP,N,0
117535,2026,Fall,2268,1,PBHLTH,197,005,1.0,4.0,PNP,N,0
117535,2026,Fall,2268,1,PBHLTH,197,006,1.0,4.0,PNP,N,0
117535,2026,Fall,2268,1,PBHLTH,197,007,1.0,4.0,PNP,N,0
117535,2026,Fall,2268,1,PBHLTH,197,008,1.0,4.0,PNP,N,0
117535,2026,Fall,2268,1,PBHLTH,197,009,1.0,4.0,PNP,N,0
117535,2026,Fall,2268,1,PBHLTH,197,010,1.0,4.0,PNP,N,0
117535,2026,Fall,2268,1,PBHLTH,197,011,1.0,4.0,PNP,N,0
117535,2026,Fall,2268,1,PBHLTH,197,012,1.0,4.0,PNP,N,0
117535,2026,Fall,2268,1,PBHLTH,197,013,1.0,4.0,PNP,N,0
117535,2026,Fall,2268,1,PBHLTH,197,014,1.0,4.0,PNP,N,0
117535,2026,Fall,2268,1,PBHLTH,197,015,1.0,4.0,PNP,N,0
117535,2026,Fall,2268,1,PBHLTH,197,016,1.0,4.0,PNP,N,0
117535,2026,Fall,2268,1,PBHLTH,197,017,1.0,4.0,PNP,N,0
117535,2026,Fall,2268,1,PBHLTH,197,019,1.0,4.0,PNP,N,0
117536,2026,Fall,2268,1,PBHLTH,198,001,1.0,1.0,PNP,N,23
117536,2026,Fall,2268,1,PBHLTH,198,002,1.0,1.0,PNP,N,16
117536,2026,Fall,2268,1,PBHLTH,198,003,1.0,1.0,PNP,N,3
117536,2026,Fall,2268,1,PBHLTH,198,004,1.0,1.0,PNP,N,5
117536,2026,Fall,2268,1,PBHLTH,198,005,2.0,2.0,PNP,N,1
117536,2026,Fall,2268,1,PBHLTH,198,006,2.0,2.0,PNP,N,6
117536,2026,Fall,2268,1,PBHLTH,198,007,2.0,2.0,PNP,N,9
117536,2026,Fall,2268,1,PBHLTH,198,008,2.0,2.0,PNP,N,9
117536,2026,Fall,2268,1,PBHLTH,198,009,2.0,2.0,PNP,N,6
117536,2026,Fall,2268,1,PBHLTH,198,010,1.0,1.0,PNP,N,5
117536,2026,Fall,2268,1,PBHLTH,198,020,1.0,4.0,PNP,N,25
117536,2026,Fall,2268,1,PBHLTH,198,021,1.0,4.0,PNP,N,101
117536,2026,Fall,2268,1,PBHLTH,198,022,1.0,4.0,PNP,N,33
117536,2026,Fall,2268,1,PBHLTH,198,048,1.0,4.0,PNP,N,18
117536,2026,Fall,2268,1,PBHLTH,198,050,1.0,4.0,PNP,N,27
117536,2026,Fall,2268,1,PBHLTH,198,054,1.0,4.0,PNP,N,10
117536,2026,Fall,2268,1,PBHLTH,198,055,1.0,4.0,PNP,N,5
117536,2026,Fall,2268,1,PBHLTH,198,056,1.0,4.0,PNP,N,1
117536,2026,Fall,2268,1,PBHLTH,198,057,1.0,4.0,PNP,N,3
117537,2026,Fall,2268,1,PBHLTH,199,001,1.0,4.0,PNP,N,0
117537,2026,Fall,2268,1,PBHLTH,199,002,1.0,4.0,PNP,N,0
117537,2026,Fall,2268,1,PBHLTH,199,003,1.0,4.0,PNP,N,0
117537,2026,Fall,2268,1,PBHLTH,199,004,1.0,4.0,PNP,N,0
117537,2026,Fall,2268,1,PBHLTH,199,005,1.0,4.0,PNP,N,0
117537,2026,Fall,2268,1,PBHLTH,199,006,1.0,4.0,PNP,N,0
117537,2026,Fall,2268,1,PBHLTH,199,007,1.0,4.0,PNP,N,0
117537,2026,Fall,2268,1,PBHLTH,199,008,1.0,4.0,PNP,N,0
117537,2026,Fall,2268,1,PBHLTH,199,009,1.0,4.0,PNP,N,0
117537,2026,Fall,2268,1,PBHLTH,199,010,1.0,4.0,PNP,N,0
117537,2026,Fall,2268,1,PBHLTH,199,011,1.0,4.0,PNP,N,0
117537,2026,Fall,2268,1,PBHLTH,199,012,1.0,4.0,PNP,N,0
117537,2026,Fall,2268,1,PBHLTH,199,013,1.0,4.0,PNP,N,0
117537,2026,Fall,2268,1,PBHLTH,199,014,1.0,4.0,PNP,N,0
117537,2026,Fall,2268,1,PBHLTH,199,015,1.0,4.0,PNP,N,0
117537,2026,Fall,2268,1,PBHLTH,199,016,1.0,4.0,PNP,N,0
117537,2026,Fall,2268,1,PBHLTH,199,017,1.0,4.0,PNP,N,0
117537,2026,Fall,2268,1,PBHLTH,199,018,1.0,4.0,PNP,N,0
117537,2026,Fall,2268,1,PBHLTH,199,019,1.0,4.0,PNP,N,0
117537,2026,Fall,2268,1,PBHLTH,199,020,1.0,4.0,PNP,N,0
117537,2026,Fall,2268,1,PBHLTH,199,021,1.0,4.0,PNP,N,0
117537,2026,Fall,2268,1,PBHLTH,199,022,1.0,4.0,PNP,N,0
117537,2026,Fall,2268,1,PBHLTH,199,023,1.0,4.0,PNP,N,0
117537,2026,Fall,2268,1,PBHLTH,199,024,1.0,4.0,PNP,N,0
117537,2026,Fall,2268,1,PBHLTH,199,025,1.0,4.0,PNP,N,0
117537,2026,Fall,2268,1,PBHLTH,199,026,1.0,4.0,PNP,N,0
117537,2026,Fall,2268,1,PBHLTH,199,027,1.0,4.0,PNP,N,0
117537,2026,Fall,2268,1,PBHLTH,199,028,1.0,4.0,PNP,N,0
117537,2026,Fall,2268,1,PBHLTH,199,029,1.0,4.0,PNP,N,0
117537,2026,Fall,2268,1,PBHLTH,199,030,1.0,4.0,PNP,N,0
117537,2026,Fall,2268,1,PBHLTH,199,031,1.0,4.0,PNP,N,0
117537,2026,Fall,2268,1,PBHLTH,199,032,1.0,4.0,PNP,N,0
117537,2026,Fall,2268,1,PBHLTH,199,033,1.0,4.0,PNP,N,0
117537,2026,Fall,2268,1,PBHLTH,199,034,1.0,4.0,PNP,N,0
117537,2026,Fall,2268,1,PBHLTH,199,035,1.0,4.0,PNP,N,0
117537,2026,Fall,2268,1,PBHLTH,199,036,1.0,4.0,PNP,N,0
117537,2026,Fall,2268,1,PBHLTH,199,037,1.0,4.0,PNP,N,0
117537,2026,Fall,2268,1,PBHLTH,199,038,1.0,4.0,PNP,N,0
117537,2026,Fall,2268,1,PBHLTH,199,039,1.0,4.0,PNP,N,0
117537,2026,Fall,2268,1,PBHLTH,199,040,1.0,4.0,PNP,N,0
117537,2026,Fall,2268,1,PBHLTH,199,041,1.0,4.0,PNP,N,0
117537,2026,Fall,2268,1,PBHLTH,199,042,1.0,4.0,PNP,N,0
117537,2026,Fall,2268,1,PBHLTH,199,043,1.0,4.0,PNP,N,0
117537,2026,Fall,2268,1,PBHLTH,199,044,1.0,4.0,PNP,N,0
117537,2026,Fall,2268,1,PBHLTH,199,045,1.0,4.0,PNP,N,0
117537,2026,Fall,2268,1,PBHLTH,199,046,1.0,4.0,PNP,N,0
117537,2026,Fall,2268,1,PBHLTH,199,047,1.0,4.0,PNP,N,0
117537,2026,Fall,2268,1,PBHLTH,199,048,1.0,4.0,PNP,N,0
117537,2026,Fall,2268,1,PBHLTH,199,049,1.0,4.0,PNP,N,0
117537,2026,Fall,2268,1,PBHLTH,199,050,1.0,4.0,PNP,N,0
117537,2026,Fall,2268,1,PBHLTH,199,051,1.0,4.0,PNP,N,0
117537,2026,Fall,2268,1,PBHLTH,199,052,1.0,4.0,PNP,N,0
117537,2026,Fall,2268,1,PBHLTH,199,053,1.0,4.0,PNP,N,0
117537,2026,Fall,2268,1,PBHLTH,199,054,1.0,4.0,PNP,N,0
117537,2026,Fall,2268,1,PBHLTH,199,055,1.0,4.0,PNP,N,0
117537,2026,Fall,2268,1,PBHLTH,199,056,1.0,4.0,PNP,N,0
117537,2026,Fall,2268,1,PBHLTH,199,057,1.0,4.0,PNP,N,0
117537,2026,Fall,2268,1,PBHLTH,199,058,1.0,4.0,PNP,N,0
117537,2026,Fall,2268,1,PBHLTH,199,059,1.0,4.0,PNP,N,0
117537,2026,Fall,2268,1,PBHLTH,199,060,1.0,4.0,PNP,N,0
117537,2026,Fall,2268,1,PBHLTH,199,061,1.0,4.0,PNP,N,0
117537,2026,Fall,2268,1,PBHLTH,199,062,1.0,4.0,PNP,N,0
117537,2026,Fall,2268,1,PBHLTH,199,063,1.0,4.0,PNP,N,0
117537,2026,Fall,2268,1,PBHLTH,199,064,1.0,4.0,PNP,N,0
117537,2026,Fall,2268,1,PBHLTH,199,065,1.0,4.0,PNP,N,0
117537,2026,Fall,2268,1,PBHLTH,199,066,1.0,4.0,PNP,N,0
117537,2026,Fall,2268,1,PBHLTH,199,067,1.0,4.0,PNP,N,0
117537,2026,Fall,2268,1,PBHLTH,199,068,1.0,4.0,PNP,N,0
117537,2026,Fall,2268,1,PBHLTH,199,069,1.0,4.0,PNP,N,0
117537,2026,Fall,2268,1,PBHLTH,199,070,1.0,4.0,PNP,N,0
117880,2026,Fall,2268,1,PBHLTH,200FW,001,2.0,2.0,OPT,N,29
117881,2026,Fall,2268,1,PBHLTH,200GW,001,3.0,3.0,OPT,N,46
147867,2026,Fall,2268,1,PBHLTH,200J,001,2.0,2.0,OPT,Y,63
147869,2026,Fall,2268,1,PBHLTH,200L,001,2.0,2.0,OPT,N,81
117557,2026,Fall,2268,1,PBHLTH,202G,001,1.0,1.0,OPT,N,67
164603,2026,Fall,2268,1,PBHLTH,202L,001,3.0,3.0,OPT,N,24
117558,2026,Fall,2268,1,PBHLTH,203A,001,3.0,3.0,OPT,N,10
117561,2026,Fall,2268,1,PBHLTH,204A,001,3.0,3.0,OPT,N,48
117567,2026,Fall,2268,1,PBHLTH,204G,001,3.0,3.0,OPT,N,26
117570,2026,Fall,2268,1,PBHLTH,206,001,2.0,2.0,OPT,N,37
161801,2026,Fall,2268,1,PBHLTH,206BW,001,3.0,3.0,OPT,N,34
161326,2026,Fall,2268,1,PBHLTH,207,001,3.0,3.0,OPT,N,16
117576,2026,Fall,2268,1,PBHLTH,207A,001,3.0,3.0,OPT,Y,119
117885,2026,Fall,2268,1,PBHLTH,207AW,001,3.0,3.0,OPT,N,28
161666,2026,Fall,2268,1,PBHLTH,209B,001,3.0,3.0,OPT,N,8
117583,2026,Fall,2268,1,PBHLTH,210,001,3.0,3.0,OPT,N,20
124516,2026,Fall,2268,1,PBHLTH,210E,001,3.0,3.0,OPT,Y,5
157783,2026,Fall,2268,1,PBHLTH,210J,001,2.0,2.0,SUS,N,9
166425,2026,Fall,2268,1,PBHLTH,210L,001,2.0,2.0,OPT,N,108
168549,2026,Fall,2268,1,PBHLTH,210W,001,3.0,3.0,OPT,N,1
117589,2026,Fall,2268,1,PBHLTH,212A,001,2.0,2.0,OPT,Y,39
156068,2026,Fall,2268,1,PBHLTH,212W,001,3.0,3.0,OPT,N,11
156598,2026,Fall,2268,1,PBHLTH,213W,001,3.0,3.0,OPT,N,12
117608,2026,Fall,2268,1,PBHLTH,218B,001,4.0,4.0,OPT,N,16
166254,2026,Fall,2268,1,PBHLTH,220DW,001,3.0,3.0,OPT,N,13
117620,2026,Fall,2268,1,PBHLTH,220E,001,3.0,3.0,OPT,N,18
117629,2026,Fall,2268,1,PBHLTH,223A,001,1.0,1.0,BMT,N,9
117632,2026,Fall,2268,1,PBHLTH,223D,001,2.0,2.0,OPT,N,44
117635,2026,Fall,2268,1,PBHLTH,224A,001,3.0,3.0,OPT,N,38
117889,2026,Fall,2268,1,PBHLTH,224W,001,3.0,3.0,OPT,N,13
117640,2026,Fall,2268,1,PBHLTH,226A,001,3.0,3.0,OPT,Y,38
156596,2026,Fall,2268,1,PBHLTH,226AW,001,3.0,3.0,OPT,N,21
156603,2026,Fall,2268,1,PBHLTH,237C,001,1.0,1.0,SUS,N,9
156629,2026,Fall,2268,1,PBHLTH,237D,001,2.0,2.0,SUS,N,1
161758,2026,Fall,2268,1,PBHLTH,237F,001,2.0,2.0,OPT,N,3
117660,2026,Fall,2268,1,PBHLTH,24,001,1.0,1.0,PNP,Y,303
168563,2026,Fall,2268,1,PBHLTH,240,001,4.0,4.0,OPT,Y,1
117671,2026,Fall,2268,1,PBHLTH,243A,001,4.0,4.0,OPT,N,38
117678,2026,Fall,2268,1,PBHLTH,245,001,4.0,4.0,OPT,Y,35
166428,2026,Fall,2268,1,PBHLTH,246,001,1.0,1.0,SUS,N,14
161646,2026,Fall,2268,1,PBHLTH,249,001,3.0,3.0,OPT,N,14
117690,2026,Fall,2268,1,PBHLTH,250A,001,4.0,4.0,OPT,Y,65
159956,2026,Fall,2268,1,PBHLTH,250BW,001,4.0,4.0,OPT,N,37
117890,2026,Fall,2268,1,PBHLTH,250W,001,3.0,3.0,OPT,N,28
161971,2026,Fall,2268,1,PBHLTH,251BW,001,2.0,2.0,OPT,N,34
161437,2026,Fall,2268,1,PBHLTH,251W,001,2.0,2.0,OPT,N,26
117697,2026,Fall,2268,1,PBHLTH,252,001,4.0,4.0,OPT,N,35
117699,2026,Fall,2268,1,PBHLTH,252B,001,3.0,3.0,OPT,N,21
117701,2026,Fall,2268,1,PBHLTH,252D,001,4.0,4.0,OPT,N,27
161815,2026,Fall,2268,1,PBHLTH,252W,001,4.0,4.0,OPT,N,14
117891,2026,Fall,2268,1,PBHLTH,253W,001,3.0,3.0,OPT,N,6
117717,2026,Fall,2268,1,PBHLTH,255D,001,2.0,2.0,SUS,N,12
117720,2026,Fall,2268,1,PBHLTH,257,001,2.0,2.0,SUS,N,7
117892,2026,Fall,2268,1,PBHLTH,257W,001,3.0,3.0,OPT,Y,33
117728,2026,Fall,2268,1,PBHLTH,260A,001,4.0,4.0,OPT,Y,9
117736,2026,Fall,2268,1,PBHLTH,263,001,3.0,3.0,OPT,Y,68
117737,2026,Fall,2268,1,PBHLTH,264,001,2.0,2.0,OPT,N,10
117754,2026,Fall,2268,1,PBHLTH,269D,001,2.0,2.0,OPT,N,32
117755,2026,Fall,2268,1,PBHLTH,269E,001,2.0,3.0,OPT,N,27
117756,2026,Fall,2268,1,PBHLTH,270,001,3.0,3.0,OPT,N,30
117757,2026,Fall,2268,1,PBHLTH,270A,001,3.0,3.0,OPT,Y,18
117758,2026,Fall,2268,1,PBHLTH,270B,001,3.0,3.0,OPT,N,37
158561,2026,Fall,2268,1,PBHLTH,271H,001,4.0,4.0,OPT,N,16
161288,2026,Fall,2268,1,PBHLTH,271J,001,2.0,2.0,OPT,N,25
154783,2026,Fall,2268,1,PBHLTH,273,001,3.0,3.0,OPT,N,45
117774,2026,Fall,2268,1,PBHLTH,275,001,2.0,2.0,OPT,N,7
161812,2026,Fall,2268,1,PBHLTH,278,001,2.0,2.0,OPT,N,22
117790,2026,Fall,2268,1,PBHLTH,290,001,4.0,4.0,OPT,N,52
117790,2026,Fall,2268,1,PBHLTH,290,002,3.0,3.0,OPT,N,25
117790,2026,Fall,2268,1,PBHLTH,290,003,3.0,3.0,OPT,N,32
117790,2026,Fall,2268,1,PBHLTH,290,004,4.0,4.0,OPT,N,6
117790,2026,Fall,2268,1,PBHLTH,290,005,2.0,2.0,OPT,N,45
117790,2026,Fall,2268,1,PBHLTH,290,006,3.0,3.0,OPT,N,0
117790,2026,Fall,2268,1,PBHLTH,290,007,3.0,3.0,OPT,N,33
117790,2026,Fall,2268,1,PBHLTH,290,008,3.0,3.0,OPT,N,9
162778,2026,Fall,2268,1,PBHLTH,290C,001,1.0,1.0,OPT,N,21
162778,2026,Fall,2268,1,PBHLTH,290C,003,1.0,1.0,OPT,N,0
162778,2026,Fall,2268,1,PBHLTH,290C,004,1.0,1.0,OPT,N,0
164851,2026,Fall,2268,1,PBHLTH,291,001,1.0,1.0,OPT,N,34
164851,2026,Fall,2268,1,PBHLTH,291,002,1.0,1.0,OPT,N,12
162987,2026,Fall,2268,1,PBHLTH,291C,001,1.0,1.0,OPT,N,13
117794,2026,Fall,2268,1,PBHLTH,292,001,3.0,3.0,IOP,N,1
117794,2026,Fall,2268,1,PBHLTH,292,002,2.0,2.0,IOP,N,1
117794,2026,Fall,2268,1,PBHLTH,292,003,2.0,2.0,IOP,N,5
117794,2026,Fall,2268,1,PBHLTH,292,004,4.0,4.0,IOP,N,3
117794,2026,Fall,2268,1,PBHLTH,292,005,2.0,2.0,IOP,N,1
117794,2026,Fall,2268,1,PBHLTH,292,006,2.0,2.0,IOP,N,1
117795,2026,Fall,2268,1,PBHLTH,293,001,1.0,1.0,OPT,N,10
117795,2026,Fall,2268,1,PBHLTH,293,002,2.0,2.0,OPT,N,2
117795,2026,Fall,2268,1,PBHLTH,293,003,2.0,2.0,OPT,N,2
117795,2026,Fall,2268,1,PBHLTH,293,004,3.0,3.0,OPT,N,2
117795,2026,Fall,2268,1,PBHLTH,293,005,1.0,4.0,OPT,N,7
117795,2026,Fall,2268,1,PBHLTH,293,006,1.0,1.0,OPT,N,6
117795,2026,Fall,2268,1,PBHLTH,293,007,2.0,2.0,OPT,N,1
117795,2026,Fall,2268,1,PBHLTH,293,008,3.0,3.0,OPT,N,4
117795,2026,Fall,2268,1,PBHLTH,293,009,1.0,1.0,OPT,N,10
117799,2026,Fall,2268,1,PBHLTH,297,001,1.0,12.0,SUS,N,0
117799,2026,Fall,2268,1,PBHLTH,297,002,1.0,12.0,SUS,N,0
117799,2026,Fall,2268,1,PBHLTH,297,003,1.0,12.0,SUS,N,0
117799,2026,Fall,2268,1,PBHLTH,297,004,1.0,12.0,SUS,N,0
117799,2026,Fall,2268,1,PBHLTH,297,005,1.0,12.0,SUS,N,0
117799,2026,Fall,2268,1,PBHLTH,297,006,1.0,12.0,SUS,N,0
117799,2026,Fall,2268,1,PBHLTH,297,007,1.0,12.0,SUS,N,0
117799,2026,Fall,2268,1,PBHLTH,297,008,1.0,12.0,SUS,N,0
117800,2026,Fall,2268,1,PBHLTH,298,001,1.0,8.0,OPT,N,0
117800,2026,Fall,2268,1,PBHLTH,298,002,1.0,8.0,OPT,N,0
117800,2026,Fall,2268,1,PBHLTH,298,003,1.0,8.0,OPT,N,0
117800,2026,Fall,2268,1,PBHLTH,298,004,1.0,8.0,OPT,N,0
117800,2026,Fall,2268,1,PBHLTH,298,005,1.0,8.0,OPT,N,0
117800,2026,Fall,2268,1,PBHLTH,298,006,1.0,8.0,OPT,N,0
117800,2026,Fall,2268,1,PBHLTH,298,007,1.0,8.0,OPT,N,0
117800,2026,Fall,2268,1,PBHLTH,298,008,1.0,8.0,OPT,N,0
117800,2026,Fall,2268,1,PBHLTH,298,009,1.0,8.0,OPT,N,0
117800,2026,Fall,2268,1,PBHLTH,298,010,1.0,8.0,OPT,N,0
117800,2026,Fall,2268,1,PBHLTH,298,011,1.0,8.0,OPT,N,0
117800,2026,Fall,2268,1,PBHLTH,298,012,1.0,8.0,OPT,N,0
117800,2026,Fall,2268,1,PBHLTH,298,013,1.0,8.0,OPT,N,0
117800,2026,Fall,2268,1,PBHLTH,298,014,1.0,8.0,OPT,N,0
117800,2026,Fall,2268,1,PBHLTH,298,015,1.0,8.0,OPT,N,0
117800,2026,Fall,2268,1,PBHLTH,298,016,1.0,8.0,OPT,N,0
117800,2026,Fall,2268,1,PBHLTH,298,017,1.0,8.0,OPT,N,0
117800,2026,Fall,2268,1,PBHLTH,298,018,1.0,8.0,OPT,N,0
117800,2026,Fall,2268,1,PBHLTH,298,019,1.0,8.0,OPT,N,0
117800,2026,Fall,2268,1,PBHLTH,298,020,1.0,8.0,OPT,N,0
117800,2026,Fall,2268,1,PBHLTH,298,021,1.0,8.0,OPT,N,0
117800,2026,Fall,2268,1,PBHLTH,298,022,1.0,1.0,OPT,N,0
117800,2026,Fall,2268,1,PBHLTH,298,023,1.0,8.0,OPT,N,0
117800,2026,Fall,2268,1,PBHLTH,298,024,1.0,8.0,OPT,N,0
117800,2026,Fall,2268,1,PBHLTH,298,025,1.0,8.0,OPT,N,0
117800,2026,Fall,2268,1,PBHLTH,298,026,1.0,8.0,OPT,N,0
117800,2026,Fall,2268,1,PBHLTH,298,027,1.0,8.0,OPT,N,0
117800,2026,Fall,2268,1,PBHLTH,298,028,1.0,8.0,OPT,N,0
117800,2026,Fall,2268,1,PBHLTH,298,029,1.0,8.0,OPT,N,0
117800,2026,Fall,2268,1,PBHLTH,298,030,1.0,8.0,OPT,N,0
117800,2026,Fall,2268,1,PBHLTH,298,031,1.0,8.0,OPT,N,0
117800,2026,Fall,2268,1,PBHLTH,298,032,1.0,8.0,OPT,N,0
117800,2026,Fall,2268,1,PBHLTH,298,033,1.0,8.0,OPT,N,0
117800,2026,Fall,2268,1,PBHLTH,298,034,1.0,8.0,OPT,N,0
117800,2026,Fall,2268,1,PBHLTH,298,035,1.0,8.0,OPT,N,0
117800,2026,Fall,2268,1,PBHLTH,298,036,1.0,8.0,OPT,N,0
117800,2026,Fall,2268,1,PBHLTH,298,037,1.0,8.0,OPT,N,0
117800,2026,Fall,2268,1,PBHLTH,298,038,1.0,8.0,OPT,N,0
117800,2026,Fall,2268,1,PBHLTH,298,039,1.0,8.0,OPT,N,0
117800,2026,Fall,2268,1,PBHLTH,298,040,1.0,8.0,OPT,N,0
117800,2026,Fall,2268,1,PBHLTH,298,041,1.0,8.0,OPT,N,0
117800,2026,Fall,2268,1,PBHLTH,298,042,1.0,8.0,OPT,N,0
117800,2026,Fall,2268,1,PBHLTH,298,043,1.0,8.0,OPT,N,0
117800,2026,Fall,2268,1,PBHLTH,298,044,1.0,8.0,OPT,N,0
117800,2026,Fall,2268,1,PBHLTH,298,045,1.0,8.0,OPT,N,0
117800,2026,Fall,2268,1,PBHLTH,298,046,1.0,8.0,OPT,N,0
117800,2026,Fall,2268,1,PBHLTH,298,047,1.0,1.0,IOP,N,0
117800,2026,Fall,2268,1,PBHLTH,298,048,1.0,8.0,OPT,N,2
117800,2026,Fall,2268,1,PBHLTH,298,049,1.0,8.0,IOP,N,0
117801,2026,Fall,2268,1,PBHLTH,299,001,1.0,12.0,OPT,N,0
117801,2026,Fall,2268,1,PBHLTH,299,002,1.0,12.0,OPT,N,0
117801,2026,Fall,2268,1,PBHLTH,299,003,1.0,12.0,OPT,N,0
117801,2026,Fall,2268,1,PBHLTH,299,004,1.0,12.0,OPT,N,0
117801,2026,Fall,2268,1,PBHLTH,299,005,1.0,12.0,OPT,N,0
117801,2026,Fall,2268,1,PBHLTH,299,006,1.0,12.0,OPT,N,0
117801,2026,Fall,2268,1,PBHLTH,299,007,1.0,12.0,OPT,N,0
117801,2026,Fall,2268,1,PBHLTH,299,008,1.0,12.0,OPT,N,0
117801,2026,Fall,2268,1,PBHLTH,299,009,1.0,12.0,OPT,N,0
117801,2026,Fall,2268,1,PBHLTH,299,010,1.0,12.0,OPT,N,0
117801,2026,Fall,2268,1,PBHLTH,299,011,1.0,12.0,OPT,N,0
117801,2026,Fall,2268,1,PBHLTH,299,012,1.0,12.0,OPT,N,0
117801,2026,Fall,2268,1,PBHLTH,299,013,1.0,12.0,OPT,N,0
117801,2026,Fall,2268,1,PBHLTH,299,014,1.0,12.0,OPT,N,0
117801,2026,Fall,2268,1,PBHLTH,299,015,1.0,12.0,OPT,N,0
117801,2026,Fall,2268,1,PBHLTH,299,016,1.0,12.0,OPT,N,0
117801,2026,Fall,2268,1,PBHLTH,299,017,1.0,12.0,OPT,N,0
117801,2026,Fall,2268,1,PBHLTH,299,018,1.0,12.0,OPT,N,0
117801,2026,Fall,2268,1,PBHLTH,299,019,1.0,12.0,OPT,N,0
117801,2026,Fall,2268,1,PBHLTH,299,020,1.0,12.0,OPT,N,0
117801,2026,Fall,2268,1,PBHLTH,299,021,1.0,12.0,OPT,N,0
117801,2026,Fall,2268,1,PBHLTH,299,022,1.0,12.0,OPT,N,0
117801,2026,Fall,2268,1,PBHLTH,299,023,1.0,12.0,OPT,N,0
117801,2026,Fall,2268,1,PBHLTH,299,024,1.0,12.0,OPT,N,0
117801,2026,Fall,2268,1,PBHLTH,299,025,1.0,12.0,OPT,N,0
117801,2026,Fall,2268,1,PBHLTH,299,026,1.0,12.0,OPT,N,0
117801,2026,Fall,2268,1,PBHLTH,299,027,1.0,12.0,OPT,N,0
117801,2026,Fall,2268,1,PBHLTH,299,028,1.0,12.0,OPT,N,0
117801,2026,Fall,2268,1,PBHLTH,299,029,1.0,12.0,OPT,N,0
117801,2026,Fall,2268,1,PBHLTH,299,030,1.0,12.0,OPT,N,0
117801,2026,Fall,2268,1,PBHLTH,299,031,1.0,12.0,OPT,N,0
117801,2026,Fall,2268,1,PBHLTH,299,032,1.0,12.0,OPT,N,0
117801,2026,Fall,2268,1,PBHLTH,299,033,1.0,12.0,OPT,N,0
117801,2026,Fall,2268,1,PBHLTH,299,034,1.0,12.0,OPT,N,0
117801,2026,Fall,2268,1,PBHLTH,299,035,1.0,12.0,OPT,N,0
117801,2026,Fall,2268,1,PBHLTH,299,036,1.0,12.0,OPT,N,0
117801,2026,Fall,2268,1,PBHLTH,299,037,1.0,12.0,OPT,N,0
117801,2026,Fall,2268,1,PBHLTH,299,038,1.0,12.0,OPT,N,0
117801,2026,Fall,2268,1,PBHLTH,299,039,1.0,12.0,OPT,N,0
117801,2026,Fall,2268,1,PBHLTH,299,040,1.0,12.0,OPT,N,0
117801,2026,Fall,2268,1,PBHLTH,299,041,1.0,12.0,OPT,N,0
117801,2026,Fall,2268,1,PBHLTH,299,042,1.0,12.0,OPT,N,0
117801,2026,Fall,2268,1,PBHLTH,299,043,1.0,12.0,OPT,N,0
117801,2026,Fall,2268,1,PBHLTH,299,044,1.0,12.0,OPT,N,0
117801,2026,Fall,2268,1,PBHLTH,299,045,1.0,12.0,OPT,N,0
117801,2026,Fall,2268,1,PBHLTH,299,046,1.0,12.0,OPT,N,0
117801,2026,Fall,2268,1,PBHLTH,299,047,1.0,12.0,OPT,N,0
117801,2026,Fall,2268,1,PBHLTH,299,048,1.0,12.0,OPT,N,0
117801,2026,Fall,2268,1,PBHLTH,299,049,1.0,12.0,OPT,N,0
117801,2026,Fall,2268,1,PBHLTH,299,050,1.0,12.0,OPT,N,0
117801,2026,Fall,2268,1,PBHLTH,299,051,1.0,12.0,OPT,N,0
117801,2026,Fall,2268,1,PBHLTH,299,052,1.0,12.0,OPT,N,0
117801,2026,Fall,2268,1,PBHLTH,299,053,1.0,12.0,OPT,N,0
117801,2026,Fall,2268,1,PBHLTH,299,054,1.0,12.0,OPT,N,0
117801,2026,Fall,2268,1,PBHLTH,299,055,1.0,12.0,OPT,N,0
117801,2026,Fall,2268,1,PBHLTH,299,056,1.0,12.0,OPT,N,0
117801,2026,Fall,2268,1,PBHLTH,299,057,1.0,12.0,OPT,N,0
117801,2026,Fall,2268,1,PBHLTH,299,058,1.0,12.0,OPT,N,0
117801,2026,Fall,2268,1,PBHLTH,299,059,1.0,12.0,OPT,N,0
117801,2026,Fall,2268,1,PBHLTH,299,060,1.0,12.0,OPT,N,0
117801,2026,Fall,2268,1,PBHLTH,299,061,1.0,12.0,OPT,N,0
117801,2026,Fall,2268,1,PBHLTH,299,062,1.0,12.0,OPT,N,0
117801,2026,Fall,2268,1,PBHLTH,299,063,1.0,12.0,OPT,N,0
117801,2026,Fall,2268,1,PBHLTH,299,064,1.0,12.0,OPT,N,0
117801,2026,Fall,2268,1,PBHLTH,299,065,1.0,12.0,OPT,N,0
117801,2026,Fall,2268,1,PBHLTH,299,066,1.0,12.0,OPT,N,0
117801,2026,Fall,2268,1,PBHLTH,299,067,1.0,12.0,OPT,N,0
117801,2026,Fall,2268,1,PBHLTH,299,068,1.0,12.0,OPT,N,0
117801,2026,Fall,2268,1,PBHLTH,299,069,1.0,12.0,OPT,N,0
117801,2026,Fall,2268,1,PBHLTH,299,070,1.0,12.0,OPT,N,0
117801,2026,Fall,2268,1,PBHLTH,299,071,1.0,12.0,OPT,N,0
117801,2026,Fall,2268,1,PBHLTH,299,072,1.0,12.0,OPT,N,0
117801,2026,Fall,2268,1,PBHLTH,299,073,1.0,12.0,OPT,N,0
117801,2026,Fall,2268,1,PBHLTH,299,074,1.0,12.0,OPT,N,0
117801,2026,Fall,2268,1,PBHLTH,299,075,1.0,12.0,OPT,N,0
117801,2026,Fall,2268,1,PBHLTH,299,076,1.0,12.0,OPT,N,0
117801,2026,Fall,2268,1,PBHLTH,299,077,1.0,12.0,OPT,N,0
117801,2026,Fall,2268,1,PBHLTH,299,078,1.0,12.0,OPT,N,0
117801,2026,Fall,2268,1,PBHLTH,299,079,1.0,12.0,OPT,N,0
117801,2026,Fall,2268,1,PBHLTH,299,080,1.0,12.0,OPT,N,0
117801,2026,Fall,2268,1,PBHLTH,299,081,1.0,12.0,OPT,N,0
117801,2026,Fall,2268,1,PBHLTH,299,082,1.0,12.0,OPT,N,0
117801,2026,Fall,2268,1,PBHLTH,299,083,1.0,12.0,OPT,N,0
117801,2026,Fall,2268,1,PBHLTH,299,084,1.0,12.0,OPT,N,0
117801,2026,Fall,2268,1,PBHLTH,299,085,1.0,12.0,OPT,N,0
117801,2026,Fall,2268,1,PBHLTH,299,086,1.0,12.0,OPT,N,0
117801,2026,Fall,2268,1,PBHLTH,299,087,1.0,12.0,OPT,N,0
117801,2026,Fall,2268,1,PBHLTH,299,088,1.0,12.0,OPT,N,0
117801,2026,Fall,2268,1,PBHLTH,299,089,1.0,12.0,OPT,N,0
117801,2026,Fall,2268,1,PBHLTH,299,090,1.0,12.0,OPT,N,0
117801,2026,Fall,2268,1,PBHLTH,299,091,1.0,12.0,OPT,N,0
117801,2026,Fall,2268,1,PBHLTH,299,092,1.0,12.0,OPT,N,0
117801,2026,Fall,2268,1,PBHLTH,299,093,1.0,12.0,OPT,N,0
117801,2026,Fall,2268,1,PBHLTH,299,094,1.0,12.0,OPT,N,0
117801,2026,Fall,2268,1,PBHLTH,299,095,1.0,12.0,OPT,N,0
117801,2026,Fall,2268,1,PBHLTH,299,096,1.0,12.0,OPT,N,0
117801,2026,Fall,2268,1,PBHLTH,299,097,1.0,12.0,OPT,N,0
117801,2026,Fall,2268,1,PBHLTH,299,098,1.0,12.0,OPT,N,0
117801,2026,Fall,2268,1,PBHLTH,299,099,1.0,12.0,OPT,N,0
117801,2026,Fall,2268,1,PBHLTH,299,100,1.0,12.0,OPT,N,0
117801,2026,Fall,2268,1,PBHLTH,299,101,1.0,12.0,OPT,N,0
117801,2026,Fall,2268,1,PBHLTH,299,102,1.0,12.0,OPT,N,0
117801,2026,Fall,2268,1,PBHLTH,299,103,1.0,12.0,OPT,N,0
117801,2026,Fall,2268,1,PBHLTH,299,104,1.0,12.0,OPT,N,0
117801,2026,Fall,2268,1,PBHLTH,299,105,1.0,12.0,OPT,N,0
117801,2026,Fall,2268,1,PBHLTH,299,106,1.0,12.0,OPT,N,0
117801,2026,Fall,2268,1,PBHLTH,299,107,1.0,12.0,OPT,N,0
117801,2026,Fall,2268,1,PBHLTH,299,108,1.0,12.0,OPT,N,0
117801,2026,Fall,2268,1,PBHLTH,299,109,1.0,12.0,OPT,N,0
117801,2026,Fall,2268,1,PBHLTH,299,110,1.0,12.0,OPT,N,0
117801,2026,Fall,2268,1,PBHLTH,299,111,1.0,12.0,OPT,N,0
117801,2026,Fall,2268,1,PBHLTH,299,112,1.0,12.0,OPT,N,0
117801,2026,Fall,2268,1,PBHLTH,299,113,1.0,12.0,OPT,N,0
117801,2026,Fall,2268,1,PBHLTH,299,114,1.0,12.0,OPT,N,0
117804,2026,Fall,2268,1,PBHLTH,375A,001,2.0,2.0,SUS,N,20
117804,2026,Fall,2268,1,PBHLTH,375A,002,2.0,2.0,SUS,N,9
166024,2026,Fall,2268,1,PBHLTH,4,001,1.0,1.0,PNP,A,302
124481,2026,Fall,2268,1,PBHLTH,C233,001,3.0,3.0,OPT,N,48
124300,2026,Fall,2268,1,PBHLTH,C240B,001,4.0,4.0,OPT,Y,51
117842,2026,Fall,2268,1,PBHLTH,H195A,001,3.0,3.0,OPT,Y,0
117899,2026,Fall,2268,1,PERSIAN,100A,001,3.0,3.0,OPT,Y,264
117903,2026,Fall,2268,1,PERSIAN,102A,001,3.0,3.0,OPT,Y,417
117896,2026,Fall,2268,1,PERSIAN,1A,001,5.0,5.0,OPT,Y,115
117935,2026,Fall,2268,1,PERSIAN,20A,001,5.0,5.0,OPT,Y,309
117961,2026,Fall,2268,1,PHDBA,219S,001,1.0,3.0,SUS,N,7
117962,2026,Fall,2268,1,PHDBA,229A,001,3.0,3.0,OPT,N,4
117966,2026,Fall,2268,1,PHDBA,229S,001,2.0,4.0,SUS,N,1
117967,2026,Fall,2268,1,PHDBA,239FA,001,3.0,3.0,OPT,N,23
117972,2026,Fall,2268,1,PHDBA,239FB,001,3.0,3.0,OPT,Y,20
117969,2026,Fall,2268,1,PHDBA,239FC,001,3.0,3.0,OPT,N,0
117974,2026,Fall,2268,1,PHDBA,239S,001,2.0,4.0,SUS,N,4
117976,2026,Fall,2268,1,PHDBA,249B,001,2.0,2.0,SUS,N,0
117978,2026,Fall,2268,1,PHDBA,259A,001,3.0,3.0,OPT,Y,19
160848,2026,Fall,2268,1,PHDBA,259C,001,3.0,3.0,OPT,Y,7
117982,2026,Fall,2268,1,PHDBA,259S,001,2.0,4.0,SUS,N,9
117983,2026,Fall,2268,1,PHDBA,269A,001,3.0,3.0,OPT,Y,0
117985,2026,Fall,2268,1,PHDBA,269C,001,3.0,3.0,OPT,Y,18
117986,2026,Fall,2268,1,PHDBA,269D,001,3.0,3.0,OPT,Y,8
117987,2026,Fall,2268,1,PHDBA,269S,001,2.0,4.0,SUS,N,10
147999,2026,Fall,2268,1,PHDBA,279PD,001,3.0,3.0,OPT,Y,16
117991,2026,Fall,2268,1,PHDBA,279S,001,2.0,4.0,SUS,N,10
117992,2026,Fall,2268,1,PHDBA,289A,001,4.0,4.0,OPT,N,7
117993,2026,Fall,2268,1,PHDBA,289S,001,2.0,4.0,SUS,N,5
117998,2026,Fall,2268,1,PHDBA,297T,001,0.5,3.0,OPT,N,21
117998,2026,Fall,2268,1,PHDBA,297T,002,0.5,3.0,OPT,N,0
117998,2026,Fall,2268,1,PHDBA,297T,003,0.5,3.0,OPT,N,0
117998,2026,Fall,2268,1,PHDBA,297T,004,0.5,3.0,OPT,N,0
117998,2026,Fall,2268,1,PHDBA,297T,005,0.5,3.0,OPT,N,6
117999,2026,Fall,2268,1,PHDBA,299A,001,0.0,12.0,SUS,N,0
117999,2026,Fall,2268,1,PHDBA,299A,002,0.0,12.0,SUS,N,0
117999,2026,Fall,2268,1,PHDBA,299A,003,0.0,12.0,SUS,N,0
117999,2026,Fall,2268,1,PHDBA,299A,004,0.0,12.0,SUS,N,0
117999,2026,Fall,2268,1,PHDBA,299A,005,0.0,12.0,SUS,N,0
117999,2026,Fall,2268,1,PHDBA,299A,006,0.0,12.0,SUS,N,0
117999,2026,Fall,2268,1,PHDBA,299A,007,0.0,12.0,SUS,N,0
117999,2026,Fall,2268,1,PHDBA,299A,008,0.0,12.0,SUS,N,0
117999,2026,Fall,2268,1,PHDBA,299A,009,0.0,12.0,SUS,N,0
117999,2026,Fall,2268,1,PHDBA,299A,010,0.0,12.0,SUS,N,0
117999,2026,Fall,2268,1,PHDBA,299A,011,0.0,12.0,SUS,N,0
117999,2026,Fall,2268,1,PHDBA,299A,012,0.0,12.0,SUS,N,0
117999,2026,Fall,2268,1,PHDBA,299A,013,0.0,12.0,SUS,N,0
117999,2026,Fall,2268,1,PHDBA,299A,014,0.0,12.0,SUS,N,0
117999,2026,Fall,2268,1,PHDBA,299A,015,0.0,12.0,SUS,N,0
117999,2026,Fall,2268,1,PHDBA,299A,016,0.0,12.0,SUS,N,0
117999,2026,Fall,2268,1,PHDBA,299A,017,0.0,12.0,SUS,N,0
117999,2026,Fall,2268,1,PHDBA,299A,018,0.0,12.0,SUS,N,0
117999,2026,Fall,2268,1,PHDBA,299A,019,0.0,12.0,SUS,N,0
117999,2026,Fall,2268,1,PHDBA,299A,020,0.0,12.0,SUS,N,0
117999,2026,Fall,2268,1,PHDBA,299A,021,0.0,12.0,SUS,N,0
117999,2026,Fall,2268,1,PHDBA,299A,022,0.0,12.0,SUS,N,0
117999,2026,Fall,2268,1,PHDBA,299A,023,0.0,12.0,SUS,N,0
117999,2026,Fall,2268,1,PHDBA,299A,024,0.0,12.0,SUS,N,0
117999,2026,Fall,2268,1,PHDBA,299A,025,0.0,12.0,SUS,N,0
117999,2026,Fall,2268,1,PHDBA,299A,026,0.0,12.0,SUS,N,0
117999,2026,Fall,2268,1,PHDBA,299A,027,0.0,12.0,SUS,N,0
117999,2026,Fall,2268,1,PHDBA,299A,028,0.0,12.0,SUS,N,0
117999,2026,Fall,2268,1,PHDBA,299A,029,0.0,12.0,SUS,N,0
117999,2026,Fall,2268,1,PHDBA,299A,030,0.0,12.0,SUS,N,0
118003,2026,Fall,2268,1,PHDBA,602,001,1.0,8.0,SUS,N,0
118003,2026,Fall,2268,1,PHDBA,602,002,1.0,8.0,SUS,N,0
118003,2026,Fall,2268,1,PHDBA,602,003,1.0,8.0,SUS,N,0
118003,2026,Fall,2268,1,PHDBA,602,004,1.0,8.0,SUS,N,0
118003,2026,Fall,2268,1,PHDBA,602,005,1.0,8.0,SUS,N,0
118003,2026,Fall,2268,1,PHDBA,602,006,1.0,8.0,SUS,N,0
118003,2026,Fall,2268,1,PHDBA,602,007,1.0,8.0,SUS,N,0
118003,2026,Fall,2268,1,PHDBA,602,008,1.0,8.0,SUS,N,0
118003,2026,Fall,2268,1,PHDBA,602,009,1.0,8.0,SUS,N,0
118003,2026,Fall,2268,1,PHDBA,602,010,1.0,8.0,SUS,N,0
118003,2026,Fall,2268,1,PHDBA,602,011,1.0,8.0,SUS,N,0
118003,2026,Fall,2268,1,PHDBA,602,012,1.0,8.0,SUS,N,0
118003,2026,Fall,2268,1,PHDBA,602,013,1.0,8.0,SUS,N,0
118003,2026,Fall,2268,1,PHDBA,602,014,1.0,8.0,SUS,N,0
118003,2026,Fall,2268,1,PHDBA,602,015,1.0,8.0,SUS,N,0
118003,2026,Fall,2268,1,PHDBA,602,016,1.0,8.0,SUS,N,0
118003,2026,Fall,2268,1,PHDBA,602,017,1.0,8.0,SUS,N,0
118003,2026,Fall,2268,1,PHDBA,602,018,1.0,8.0,SUS,N,0
118003,2026,Fall,2268,1,PHDBA,602,019,1.0,8.0,SUS,N,0
118003,2026,Fall,2268,1,PHDBA,602,020,1.0,8.0,SUS,N,0
118003,2026,Fall,2268,1,PHDBA,602,021,1.0,8.0,SUS,N,0
118003,2026,Fall,2268,1,PHDBA,602,022,1.0,8.0,SUS,N,0
118003,2026,Fall,2268,1,PHDBA,602,023,1.0,8.0,SUS,N,0
118004,2026,Fall,2268,1,PHDBA,602C,001,0.0,0.0,SUS,N,0
123965,2026,Fall,2268,1,PHDBA,C270,001,2.0,2.0,SUS,N,1
118006,2026,Fall,2268,1,PHILOS,100,001,4.0,4.0,OPT,N,282
118013,2026,Fall,2268,1,PHILOS,107,001,4.0,4.0,OPT,Y,506
118022,2026,Fall,2268,1,PHILOS,115,001,4.0,4.0,OPT,Y,620
118027,2026,Fall,2268,1,PHILOS,12A,001,4.0,4.0,OPT,Y,1579
118043,2026,Fall,2268,1,PHILOS,135,001,4.0,4.0,OPT,Y,284
118044,2026,Fall,2268,1,PHILOS,136,001,4.0,4.0,OPT,Y,317
118054,2026,Fall,2268,1,PHILOS,146,001,4.0,4.0,OPT,Y,186
118059,2026,Fall,2268,1,PHILOS,153,001,4.0,4.0,OPT,Y,194
118066,2026,Fall,2268,1,PHILOS,160,1,4.0,4.0,OPT,Y,146
118070,2026,Fall,2268,1,PHILOS,170,001,4.0,4.0,OPT,Y,208
118087,2026,Fall,2268,1,PHILOS,187,001,4.0,4.0,OPT,Y,279
118090,2026,Fall,2268,1,PHILOS,190,001,3.0,3.0,OPT,N,54
118090,2026,Fall,2268,1,PHILOS,190,002,3.0,3.0,OPT,N,46
118109,2026,Fall,2268,1,PHILOS,198BC,001,1.0,1.0,PNP,N,14
118109,2026,Fall,2268,1,PHILOS,198BC,002,1.0,1.0,PNP,N,7
118110,2026,Fall,2268,1,PHILOS,199,001,1.0,4.0,PNP,N,0
118110,2026,Fall,2268,1,PHILOS,199,002,1.0,4.0,PNP,N,0
118110,2026,Fall,2268,1,PHILOS,199,003,1.0,4.0,PNP,N,0
118111,2026,Fall,2268,1,PHILOS,2,001,4.0,4.0,OPT,Y,1562
118112,2026,Fall,2268,1,PHILOS,200,001,3.0,3.0,SUS,N,20
118122,2026,Fall,2268,1,PHILOS,25A,001,4.0,4.0,OPT,Y,993
118127,2026,Fall,2268,1,PHILOS,290,001,3.0,3.0,OPT,N,38
118127,2026,Fall,2268,1,PHILOS,290,002,3.0,3.0,OPT,N,19
118127,2026,Fall,2268,1,PHILOS,290,003,3.0,3.0,OPT,N,17
118127,2026,Fall,2268,1,PHILOS,290,004,3.0,3.0,OPT,N,18
118127,2026,Fall,2268,1,PHILOS,290,005,3.0,3.0,OPT,N,6
118128,2026,Fall,2268,1,PHILOS,295,001,2.0,2.0,SUS,N,6
118129,2026,Fall,2268,1,PHILOS,299,001,1.0,12.0,SUS,N,0
118129,2026,Fall,2268,1,PHILOS,299,002,1.0,12.0,SUS,N,0
118129,2026,Fall,2268,1,PHILOS,299,003,1.0,12.0,SUS,N,0
118129,2026,Fall,2268,1,PHILOS,299,004,1.0,12.0,SUS,N,0
118129,2026,Fall,2268,1,PHILOS,299,005,1.0,12.0,SUS,N,0
118129,2026,Fall,2268,1,PHILOS,299,006,1.0,12.0,SUS,N,0
118129,2026,Fall,2268,1,PHILOS,299,007,1.0,12.0,SUS,N,0
118129,2026,Fall,2268,1,PHILOS,299,008,1.0,12.0,SUS,N,0
118129,2026,Fall,2268,1,PHILOS,299,009,1.0,12.0,SUS,N,0
118129,2026,Fall,2268,1,PHILOS,299,010,1.0,12.0,SUS,N,0
118129,2026,Fall,2268,1,PHILOS,299,011,1.0,12.0,SUS,N,0
118129,2026,Fall,2268,1,PHILOS,299,012,1.0,12.0,SUS,N,0
118129,2026,Fall,2268,1,PHILOS,299,013,1.0,12.0,SUS,N,0
118129,2026,Fall,2268,1,PHILOS,299,014,1.0,12.0,SUS,N,0
118129,2026,Fall,2268,1,PHILOS,299,015,1.0,12.0,SUS,N,0
118129,2026,Fall,2268,1,PHILOS,299,016,1.0,12.0,SUS,N,0
118129,2026,Fall,2268,1,PHILOS,299,017,1.0,12.0,SUS,N,0
118129,2026,Fall,2268,1,PHILOS,299,018,1.0,12.0,SUS,N,0
118129,2026,Fall,2268,1,PHILOS,299,019,1.0,12.0,SUS,N,0
118129,2026,Fall,2268,1,PHILOS,299,020,1.0,12.0,SUS,N,0
118129,2026,Fall,2268,1,PHILOS,299,021,1.0,12.0,SUS,N,0
118129,2026,Fall,2268,1,PHILOS,299,022,1.0,12.0,SUS,N,0
118129,2026,Fall,2268,1,PHILOS,299,023,1.0,12.0,SUS,N,10
118129,2026,Fall,2268,1,PHILOS,299,024,1.0,12.0,SUS,N,2
118129,2026,Fall,2268,1,PHILOS,299,025,1.0,12.0,SUS,N,2
118129,2026,Fall,2268,1,PHILOS,299,026,1.0,12.0,SUS,N,1
118130,2026,Fall,2268,1,PHILOS,3,001,4.0,4.0,OPT,Y,2140
118133,2026,Fall,2268,1,PHILOS,375,001,3.0,3.0,SUS,N,9
118168,2026,Fall,2268,1,PHILOS,7,001,4.0,4.0,OPT,Y,570
118175,2026,Fall,2268,1,PHILOS,H195,001,4.0,4.0,OPT,N,0
118175,2026,Fall,2268,1,PHILOS,H195,002,4.0,4.0,OPT,N,0
118175,2026,Fall,2268,1,PHILOS,H195,003,4.0,4.0,OPT,N,0
118175,2026,Fall,2268,1,PHILOS,H195,004,4.0,4.0,OPT,N,0
118175,2026,Fall,2268,1,PHILOS,H195,005,4.0,4.0,OPT,N,0
118175,2026,Fall,2268,1,PHILOS,H195,006,4.0,4.0,OPT,N,0
118175,2026,Fall,2268,1,PHILOS,H195,007,4.0,4.0,OPT,N,0
118178,2026,Fall,2268,1,PHILOS,R1B,001,4.0,4.0,GRD,A,293
118178,2026,Fall,2268,1,PHILOS,R1B,002,4.0,4.0,GRD,A,19
118253,2026,Fall,2268,1,PHYSED,1,001,0.5,0.5,OPT,N,94
118253,2026,Fall,2268,1,PHYSED,1,002,0.5,0.5,OPT,N,48
118253,2026,Fall,2268,1,PHYSED,1,003,0.5,0.5,OPT,N,34
118253,2026,Fall,2268,1,PHYSED,1,004,0.5,0.5,OPT,N,39
118253,2026,Fall,2268,1,PHYSED,1,005,0.5,0.5,OPT,N,41
118253,2026,Fall,2268,1,PHYSED,1,009,0.5,0.5,OPT,N,50
118253,2026,Fall,2268,1,PHYSED,1,010,0.5,0.5,OPT,N,52
118253,2026,Fall,2268,1,PHYSED,1,011,0.5,0.5,OPT,N,23
118253,2026,Fall,2268,1,PHYSED,1,012,0.5,0.5,OPT,N,136
118253,2026,Fall,2268,1,PHYSED,1,014,0.5,0.5,OPT,N,53
118253,2026,Fall,2268,1,PHYSED,1,015,0.5,0.5,OPT,N,19
118253,2026,Fall,2268,1,PHYSED,1,016,0.5,0.5,OPT,N,36
118253,2026,Fall,2268,1,PHYSED,1,017,0.5,0.5,OPT,N,90
118253,2026,Fall,2268,1,PHYSED,1,018,0.5,0.5,OPT,N,64
118253,2026,Fall,2268,1,PHYSED,1,019,0.5,0.5,OPT,N,83
118253,2026,Fall,2268,1,PHYSED,1,020,0.5,0.5,OPT,N,68
118253,2026,Fall,2268,1,PHYSED,1,021,0.5,0.5,OPT,N,16
118253,2026,Fall,2268,1,PHYSED,1,022,0.5,0.5,OPT,N,37
118253,2026,Fall,2268,1,PHYSED,1,023,0.5,0.5,OPT,N,24
118253,2026,Fall,2268,1,PHYSED,1,031,0.5,0.5,OPT,N,15
118253,2026,Fall,2268,1,PHYSED,1,032,0.5,0.5,OPT,N,21
118253,2026,Fall,2268,1,PHYSED,1,033,0.5,0.5,OPT,N,26
118253,2026,Fall,2268,1,PHYSED,1,034,0.5,0.5,OPT,N,63
118253,2026,Fall,2268,1,PHYSED,1,036,0.5,0.5,OPT,N,53
118253,2026,Fall,2268,1,PHYSED,1,037,0.5,0.5,OPT,N,40
118253,2026,Fall,2268,1,PHYSED,1,038,0.5,0.5,OPT,N,42
118253,2026,Fall,2268,1,PHYSED,1,039,0.5,0.5,OPT,N,28
118253,2026,Fall,2268,1,PHYSED,1,040,0.5,0.5,OPT,N,33
118253,2026,Fall,2268,1,PHYSED,1,041,0.5,0.5,OPT,N,76
118253,2026,Fall,2268,1,PHYSED,1,042,0.5,0.5,OPT,N,96
118253,2026,Fall,2268,1,PHYSED,1,043,0.5,0.5,OPT,N,110
118253,2026,Fall,2268,1,PHYSED,1,044,0.5,0.5,OPT,N,208
118253,2026,Fall,2268,1,PHYSED,1,045,0.5,0.5,OPT,N,56
118253,2026,Fall,2268,1,PHYSED,1,046,0.5,0.5,OPT,N,36
118253,2026,Fall,2268,1,PHYSED,1,047,0.5,0.5,OPT,N,44
118253,2026,Fall,2268,1,PHYSED,1,053,0.5,0.5,OPT,N,17
118253,2026,Fall,2268,1,PHYSED,1,054,0.5,0.5,OPT,N,25
118253,2026,Fall,2268,1,PHYSED,1,057,0.5,0.5,OPT,N,81
118253,2026,Fall,2268,1,PHYSED,1,063,0.5,0.5,OPT,N,195
118253,2026,Fall,2268,1,PHYSED,1,064,0.5,0.5,OPT,N,65
118253,2026,Fall,2268,1,PHYSED,1,067,0.5,0.5,OPT,N,97
118253,2026,Fall,2268,1,PHYSED,1,068,0.5,0.5,OPT,N,30
118253,2026,Fall,2268,1,PHYSED,1,070,0.5,0.5,OPT,N,27
118253,2026,Fall,2268,1,PHYSED,1,071,0.5,0.5,OPT,N,34
118253,2026,Fall,2268,1,PHYSED,1,075,0.5,0.5,OPT,N,63
118253,2026,Fall,2268,1,PHYSED,1,076,0.5,0.5,OPT,N,28
118253,2026,Fall,2268,1,PHYSED,1,077,0.5,0.5,OPT,N,21
118253,2026,Fall,2268,1,PHYSED,1,078,0.5,0.5,OPT,N,32
118253,2026,Fall,2268,1,PHYSED,1,079,0.5,0.5,OPT,N,29
118253,2026,Fall,2268,1,PHYSED,1,080,0.5,0.5,OPT,N,77
118253,2026,Fall,2268,1,PHYSED,1,081,0.5,0.5,OPT,N,164
118253,2026,Fall,2268,1,PHYSED,1,082,0.5,0.5,OPT,N,42
118253,2026,Fall,2268,1,PHYSED,1,083,0.5,0.5,OPT,N,47
118253,2026,Fall,2268,1,PHYSED,1,084,0.5,0.5,OPT,N,47
118253,2026,Fall,2268,1,PHYSED,1,085,0.5,0.5,OPT,N,14
118253,2026,Fall,2268,1,PHYSED,1,086,0.5,0.5,OPT,N,26
118253,2026,Fall,2268,1,PHYSED,1,087,0.5,0.5,OPT,N,24
118253,2026,Fall,2268,1,PHYSED,1,090,0.5,0.5,OPT,N,59
118253,2026,Fall,2268,1,PHYSED,1,092,0.5,0.5,OPT,N,44
118253,2026,Fall,2268,1,PHYSED,1,094,0.5,0.5,OPT,N,26
118261,2026,Fall,2268,1,PHYSED,11,001,0.5,0.5,PNP,N,0
118261,2026,Fall,2268,1,PHYSED,11,002,0.5,0.5,PNP,N,0
118261,2026,Fall,2268,1,PHYSED,11,003,0.5,0.5,PNP,N,0
118261,2026,Fall,2268,1,PHYSED,11,004,0.5,0.5,PNP,N,0
118261,2026,Fall,2268,1,PHYSED,11,005,0.5,0.5,PNP,N,0
118261,2026,Fall,2268,1,PHYSED,11,006,0.5,0.5,PNP,N,0
118261,2026,Fall,2268,1,PHYSED,11,007,0.5,0.5,PNP,N,0
118261,2026,Fall,2268,1,PHYSED,11,008,0.5,0.5,PNP,N,0
118261,2026,Fall,2268,1,PHYSED,11,009,0.5,0.5,PNP,N,0
118261,2026,Fall,2268,1,PHYSED,11,010,0.5,0.5,PNP,N,0
118261,2026,Fall,2268,1,PHYSED,11,011,0.5,0.5,PNP,N,0
118261,2026,Fall,2268,1,PHYSED,11,012,0.5,0.5,PNP,N,0
118261,2026,Fall,2268,1,PHYSED,11,013,0.5,0.5,PNP,N,0
118261,2026,Fall,2268,1,PHYSED,11,014,0.5,0.5,PNP,N,0
118261,2026,Fall,2268,1,PHYSED,11,015,0.5,0.5,PNP,N,0
118261,2026,Fall,2268,1,PHYSED,11,016,0.5,0.5,PNP,N,0
118261,2026,Fall,2268,1,PHYSED,11,017,0.5,0.5,PNP,N,0
118261,2026,Fall,2268,1,PHYSED,11,018,0.5,0.5,PNP,N,0
118261,2026,Fall,2268,1,PHYSED,11,019,0.5,0.5,PNP,N,0
118261,2026,Fall,2268,1,PHYSED,11,020,0.5,0.5,PNP,N,0
118261,2026,Fall,2268,1,PHYSED,11,021,0.5,0.5,PNP,N,0
118261,2026,Fall,2268,1,PHYSED,11,022,0.5,0.5,PNP,N,0
118261,2026,Fall,2268,1,PHYSED,11,023,0.5,0.5,PNP,N,0
118261,2026,Fall,2268,1,PHYSED,11,024,0.5,0.5,PNP,N,0
118261,2026,Fall,2268,1,PHYSED,11,025,0.5,0.5,PNP,N,0
118261,2026,Fall,2268,1,PHYSED,11,026,0.5,0.5,PNP,N,0
118268,2026,Fall,2268,1,PHYSED,12,001,0.5,0.5,PNP,N,0
118268,2026,Fall,2268,1,PHYSED,12,002,0.5,0.5,PNP,N,0
118268,2026,Fall,2268,1,PHYSED,12,003,0.5,0.5,PNP,N,0
118268,2026,Fall,2268,1,PHYSED,12,004,0.5,0.5,PNP,N,0
118268,2026,Fall,2268,1,PHYSED,12,005,0.5,0.5,PNP,N,0
118268,2026,Fall,2268,1,PHYSED,12,006,0.5,0.5,PNP,N,0
118268,2026,Fall,2268,1,PHYSED,12,007,0.5,0.5,PNP,N,0
118268,2026,Fall,2268,1,PHYSED,12,008,0.5,0.5,PNP,N,0
118268,2026,Fall,2268,1,PHYSED,12,009,0.5,0.5,PNP,N,0
118268,2026,Fall,2268,1,PHYSED,12,010,0.5,0.5,PNP,N,0
118268,2026,Fall,2268,1,PHYSED,12,011,0.5,0.5,PNP,N,0
118268,2026,Fall,2268,1,PHYSED,12,012,0.5,0.5,PNP,N,0
118268,2026,Fall,2268,1,PHYSED,12,013,0.5,0.5,PNP,N,0
118268,2026,Fall,2268,1,PHYSED,12,014,0.5,0.5,PNP,N,0
118268,2026,Fall,2268,1,PHYSED,12,015,0.5,0.5,PNP,N,0
118268,2026,Fall,2268,1,PHYSED,12,016,0.5,0.5,PNP,N,0
118268,2026,Fall,2268,1,PHYSED,12,017,0.5,0.5,PNP,N,0
118268,2026,Fall,2268,1,PHYSED,12,018,0.5,0.5,PNP,N,0
118268,2026,Fall,2268,1,PHYSED,12,019,0.5,0.5,PNP,N,0
118268,2026,Fall,2268,1,PHYSED,12,020,0.5,0.5,PNP,N,0
118268,2026,Fall,2268,1,PHYSED,12,021,0.5,0.5,PNP,N,0
118268,2026,Fall,2268,1,PHYSED,12,022,0.5,0.5,PNP,N,0
118268,2026,Fall,2268,1,PHYSED,12,023,0.5,0.5,PNP,N,0
118268,2026,Fall,2268,1,PHYSED,12,024,0.5,0.5,PNP,N,0
118268,2026,Fall,2268,1,PHYSED,12,025,0.5,0.5,PNP,N,0
118268,2026,Fall,2268,1,PHYSED,12,026,0.5,0.5,PNP,N,0
118268,2026,Fall,2268,1,PHYSED,12,027,0.5,0.5,PNP,N,0
118268,2026,Fall,2268,1,PHYSED,12,028,0.5,0.5,PNP,N,0
118268,2026,Fall,2268,1,PHYSED,12,029,0.5,0.5,PNP,N,0
118268,2026,Fall,2268,1,PHYSED,12,030,0.5,0.5,PNP,N,0
161438,2026,Fall,2268,1,PHYSED,121,001,3.0,3.0,OPT,Y,63
159955,2026,Fall,2268,1,PHYSED,177,001,3.0,3.0,OPT,Y,74
118279,2026,Fall,2268,1,PHYSED,197,001,1.0,3.0,PNP,N,26
118279,2026,Fall,2268,1,PHYSED,197,002,1.0,3.0,PNP,N,45
118282,2026,Fall,2268,1,PHYSED,2,001,0.5,0.5,OPT,N,32
118282,2026,Fall,2268,1,PHYSED,2,002,0.5,0.5,OPT,N,13
118282,2026,Fall,2268,1,PHYSED,2,003,0.5,0.5,OPT,N,10
118282,2026,Fall,2268,1,PHYSED,2,004,0.5,0.5,OPT,N,59
118282,2026,Fall,2268,1,PHYSED,2,005,0.5,0.5,OPT,N,15
118282,2026,Fall,2268,1,PHYSED,2,006,0.5,0.5,OPT,N,31
118282,2026,Fall,2268,1,PHYSED,2,007,0.5,0.5,OPT,N,18
118282,2026,Fall,2268,1,PHYSED,2,010,0.5,0.5,OPT,N,66
118282,2026,Fall,2268,1,PHYSED,2,017,0.5,0.5,OPT,N,23
118282,2026,Fall,2268,1,PHYSED,2,030,0.5,0.5,OPT,N,40
118282,2026,Fall,2268,1,PHYSED,2,036,0.5,0.5,OPT,N,33
118282,2026,Fall,2268,1,PHYSED,2,040,0.5,0.5,OPT,N,65
118282,2026,Fall,2268,1,PHYSED,2,043,0.5,0.5,OPT,N,31
118298,2026,Fall,2268,1,PHYSED,3,002,0.5,0.5,OPT,N,46
118298,2026,Fall,2268,1,PHYSED,3,017,0.5,0.5,OPT,N,26
118298,2026,Fall,2268,1,PHYSED,3,018,0.5,0.5,OPT,N,30
118298,2026,Fall,2268,1,PHYSED,3,020,0.5,0.5,OPT,N,33
118298,2026,Fall,2268,1,PHYSED,3,025,0.5,0.5,OPT,N,55
118298,2026,Fall,2268,1,PHYSED,3,030,0.5,0.5,OPT,N,12
118298,2026,Fall,2268,1,PHYSED,3,031,0.5,0.5,OPT,N,7
118298,2026,Fall,2268,1,PHYSED,3,037,0.5,0.5,OPT,N,12
118298,2026,Fall,2268,1,PHYSED,3,040,0.5,0.5,OPT,N,39
118302,2026,Fall,2268,1,PHYSED,32,001,3.0,3.0,OPT,Y,615
118305,2026,Fall,2268,1,PHYSED,4,001,0.5,0.5,OPT,N,49
118305,2026,Fall,2268,1,PHYSED,4,012,0.5,0.5,OPT,N,45
118305,2026,Fall,2268,1,PHYSED,4,013,0.5,0.5,OPT,N,96
118305,2026,Fall,2268,1,PHYSED,4,022,0.5,0.5,OPT,N,22
118310,2026,Fall,2268,1,PHYSED,5,001,0.5,0.5,OPT,N,57
118355,2026,Fall,2268,1,PHYSICS,10,001,3.0,3.0,OPT,Y,405
118357,2026,Fall,2268,1,PHYSICS,105,001,4.0,4.0,OPT,Y,292
118357,2026,Fall,2268,1,PHYSICS,105,002,4.0,4.0,OPT,Y,174
118359,2026,Fall,2268,1,PHYSICS,110A,001,4.0,4.0,OPT,Y,176
118359,2026,Fall,2268,1,PHYSICS,110A,002,4.0,4.0,OPT,Y,237
118362,2026,Fall,2268,1,PHYSICS,111A,001,4.0,4.0,OPT,A,215
118363,2026,Fall,2268,1,PHYSICS,111B,001,1.0,3.0,OPT,N,79
118364,2026,Fall,2268,1,PHYSICS,112,001,4.0,4.0,OPT,Y,237
118364,2026,Fall,2268,1,PHYSICS,112,002,4.0,4.0,OPT,Y,139
118367,2026,Fall,2268,1,PHYSICS,129,001,4.0,4.0,OPT,A,128
118373,2026,Fall,2268,1,PHYSICS,137A,001,4.0,4.0,OPT,Y,451
118373,2026,Fall,2268,1,PHYSICS,137A,002,4.0,4.0,OPT,Y,184
118374,2026,Fall,2268,1,PHYSICS,137B,001,4.0,4.0,OPT,Y,137
118374,2026,Fall,2268,1,PHYSICS,137B,002,4.0,4.0,OPT,Y,172
118377,2026,Fall,2268,1,PHYSICS,141A,001,4.0,4.0,OPT,Y,213
118381,2026,Fall,2268,1,PHYSICS,151,001,3.0,3.0,OPT,Y,41
158240,2026,Fall,2268,1,PHYSICS,153,001,1.0,1.0,PNP,N,131
118387,2026,Fall,2268,1,PHYSICS,198,001,1.0,4.0,PNP,N,39
118387,2026,Fall,2268,1,PHYSICS,198,002,1.0,4.0,PNP,N,25
118389,2026,Fall,2268,1,PHYSICS,199,001,1.0,3.0,PNP,N,0
118389,2026,Fall,2268,1,PHYSICS,199,002,1.0,3.0,PNP,N,0
118389,2026,Fall,2268,1,PHYSICS,199,003,1.0,3.0,PNP,N,0
118389,2026,Fall,2268,1,PHYSICS,199,004,1.0,3.0,PNP,N,0
118389,2026,Fall,2268,1,PHYSICS,199,005,1.0,3.0,PNP,N,0
118389,2026,Fall,2268,1,PHYSICS,199,006,1.0,3.0,PNP,N,0
118389,2026,Fall,2268,1,PHYSICS,199,007,1.0,3.0,PNP,N,0
118389,2026,Fall,2268,1,PHYSICS,199,008,1.0,3.0,PNP,N,0
118389,2026,Fall,2268,1,PHYSICS,199,009,1.0,3.0,PNP,N,0
118389,2026,Fall,2268,1,PHYSICS,199,010,1.0,3.0,PNP,N,0
118389,2026,Fall,2268,1,PHYSICS,199,011,1.0,3.0,PNP,N,0
118389,2026,Fall,2268,1,PHYSICS,199,012,1.0,3.0,PNP,N,0
118389,2026,Fall,2268,1,PHYSICS,199,013,1.0,3.0,PNP,N,0
118389,2026,Fall,2268,1,PHYSICS,199,014,1.0,3.0,PNP,N,0
118389,2026,Fall,2268,1,PHYSICS,199,015,1.0,3.0,PNP,N,0
118389,2026,Fall,2268,1,PHYSICS,199,016,1.0,3.0,PNP,N,0
118389,2026,Fall,2268,1,PHYSICS,199,017,1.0,3.0,PNP,N,0
118389,2026,Fall,2268,1,PHYSICS,199,018,1.0,3.0,PNP,N,0
118389,2026,Fall,2268,1,PHYSICS,199,019,1.0,3.0,PNP,N,0
118389,2026,Fall,2268,1,PHYSICS,199,020,1.0,3.0,PNP,N,0
118389,2026,Fall,2268,1,PHYSICS,199,021,1.0,3.0,PNP,N,0
118389,2026,Fall,2268,1,PHYSICS,199,022,1.0,3.0,PNP,N,0
118389,2026,Fall,2268,1,PHYSICS,199,023,1.0,3.0,PNP,N,0
118389,2026,Fall,2268,1,PHYSICS,199,024,1.0,3.0,PNP,N,0
118389,2026,Fall,2268,1,PHYSICS,199,025,1.0,3.0,PNP,N,0
118389,2026,Fall,2268,1,PHYSICS,199,026,1.0,3.0,PNP,N,0
118389,2026,Fall,2268,1,PHYSICS,199,027,1.0,3.0,PNP,N,0
118389,2026,Fall,2268,1,PHYSICS,199,028,1.0,3.0,PNP,N,0
118389,2026,Fall,2268,1,PHYSICS,199,029,1.0,3.0,PNP,N,0
118389,2026,Fall,2268,1,PHYSICS,199,030,1.0,3.0,PNP,N,0
118389,2026,Fall,2268,1,PHYSICS,199,031,1.0,3.0,PNP,N,0
118389,2026,Fall,2268,1,PHYSICS,199,032,1.0,3.0,PNP,N,0
118389,2026,Fall,2268,1,PHYSICS,199,033,1.0,3.0,PNP,N,0
118389,2026,Fall,2268,1,PHYSICS,199,034,1.0,3.0,PNP,N,0
118389,2026,Fall,2268,1,PHYSICS,199,035,1.0,3.0,PNP,N,0
118394,2026,Fall,2268,1,PHYSICS,209,001,5.0,5.0,OPT,N,34
118399,2026,Fall,2268,1,PHYSICS,212,001,4.0,4.0,OPT,N,42
118401,2026,Fall,2268,1,PHYSICS,221A,001,5.0,5.0,OPT,Y,71
118416,2026,Fall,2268,1,PHYSICS,232A,001,4.0,4.0,OPT,N,52
118420,2026,Fall,2268,1,PHYSICS,234A,001,4.0,4.0,OPT,N,51
118423,2026,Fall,2268,1,PHYSICS,24,001,1.0,1.0,OPT,Y,111
118423,2026,Fall,2268,1,PHYSICS,24,002,1.0,1.0,OPT,Y,107
118424,2026,Fall,2268,1,PHYSICS,240A,001,4.0,4.0,OPT,N,24
118430,2026,Fall,2268,1,PHYSICS,251,001,1.0,1.0,SUS,N,6
118435,2026,Fall,2268,1,PHYSICS,290A,003,2.0,2.0,SUS,N,0
118436,2026,Fall,2268,1,PHYSICS,290B,001,2.0,2.0,SUS,N,9
118436,2026,Fall,2268,1,PHYSICS,290B,002,2.0,2.0,SUS,N,0
118438,2026,Fall,2268,1,PHYSICS,290D,001,2.0,2.0,SUS,N,0
118439,2026,Fall,2268,1,PHYSICS,290E,001,2.0,2.0,SUS,N,7
118440,2026,Fall,2268,1,PHYSICS,290F,001,2.0,2.0,SUS,N,3
118440,2026,Fall,2268,1,PHYSICS,290F,002,2.0,2.0,SUS,N,0
118441,2026,Fall,2268,1,PHYSICS,290G,001,2.0,2.0,SUS,N,0
118442,2026,Fall,2268,1,PHYSICS,290H,001,2.0,2.0,SUS,N,0
118443,2026,Fall,2268,1,PHYSICS,290I,001,2.0,2.0,SUS,N,0
118444,2026,Fall,2268,1,PHYSICS,290J,001,2.0,2.0,SUS,N,0
118445,2026,Fall,2268,1,PHYSICS,290K,001,2.0,2.0,SUS,N,0
118445,2026,Fall,2268,1,PHYSICS,290K,002,2.0,2.0,SUS,N,0
118446,2026,Fall,2268,1,PHYSICS,290L,001,2.0,2.0,SUS,N,0
118447,2026,Fall,2268,1,PHYSICS,290N,001,2.0,2.0,SUS,N,0
118448,2026,Fall,2268,1,PHYSICS,290P,001,2.0,2.0,SUS,N,2
118448,2026,Fall,2268,1,PHYSICS,290P,002,2.0,2.0,SUS,N,3
118449,2026,Fall,2268,1,PHYSICS,290Q,001,2.0,2.0,SUS,N,0
118450,2026,Fall,2268,1,PHYSICS,290R,001,2.0,2.0,SUS,N,0
118451,2026,Fall,2268,1,PHYSICS,290S,001,2.0,2.0,SUS,N,0
118451,2026,Fall,2268,1,PHYSICS,290S,003,2.0,2.0,SUS,N,0
118451,2026,Fall,2268,1,PHYSICS,290S,004,2.0,2.0,SUS,N,0
118451,2026,Fall,2268,1,PHYSICS,290S,005,2.0,2.0,SUS,N,0
118451,2026,Fall,2268,1,PHYSICS,290S,006,2.0,2.0,SUS,N,0
118451,2026,Fall,2268,1,PHYSICS,290S,007,2.0,2.0,SUS,N,3
118451,2026,Fall,2268,1,PHYSICS,290S,008,2.0,2.0,SUS,N,0
118451,2026,Fall,2268,1,PHYSICS,290S,009,2.0,2.0,SUS,N,0
118451,2026,Fall,2268,1,PHYSICS,290S,010,2.0,2.0,SUS,N,0
118451,2026,Fall,2268,1,PHYSICS,290S,011,2.0,2.0,SUS,N,0
118451,2026,Fall,2268,1,PHYSICS,290S,012,2.0,2.0,SUS,N,0
118451,2026,Fall,2268,1,PHYSICS,290S,013,2.0,2.0,SUS,N,0
118451,2026,Fall,2268,1,PHYSICS,290S,014,2.0,2.0,SUS,N,0
118451,2026,Fall,2268,1,PHYSICS,290S,015,2.0,2.0,SUS,N,0
118452,2026,Fall,2268,1,PHYSICS,290T,001,2.0,2.0,SUS,N,0
118452,2026,Fall,2268,1,PHYSICS,290T,002,2.0,2.0,SUS,N,0
118452,2026,Fall,2268,1,PHYSICS,290T,003,2.0,2.0,SUS,N,0
118452,2026,Fall,2268,1,PHYSICS,290T,004,2.0,2.0,SUS,N,0
118453,2026,Fall,2268,1,PHYSICS,290X,001,2.0,2.0,SUS,N,0
118453,2026,Fall,2268,1,PHYSICS,290X,002,2.0,2.0,SUS,N,0
118453,2026,Fall,2268,1,PHYSICS,290X,003,2.0,2.0,SUS,N,0
118454,2026,Fall,2268,1,PHYSICS,290Y,001,2.0,2.0,SUS,N,0
118455,2026,Fall,2268,1,PHYSICS,290Z,001,2.0,2.0,SUS,N,4
118455,2026,Fall,2268,1,PHYSICS,290Z,002,2.0,2.0,SUS,N,2
118455,2026,Fall,2268,1,PHYSICS,290Z,003,2.0,2.0,SUS,N,2
118456,2026,Fall,2268,1,PHYSICS,295,001,1.0,4.0,SUS,N,0
118456,2026,Fall,2268,1,PHYSICS,295,002,1.0,4.0,SUS,N,0
118456,2026,Fall,2268,1,PHYSICS,295,003,1.0,4.0,SUS,N,0
118456,2026,Fall,2268,1,PHYSICS,295,004,1.0,4.0,SUS,N,0
118456,2026,Fall,2268,1,PHYSICS,295,005,1.0,4.0,SUS,N,0
118456,2026,Fall,2268,1,PHYSICS,295,006,1.0,4.0,SUS,N,0
118456,2026,Fall,2268,1,PHYSICS,295,007,1.0,4.0,SUS,N,0
118456,2026,Fall,2268,1,PHYSICS,295,008,1.0,4.0,SUS,N,0
118456,2026,Fall,2268,1,PHYSICS,295,009,1.0,4.0,SUS,N,0
118456,2026,Fall,2268,1,PHYSICS,295,010,1.0,4.0,SUS,N,0
118456,2026,Fall,2268,1,PHYSICS,295,011,1.0,4.0,SUS,N,0
118456,2026,Fall,2268,1,PHYSICS,295,012,1.0,4.0,SUS,N,0
118456,2026,Fall,2268,1,PHYSICS,295,013,1.0,4.0,SUS,N,0
118456,2026,Fall,2268,1,PHYSICS,295,014,1.0,4.0,SUS,N,0
118456,2026,Fall,2268,1,PHYSICS,295,015,1.0,4.0,SUS,N,0
118456,2026,Fall,2268,1,PHYSICS,295,016,1.0,4.0,SUS,N,0
118456,2026,Fall,2268,1,PHYSICS,295,017,1.0,4.0,SUS,N,0
118456,2026,Fall,2268,1,PHYSICS,295,018,1.0,4.0,SUS,N,0
118456,2026,Fall,2268,1,PHYSICS,295,019,1.0,4.0,SUS,N,0
118456,2026,Fall,2268,1,PHYSICS,295,020,1.0,4.0,SUS,N,0
118456,2026,Fall,2268,1,PHYSICS,295,021,1.0,4.0,SUS,N,0
118456,2026,Fall,2268,1,PHYSICS,295,022,1.0,4.0,SUS,N,0
118456,2026,Fall,2268,1,PHYSICS,295,023,1.0,4.0,SUS,N,0
118457,2026,Fall,2268,1,PHYSICS,299,001,1.0,12.0,SUS,N,1
118457,2026,Fall,2268,1,PHYSICS,299,002,1.0,12.0,SUS,N,2
118457,2026,Fall,2268,1,PHYSICS,299,003,1.0,12.0,SUS,N,1
118457,2026,Fall,2268,1,PHYSICS,299,004,1.0,12.0,SUS,N,1
118457,2026,Fall,2268,1,PHYSICS,299,005,1.0,12.0,SUS,N,0
118457,2026,Fall,2268,1,PHYSICS,299,006,1.0,12.0,SUS,N,1
118457,2026,Fall,2268,1,PHYSICS,299,007,1.0,12.0,SUS,N,2
118457,2026,Fall,2268,1,PHYSICS,299,008,1.0,12.0,SUS,N,0
118457,2026,Fall,2268,1,PHYSICS,299,009,1.0,12.0,SUS,N,2
118457,2026,Fall,2268,1,PHYSICS,299,010,1.0,12.0,SUS,N,1
118457,2026,Fall,2268,1,PHYSICS,299,011,1.0,12.0,SUS,N,1
118457,2026,Fall,2268,1,PHYSICS,299,012,1.0,12.0,SUS,N,0
118457,2026,Fall,2268,1,PHYSICS,299,013,1.0,12.0,SUS,N,0
118457,2026,Fall,2268,1,PHYSICS,299,014,1.0,12.0,SUS,N,0
118457,2026,Fall,2268,1,PHYSICS,299,015,1.0,12.0,SUS,N,0
118457,2026,Fall,2268,1,PHYSICS,299,016,1.0,12.0,SUS,N,0
118457,2026,Fall,2268,1,PHYSICS,299,017,1.0,12.0,SUS,N,0
118457,2026,Fall,2268,1,PHYSICS,299,018,1.0,12.0,SUS,N,0
118457,2026,Fall,2268,1,PHYSICS,299,019,1.0,12.0,SUS,N,0
118457,2026,Fall,2268,1,PHYSICS,299,020,1.0,12.0,SUS,N,0
118457,2026,Fall,2268,1,PHYSICS,299,021,1.0,12.0,SUS,N,0
118457,2026,Fall,2268,1,PHYSICS,299,022,1.0,12.0,SUS,N,0
118457,2026,Fall,2268,1,PHYSICS,299,023,1.0,12.0,SUS,N,0
118457,2026,Fall,2268,1,PHYSICS,299,024,1.0,12.0,SUS,N,0
118457,2026,Fall,2268,1,PHYSICS,299,025,1.0,12.0,SUS,N,0
118457,2026,Fall,2268,1,PHYSICS,299,026,1.0,12.0,SUS,N,0
118457,2026,Fall,2268,1,PHYSICS,299,027,1.0,12.0,SUS,N,0
118457,2026,Fall,2268,1,PHYSICS,299,028,1.0,12.0,SUS,N,0
118457,2026,Fall,2268,1,PHYSICS,299,029,1.0,12.0,SUS,N,0
118457,2026,Fall,2268,1,PHYSICS,299,030,1.0,12.0,SUS,N,1
118457,2026,Fall,2268,1,PHYSICS,299,031,1.0,12.0,SUS,N,0
118457,2026,Fall,2268,1,PHYSICS,299,032,1.0,12.0,SUS,N,0
118457,2026,Fall,2268,1,PHYSICS,299,033,1.0,12.0,SUS,N,0
118457,2026,Fall,2268,1,PHYSICS,299,034,1.0,12.0,SUS,N,0
118457,2026,Fall,2268,1,PHYSICS,299,035,1.0,12.0,SUS,N,1
118457,2026,Fall,2268,1,PHYSICS,299,036,1.0,12.0,SUS,N,0
118457,2026,Fall,2268,1,PHYSICS,299,037,1.0,12.0,SUS,N,0
118457,2026,Fall,2268,1,PHYSICS,299,038,1.0,12.0,SUS,N,0
118457,2026,Fall,2268,1,PHYSICS,299,039,1.0,12.0,SUS,N,0
118457,2026,Fall,2268,1,PHYSICS,299,040,1.0,12.0,SUS,N,0
118457,2026,Fall,2268,1,PHYSICS,299,041,1.0,12.0,SUS,N,0
118457,2026,Fall,2268,1,PHYSICS,299,042,1.0,12.0,SUS,N,0
118457,2026,Fall,2268,1,PHYSICS,299,043,1.0,12.0,SUS,N,0
118457,2026,Fall,2268,1,PHYSICS,299,044,1.0,12.0,SUS,N,1
118457,2026,Fall,2268,1,PHYSICS,299,045,1.0,12.0,SUS,N,0
118457,2026,Fall,2268,1,PHYSICS,299,046,1.0,12.0,SUS,N,1
118457,2026,Fall,2268,1,PHYSICS,299,047,1.0,12.0,SUS,N,0
118457,2026,Fall,2268,1,PHYSICS,299,048,1.0,12.0,SUS,N,0
118457,2026,Fall,2268,1,PHYSICS,299,049,1.0,12.0,SUS,N,0
118457,2026,Fall,2268,1,PHYSICS,299,050,1.0,12.0,SUS,N,0
118457,2026,Fall,2268,1,PHYSICS,299,051,1.0,12.0,SUS,N,0
118457,2026,Fall,2268,1,PHYSICS,299,052,1.0,12.0,SUS,N,0
118457,2026,Fall,2268,1,PHYSICS,299,053,1.0,12.0,SUS,N,0
118457,2026,Fall,2268,1,PHYSICS,299,054,1.0,12.0,SUS,N,0
118457,2026,Fall,2268,1,PHYSICS,299,055,1.0,12.0,SUS,N,0
118457,2026,Fall,2268,1,PHYSICS,299,056,1.0,12.0,SUS,N,0
118457,2026,Fall,2268,1,PHYSICS,299,057,1.0,12.0,SUS,N,0
118457,2026,Fall,2268,1,PHYSICS,299,058,1.0,12.0,SUS,N,0
118457,2026,Fall,2268,1,PHYSICS,299,059,1.0,12.0,SUS,N,0
118457,2026,Fall,2268,1,PHYSICS,299,060,1.0,12.0,SUS,N,0
118457,2026,Fall,2268,1,PHYSICS,299,061,1.0,12.0,SUS,N,0
118457,2026,Fall,2268,1,PHYSICS,299,062,1.0,12.0,SUS,N,0
118457,2026,Fall,2268,1,PHYSICS,299,063,1.0,12.0,SUS,N,0
118457,2026,Fall,2268,1,PHYSICS,299,064,1.0,12.0,SUS,N,0
118457,2026,Fall,2268,1,PHYSICS,299,065,1.0,12.0,SUS,N,0
118457,2026,Fall,2268,1,PHYSICS,299,066,1.0,12.0,SUS,N,0
118457,2026,Fall,2268,1,PHYSICS,299,067,1.0,12.0,SUS,N,0
118457,2026,Fall,2268,1,PHYSICS,299,068,1.0,12.0,SUS,N,1
118457,2026,Fall,2268,1,PHYSICS,299,069,1.0,12.0,SUS,N,0
118457,2026,Fall,2268,1,PHYSICS,299,070,1.0,12.0,SUS,N,1
118457,2026,Fall,2268,1,PHYSICS,299,071,1.0,12.0,SUS,N,1
118457,2026,Fall,2268,1,PHYSICS,299,072,1.0,12.0,SUS,N,1
118457,2026,Fall,2268,1,PHYSICS,299,073,1.0,12.0,SUS,N,1
118457,2026,Fall,2268,1,PHYSICS,299,074,1.0,12.0,SUS,N,2
118457,2026,Fall,2268,1,PHYSICS,299,075,1.0,12.0,SUS,N,0
118457,2026,Fall,2268,1,PHYSICS,299,076,1.0,12.0,SUS,N,0
118457,2026,Fall,2268,1,PHYSICS,299,077,1.0,12.0,SUS,N,0
118457,2026,Fall,2268,1,PHYSICS,299,078,1.0,12.0,SUS,N,0
118457,2026,Fall,2268,1,PHYSICS,299,079,1.0,12.0,SUS,N,0
118457,2026,Fall,2268,1,PHYSICS,299,080,1.0,12.0,SUS,N,0
118457,2026,Fall,2268,1,PHYSICS,299,081,1.0,12.0,SUS,N,0
118457,2026,Fall,2268,1,PHYSICS,299,082,1.0,12.0,SUS,N,0
118459,2026,Fall,2268,1,PHYSICS,301,001,1.0,2.0,SUS,N,4
118489,2026,Fall,2268,1,PHYSICS,49,001,1.0,3.0,OPT,N,0
118489,2026,Fall,2268,1,PHYSICS,49,002,1.0,3.0,OPT,N,0
118489,2026,Fall,2268,1,PHYSICS,49,003,1.0,3.0,OPT,N,0
118489,2026,Fall,2268,1,PHYSICS,49,004,1.0,3.0,OPT,N,0
118489,2026,Fall,2268,1,PHYSICS,49,005,1.0,3.0,OPT,N,0
118489,2026,Fall,2268,1,PHYSICS,49,006,1.0,3.0,OPT,N,0
118489,2026,Fall,2268,1,PHYSICS,49,007,1.0,3.0,OPT,N,0
118489,2026,Fall,2268,1,PHYSICS,49,008,1.0,3.0,OPT,N,0
118489,2026,Fall,2268,1,PHYSICS,49,009,1.0,3.0,OPT,N,0
118489,2026,Fall,2268,1,PHYSICS,49,010,1.0,3.0,OPT,N,0
118489,2026,Fall,2268,1,PHYSICS,49,011,1.0,3.0,OPT,N,0
118489,2026,Fall,2268,1,PHYSICS,49,012,1.0,3.0,OPT,N,0
118489,2026,Fall,2268,1,PHYSICS,49,013,1.0,3.0,OPT,N,0
118489,2026,Fall,2268,1,PHYSICS,49,014,1.0,3.0,OPT,N,0
118489,2026,Fall,2268,1,PHYSICS,49,015,1.0,3.0,OPT,N,0
118489,2026,Fall,2268,1,PHYSICS,49,016,1.0,3.0,OPT,N,0
118489,2026,Fall,2268,1,PHYSICS,49,017,1.0,3.0,OPT,N,0
125429,2026,Fall,2268,1,PHYSICS,5A,001,3.0,3.0,OPT,Y,850
125430,2026,Fall,2268,1,PHYSICS,5B,001,3.0,3.0,OPT,Y,273
125431,2026,Fall,2268,1,PHYSICS,5BL,101,2.0,2.0,OPT,A,110
125431,2026,Fall,2268,1,PHYSICS,5BL,102,2.0,2.0,OPT,A,82
125431,2026,Fall,2268,1,PHYSICS,5BL,103,2.0,2.0,OPT,A,62
125432,2026,Fall,2268,1,PHYSICS,5C,001,3.0,3.0,OPT,Y,147
125433,2026,Fall,2268,1,PHYSICS,5CL,101,2.0,2.0,OPT,A,73
125433,2026,Fall,2268,1,PHYSICS,5CL,102,2.0,2.0,OPT,A,45
125433,2026,Fall,2268,1,PHYSICS,5CL,103,2.0,2.0,OPT,A,46
125433,2026,Fall,2268,1,PHYSICS,5CL,104,2.0,2.0,OPT,A,20
118490,2026,Fall,2268,1,PHYSICS,602,001,1.0,8.0,SUS,N,0
118490,2026,Fall,2268,1,PHYSICS,602,002,1.0,8.0,SUS,N,0
118490,2026,Fall,2268,1,PHYSICS,602,003,1.0,8.0,SUS,N,0
118490,2026,Fall,2268,1,PHYSICS,602,004,1.0,8.0,SUS,N,0
118490,2026,Fall,2268,1,PHYSICS,602,005,1.0,8.0,SUS,N,0
118490,2026,Fall,2268,1,PHYSICS,602,006,1.0,8.0,SUS,N,0
118490,2026,Fall,2268,1,PHYSICS,602,007,1.0,8.0,SUS,N,0
118490,2026,Fall,2268,1,PHYSICS,602,008,1.0,8.0,SUS,N,0
118490,2026,Fall,2268,1,PHYSICS,602,009,1.0,8.0,SUS,N,0
118490,2026,Fall,2268,1,PHYSICS,602,010,1.0,8.0,SUS,N,0
125434,2026,Fall,2268,1,PHYSICS,700,001,0.0,0.0,OPT,N,0
118494,2026,Fall,2268,1,PHYSICS,77,001,3.0,3.0,OPT,A,251
118491,2026,Fall,2268,1,PHYSICS,7A,001,4.0,4.0,OPT,Y,1545
118491,2026,Fall,2268,1,PHYSICS,7A,002,4.0,4.0,OPT,Y,823
118492,2026,Fall,2268,1,PHYSICS,7B,001,4.0,4.0,OPT,Y,873
118492,2026,Fall,2268,1,PHYSICS,7B,002,4.0,4.0,OPT,Y,587
118493,2026,Fall,2268,1,PHYSICS,7C,001,4.0,4.0,OPT,Y,203
156204,2026,Fall,2268,1,PHYSICS,88,001,2.0,2.0,OPT,A,122
118499,2026,Fall,2268,1,PHYSICS,89,001,4.0,4.0,OPT,Y,385
118495,2026,Fall,2268,1,PHYSICS,8A,001,4.0,4.0,OPT,Y,1104
118495,2026,Fall,2268,1,PHYSICS,8A,002,4.0,4.0,OPT,Y,465
118497,2026,Fall,2268,1,PHYSICS,8B,001,4.0,4.0,OPT,Y,481
118497,2026,Fall,2268,1,PHYSICS,8B,002,4.0,4.0,OPT,Y,238
118500,2026,Fall,2268,1,PHYSICS,98,001,1.0,4.0,PNP,N,65
118500,2026,Fall,2268,1,PHYSICS,98,002,1.0,4.0,PNP,N,49
118502,2026,Fall,2268,1,PHYSICS,99,001,1.0,3.0,PNP,N,0
118502,2026,Fall,2268,1,PHYSICS,99,002,1.0,3.0,PNP,N,0
118502,2026,Fall,2268,1,PHYSICS,99,003,1.0,3.0,PNP,N,0
118502,2026,Fall,2268,1,PHYSICS,99,004,1.0,3.0,PNP,N,0
118502,2026,Fall,2268,1,PHYSICS,99,005,1.0,3.0,PNP,N,0
118502,2026,Fall,2268,1,PHYSICS,99,006,1.0,3.0,PNP,N,0
118502,2026,Fall,2268,1,PHYSICS,99,007,1.0,3.0,PNP,N,0
124031,2026,Fall,2268,1,PHYSICS,C161,001,4.0,4.0,OPT,Y,0
166746,2026,Fall,2268,1,PHYSICS,C191A,001,4.0,4.0,OPT,A,185
124271,2026,Fall,2268,1,PHYSICS,C202,001,4.0,4.0,OPT,N,22
158114,2026,Fall,2268,1,PHYSICS,C218,01,3.0,3.0,OPT,Y,24
124009,2026,Fall,2268,1,PHYSICS,C228,001,3.0,3.0,OPT,N,82
124268,2026,Fall,2268,1,PHYSICS,C285,001,1.0,1.0,SUS,N,10
124018,2026,Fall,2268,1,PHYSICS,C290C,001,2.0,2.0,SUS,N,12
118505,2026,Fall,2268,1,PHYSICS,H195A,001,2.0,2.0,BMT,N,0
118505,2026,Fall,2268,1,PHYSICS,H195A,002,2.0,2.0,BMT,N,0
118505,2026,Fall,2268,1,PHYSICS,H195A,003,2.0,2.0,BMT,N,0
118505,2026,Fall,2268,1,PHYSICS,H195A,004,2.0,2.0,BMT,N,0
118505,2026,Fall,2268,1,PHYSICS,H195A,005,2.0,2.0,BMT,N,0
118505,2026,Fall,2268,1,PHYSICS,H195A,006,2.0,2.0,BMT,N,0
118505,2026,Fall,2268,1,PHYSICS,H195A,007,2.0,2.0,BMT,N,0
118505,2026,Fall,2268,1,PHYSICS,H195A,008,2.0,2.0,BMT,N,0
118505,2026,Fall,2268,1,PHYSICS,H195A,009,2.0,2.0,BMT,N,0
118505,2026,Fall,2268,1,PHYSICS,H195A,010,2.0,2.0,BMT,N,0
118505,2026,Fall,2268,1,PHYSICS,H195A,011,2.0,2.0,BMT,N,0
118505,2026,Fall,2268,1,PHYSICS,H195A,012,2.0,2.0,BMT,N,0
118505,2026,Fall,2268,1,PHYSICS,H195A,013,2.0,2.0,BMT,N,0
118505,2026,Fall,2268,1,PHYSICS,H195A,014,2.0,2.0,BMT,N,0
118505,2026,Fall,2268,1,PHYSICS,H195A,015,2.0,2.0,BMT,N,0
118505,2026,Fall,2268,1,PHYSICS,H195A,016,2.0,2.0,BMT,N,0
118505,2026,Fall,2268,1,PHYSICS,H195A,017,2.0,2.0,BMT,N,0
118505,2026,Fall,2268,1,PHYSICS,H195A,018,2.0,2.0,BMT,N,0
118505,2026,Fall,2268,1,PHYSICS,H195A,019,2.0,2.0,BMT,N,0
118505,2026,Fall,2268,1,PHYSICS,H195A,020,2.0,2.0,BMT,N,0
118505,2026,Fall,2268,1,PHYSICS,H195A,021,2.0,2.0,BMT,N,0
118505,2026,Fall,2268,1,PHYSICS,H195A,022,2.0,2.0,BMT,N,0
118505,2026,Fall,2268,1,PHYSICS,H195A,023,2.0,2.0,BMT,N,0
118505,2026,Fall,2268,1,PHYSICS,H195A,024,2.0,2.0,BMT,N,35
118506,2026,Fall,2268,1,PHYSICS,H195B,001,2.0,2.0,OPT,N,0
118506,2026,Fall,2268,1,PHYSICS,H195B,002,2.0,2.0,OPT,N,0
118506,2026,Fall,2268,1,PHYSICS,H195B,003,2.0,2.0,OPT,N,0
118506,2026,Fall,2268,1,PHYSICS,H195B,004,2.0,2.0,OPT,N,0
118506,2026,Fall,2268,1,PHYSICS,H195B,005,2.0,2.0,OPT,N,0
118506,2026,Fall,2268,1,PHYSICS,H195B,006,2.0,2.0,OPT,N,0
118506,2026,Fall,2268,1,PHYSICS,H195B,007,2.0,2.0,OPT,N,0
118506,2026,Fall,2268,1,PHYSICS,H195B,008,2.0,2.0,OPT,N,0
118506,2026,Fall,2268,1,PHYSICS,H195B,009,2.0,2.0,OPT,N,0
118506,2026,Fall,2268,1,PHYSICS,H195B,010,2.0,2.0,OPT,N,0
118608,2026,Fall,2268,1,PLANTBI,11,002,3.0,3.0,OPT,Y,0
118618,2026,Fall,2268,1,PLANTBI,135,001,3.0,3.0,OPT,Y,233
118627,2026,Fall,2268,1,PLANTBI,170,001,2.0,2.0,OPT,Y,75
118630,2026,Fall,2268,1,PLANTBI,190,001,1.0,4.0,OPT,Y,0
118630,2026,Fall,2268,1,PLANTBI,190,002,1.0,4.0,OPT,Y,0
118630,2026,Fall,2268,1,PLANTBI,190,003,1.0,4.0,OPT,Y,0
118630,2026,Fall,2268,1,PLANTBI,190,004,1.0,4.0,OPT,Y,0
118631,2026,Fall,2268,1,PLANTBI,198,002,1.0,1.0,PNP,N,5
118632,2026,Fall,2268,1,PLANTBI,199,001,1.0,4.0,PNP,N,0
118632,2026,Fall,2268,1,PLANTBI,199,002,1.0,4.0,PNP,N,0
118632,2026,Fall,2268,1,PLANTBI,199,003,1.0,4.0,PNP,N,0
118632,2026,Fall,2268,1,PLANTBI,199,026,1.0,4.0,PNP,N,0
118632,2026,Fall,2268,1,PLANTBI,199,027,1.0,4.0,PNP,N,0
118632,2026,Fall,2268,1,PLANTBI,199,030,1.0,4.0,PNP,N,0
118632,2026,Fall,2268,1,PLANTBI,199,111,1.0,4.0,PNP,N,0
118632,2026,Fall,2268,1,PLANTBI,199,20,1.0,4.0,PNP,N,0
118632,2026,Fall,2268,1,PLANTBI,199,21,1.0,4.0,PNP,N,0
118632,2026,Fall,2268,1,PLANTBI,199,24,1.0,4.0,PNP,N,0
118632,2026,Fall,2268,1,PLANTBI,199,25,1.0,4.0,PNP,N,0
118632,2026,Fall,2268,1,PLANTBI,199,26,1.0,4.0,PNP,N,0
118632,2026,Fall,2268,1,PLANTBI,199,28,1.0,4.0,PNP,N,0
118632,2026,Fall,2268,1,PLANTBI,199,31,1.0,4.0,PNP,N,0
118632,2026,Fall,2268,1,PLANTBI,199,4,1.0,4.0,PNP,N,0
118632,2026,Fall,2268,1,PLANTBI,199,50,1.0,4.0,PNP,N,0
118632,2026,Fall,2268,1,PLANTBI,199,51,1.0,4.0,PNP,N,0
118632,2026,Fall,2268,1,PLANTBI,199,52,1.0,4.0,PNP,N,0
118632,2026,Fall,2268,1,PLANTBI,199,53,1.0,4.0,PNP,N,0
118632,2026,Fall,2268,1,PLANTBI,199,54,1.0,4.0,PNP,N,0
118632,2026,Fall,2268,1,PLANTBI,199,55,1.0,4.0,PNP,N,0
118632,2026,Fall,2268,1,PLANTBI,199,56,1.0,4.0,PNP,N,0
118632,2026,Fall,2268,1,PLANTBI,199,57,1.0,4.0,PNP,N,0
118632,2026,Fall,2268,1,PLANTBI,199,58,1.0,4.0,PNP,N,0
118632,2026,Fall,2268,1,PLANTBI,199,59,1.0,4.0,PNP,N,0
118632,2026,Fall,2268,1,PLANTBI,199,60,1.0,4.0,PNP,N,0
118632,2026,Fall,2268,1,PLANTBI,199,61,1.0,4.0,PNP,N,0
118632,2026,Fall,2268,1,PLANTBI,199,62,1.0,4.0,PNP,N,0
164118,2026,Fall,2268,1,PLANTBI,199S,001,1.0,4.0,PNP,A,0
164118,2026,Fall,2268,1,PLANTBI,199S,002,1.0,4.0,PNP,A,0
164118,2026,Fall,2268,1,PLANTBI,199S,003,1.0,4.0,PNP,A,0
164118,2026,Fall,2268,1,PLANTBI,199S,004,1.0,4.0,PNP,A,0
164118,2026,Fall,2268,1,PLANTBI,199S,005,1.0,4.0,PNP,A,0
164118,2026,Fall,2268,1,PLANTBI,199S,006,1.0,4.0,PNP,A,0
164118,2026,Fall,2268,1,PLANTBI,199S,007,1.0,4.0,PNP,A,0
164118,2026,Fall,2268,1,PLANTBI,199S,008,1.0,4.0,PNP,A,0
164118,2026,Fall,2268,1,PLANTBI,199S,009,1.0,4.0,PNP,A,0
164118,2026,Fall,2268,1,PLANTBI,199S,010,1.0,4.0,PNP,A,0
164118,2026,Fall,2268,1,PLANTBI,199S,011,1.0,4.0,PNP,A,0
118633,2026,Fall,2268,1,PLANTBI,20,001,1.0,1.0,PNP,A,0
118634,2026,Fall,2268,1,PLANTBI,200A,001,1.5,1.5,OPT,Y,11
118635,2026,Fall,2268,1,PLANTBI,200B,001,1.5,1.5,OPT,N,19
118636,2026,Fall,2268,1,PLANTBI,200C,001,1.5,1.5,OPT,N,11
118637,2026,Fall,2268,1,PLANTBI,200D,001,1.5,1.5,OPT,N,0
118638,2026,Fall,2268,1,PLANTBI,200E,001,1.5,1.5,OPT,N,0
118640,2026,Fall,2268,1,PLANTBI,201,001,2.0,2.0,SUS,N,5
118641,2026,Fall,2268,1,PLANTBI,202,001,2.0,2.0,SUS,N,4
125756,2026,Fall,2268,1,PLANTBI,205A,001,2.0,12.0,BMT,N,7
118643,2026,Fall,2268,1,PLANTBI,210,001,1.0,1.0,OPT,N,0
118643,2026,Fall,2268,1,PLANTBI,210,002,1.0,1.0,OPT,N,0
118647,2026,Fall,2268,1,PLANTBI,220A,001,1.5,1.5,OPT,N,14
118648,2026,Fall,2268,1,PLANTBI,220B,001,1.5,1.5,OPT,N,19
118649,2026,Fall,2268,1,PLANTBI,220C,001,1.5,1.5,OPT,N,0
118650,2026,Fall,2268,1,PLANTBI,220D,001,1.5,1.5,OPT,N,0
118651,2026,Fall,2268,1,PLANTBI,220E,001,1.5,1.5,OPT,N,18
118656,2026,Fall,2268,1,PLANTBI,290,001,1.0,2.0,OPT,N,22
118656,2026,Fall,2268,1,PLANTBI,290,002,1.0,2.0,OPT,N,26
118656,2026,Fall,2268,1,PLANTBI,290,003,1.0,2.0,OPT,N,0
118656,2026,Fall,2268,1,PLANTBI,290,200,1.0,2.0,OPT,N,0
118656,2026,Fall,2268,1,PLANTBI,290,220,1.0,2.0,OPT,N,0
125758,2026,Fall,2268,1,PLANTBI,292,001,1.0,1.0,SUS,N,1
125758,2026,Fall,2268,1,PLANTBI,292,002,1.0,1.0,SUS,N,5
125758,2026,Fall,2268,1,PLANTBI,292,003,1.0,1.0,SUS,N,2
125758,2026,Fall,2268,1,PLANTBI,292,004,1.0,1.0,SUS,N,2
125758,2026,Fall,2268,1,PLANTBI,292,005,1.0,1.0,SUS,N,1
125758,2026,Fall,2268,1,PLANTBI,292,006,1.0,1.0,SUS,N,0
125758,2026,Fall,2268,1,PLANTBI,292,007,1.0,1.0,SUS,N,0
125758,2026,Fall,2268,1,PLANTBI,292,008,1.0,1.0,SUS,N,1
125758,2026,Fall,2268,1,PLANTBI,292,009,1.0,1.0,SUS,N,0
125758,2026,Fall,2268,1,PLANTBI,292,010,1.0,1.0,SUS,N,1
125758,2026,Fall,2268,1,PLANTBI,292,011,1.0,1.0,SUS,N,0
125758,2026,Fall,2268,1,PLANTBI,292,012,1.0,1.0,SUS,N,0
125758,2026,Fall,2268,1,PLANTBI,292,013,1.0,1.0,SUS,N,0
125758,2026,Fall,2268,1,PLANTBI,292,014,1.0,1.0,SUS,N,0
125758,2026,Fall,2268,1,PLANTBI,292,015,1.0,1.0,SUS,N,0
125758,2026,Fall,2268,1,PLANTBI,292,016,1.0,1.0,SUS,N,0
125758,2026,Fall,2268,1,PLANTBI,292,017,1.0,1.0,SUS,N,0
125758,2026,Fall,2268,1,PLANTBI,292,018,1.0,1.0,SUS,N,0
125758,2026,Fall,2268,1,PLANTBI,292,019,1.0,1.0,SUS,N,0
125758,2026,Fall,2268,1,PLANTBI,292,020,1.0,1.0,SUS,N,0
125758,2026,Fall,2268,1,PLANTBI,292,021,1.0,1.0,SUS,N,0
125758,2026,Fall,2268,1,PLANTBI,292,022,1.0,1.0,SUS,N,0
125758,2026,Fall,2268,1,PLANTBI,292,023,1.0,1.0,SUS,N,0
125758,2026,Fall,2268,1,PLANTBI,292,024,1.0,1.0,SUS,N,0
125758,2026,Fall,2268,1,PLANTBI,292,025,1.0,1.0,SUS,N,6
125758,2026,Fall,2268,1,PLANTBI,292,026,1.0,1.0,SUS,N,0
125758,2026,Fall,2268,1,PLANTBI,292,027,1.0,1.0,SUS,N,0
125758,2026,Fall,2268,1,PLANTBI,292,028,1.0,1.0,SUS,N,0
125758,2026,Fall,2268,1,PLANTBI,292,029,1.0,1.0,SUS,N,0
125758,2026,Fall,2268,1,PLANTBI,292,030,1.0,1.0,SUS,N,0
125758,2026,Fall,2268,1,PLANTBI,292,031,1.0,1.0,SUS,N,0
125758,2026,Fall,2268,1,PLANTBI,292,032,1.0,1.0,SUS,N,0
125758,2026,Fall,2268,1,PLANTBI,292,033,1.0,1.0,SUS,N,0
125758,2026,Fall,2268,1,PLANTBI,292,034,1.0,1.0,SUS,N,0
125758,2026,Fall,2268,1,PLANTBI,292,035,1.0,1.0,SUS,N,0
125758,2026,Fall,2268,1,PLANTBI,292,036,1.0,1.0,SUS,N,0
125758,2026,Fall,2268,1,PLANTBI,292,037,1.0,1.0,SUS,N,0
125758,2026,Fall,2268,1,PLANTBI,292,038,1.0,1.0,SUS,N,0
125758,2026,Fall,2268,1,PLANTBI,292,039,1.0,1.0,SUS,N,0
125758,2026,Fall,2268,1,PLANTBI,292,041,1.0,1.0,SUS,N,0
125758,2026,Fall,2268,1,PLANTBI,292,042,1.0,1.0,SUS,N,0
125758,2026,Fall,2268,1,PLANTBI,292,043,1.0,1.0,SUS,N,0
125758,2026,Fall,2268,1,PLANTBI,292,044,1.0,1.0,SUS,N,0
125758,2026,Fall,2268,1,PLANTBI,292,046,1.0,1.0,SUS,N,0
125758,2026,Fall,2268,1,PLANTBI,292,047,1.0,1.0,SUS,N,0
125758,2026,Fall,2268,1,PLANTBI,292,048,1.0,1.0,SUS,N,0
125758,2026,Fall,2268,1,PLANTBI,292,049,1.0,1.0,SUS,N,0
125758,2026,Fall,2268,1,PLANTBI,292,050,1.0,1.0,SUS,N,0
125758,2026,Fall,2268,1,PLANTBI,292,051,1.0,1.0,SUS,N,0
125758,2026,Fall,2268,1,PLANTBI,292,052,1.0,1.0,SUS,N,1
125758,2026,Fall,2268,1,PLANTBI,292,053,1.0,1.0,SUS,N,1
125758,2026,Fall,2268,1,PLANTBI,292,054,1.0,1.0,SUS,N,0
125758,2026,Fall,2268,1,PLANTBI,292,055,1.0,1.0,SUS,N,0
125758,2026,Fall,2268,1,PLANTBI,292,056,1.0,1.0,SUS,N,0
125758,2026,Fall,2268,1,PLANTBI,292,057,1.0,1.0,SUS,N,0
125758,2026,Fall,2268,1,PLANTBI,292,058,1.0,1.0,SUS,N,0
125758,2026,Fall,2268,1,PLANTBI,292,059,1.0,1.0,SUS,N,0
125758,2026,Fall,2268,1,PLANTBI,292,060,1.0,1.0,SUS,N,1
125758,2026,Fall,2268,1,PLANTBI,292,061,1.0,1.0,SUS,N,1
125758,2026,Fall,2268,1,PLANTBI,292,062,1.0,1.0,SUS,N,1
125758,2026,Fall,2268,1,PLANTBI,292,063,1.0,1.0,SUS,N,0
118658,2026,Fall,2268,1,PLANTBI,296,001,1.0,12.0,OPT,N,2
118660,2026,Fall,2268,1,PLANTBI,298,001,1.0,6.0,OPT,N,0
118660,2026,Fall,2268,1,PLANTBI,298,002,1.0,6.0,OPT,N,58
118661,2026,Fall,2268,1,PLANTBI,299,002,1.0,12.0,OPT,N,0
118661,2026,Fall,2268,1,PLANTBI,299,003,1.0,12.0,OPT,N,0
118661,2026,Fall,2268,1,PLANTBI,299,004,1.0,12.0,OPT,N,1
118661,2026,Fall,2268,1,PLANTBI,299,005,1.0,12.0,OPT,N,0
118661,2026,Fall,2268,1,PLANTBI,299,006,1.0,12.0,OPT,N,0
118661,2026,Fall,2268,1,PLANTBI,299,007,1.0,12.0,OPT,N,0
118661,2026,Fall,2268,1,PLANTBI,299,008,1.0,12.0,OPT,N,0
118661,2026,Fall,2268,1,PLANTBI,299,009,1.0,12.0,OPT,N,0
118661,2026,Fall,2268,1,PLANTBI,299,010,1.0,12.0,OPT,N,0
118661,2026,Fall,2268,1,PLANTBI,299,011,1.0,12.0,OPT,N,0
118661,2026,Fall,2268,1,PLANTBI,299,012,1.0,12.0,OPT,N,0
118661,2026,Fall,2268,1,PLANTBI,299,013,1.0,12.0,OPT,N,0
118661,2026,Fall,2268,1,PLANTBI,299,016,1.0,12.0,OPT,N,0
118661,2026,Fall,2268,1,PLANTBI,299,017,1.0,12.0,OPT,N,1
118661,2026,Fall,2268,1,PLANTBI,299,018,1.0,12.0,OPT,N,0
118661,2026,Fall,2268,1,PLANTBI,299,019,1.0,12.0,OPT,N,0
118661,2026,Fall,2268,1,PLANTBI,299,020,1.0,12.0,OPT,N,0
118661,2026,Fall,2268,1,PLANTBI,299,024,1.0,12.0,OPT,N,0
118661,2026,Fall,2268,1,PLANTBI,299,025,1.0,12.0,OPT,N,0
118661,2026,Fall,2268,1,PLANTBI,299,026,1.0,12.0,OPT,N,0
118661,2026,Fall,2268,1,PLANTBI,299,027,1.0,12.0,OPT,N,0
118661,2026,Fall,2268,1,PLANTBI,299,028,1.0,12.0,OPT,N,0
118661,2026,Fall,2268,1,PLANTBI,299,030,1.0,12.0,OPT,N,0
118661,2026,Fall,2268,1,PLANTBI,299,032,1.0,12.0,OPT,N,0
118661,2026,Fall,2268,1,PLANTBI,299,035,1.0,12.0,OPT,N,0
118661,2026,Fall,2268,1,PLANTBI,299,036,1.0,12.0,OPT,N,0
118661,2026,Fall,2268,1,PLANTBI,299,037,1.0,12.0,OPT,N,0
118661,2026,Fall,2268,1,PLANTBI,299,038,1.0,12.0,OPT,N,1
118661,2026,Fall,2268,1,PLANTBI,299,040,1.0,12.0,OPT,N,0
118661,2026,Fall,2268,1,PLANTBI,299,041,1.0,12.0,OPT,N,0
118661,2026,Fall,2268,1,PLANTBI,299,042,1.0,12.0,OPT,N,1
118661,2026,Fall,2268,1,PLANTBI,299,043,1.0,12.0,OPT,N,0
118661,2026,Fall,2268,1,PLANTBI,299,044,1.0,12.0,OPT,N,1
118661,2026,Fall,2268,1,PLANTBI,299,045,1.0,12.0,OPT,N,0
118661,2026,Fall,2268,1,PLANTBI,299,046,1.0,12.0,OPT,N,1
118661,2026,Fall,2268,1,PLANTBI,299,049,1.0,12.0,OPT,N,0
118661,2026,Fall,2268,1,PLANTBI,299,050,1.0,12.0,OPT,N,2
118661,2026,Fall,2268,1,PLANTBI,299,051,1.0,12.0,OPT,N,0
118661,2026,Fall,2268,1,PLANTBI,299,052,1.0,12.0,OPT,N,1
118661,2026,Fall,2268,1,PLANTBI,299,053,1.0,12.0,OPT,N,0
118661,2026,Fall,2268,1,PLANTBI,299,054,1.0,12.0,OPT,N,0
118661,2026,Fall,2268,1,PLANTBI,299,055,1.0,12.0,OPT,N,0
118661,2026,Fall,2268,1,PLANTBI,299,056,1.0,12.0,OPT,N,0
118661,2026,Fall,2268,1,PLANTBI,299,058,1.0,12.0,OPT,N,1
118661,2026,Fall,2268,1,PLANTBI,299,059,1.0,12.0,OPT,N,0
118661,2026,Fall,2268,1,PLANTBI,299,061,1.0,12.0,OPT,N,0
118661,2026,Fall,2268,1,PLANTBI,299,062,1.0,12.0,OPT,N,0
118661,2026,Fall,2268,1,PLANTBI,299,063,1.0,12.0,OPT,N,0
118661,2026,Fall,2268,1,PLANTBI,299,064,1.0,12.0,OPT,N,0
118661,2026,Fall,2268,1,PLANTBI,299,065,1.0,12.0,OPT,N,0
118661,2026,Fall,2268,1,PLANTBI,299,066,1.0,12.0,OPT,N,0
118661,2026,Fall,2268,1,PLANTBI,299,067,1.0,12.0,OPT,N,0
118661,2026,Fall,2268,1,PLANTBI,299,068,1.0,12.0,OPT,N,0
118661,2026,Fall,2268,1,PLANTBI,299,069,1.0,12.0,OPT,N,0
118661,2026,Fall,2268,1,PLANTBI,299,070,1.0,12.0,OPT,N,0
118661,2026,Fall,2268,1,PLANTBI,299,071,1.0,12.0,OPT,N,0
118661,2026,Fall,2268,1,PLANTBI,299,072,1.0,12.0,OPT,N,0
118661,2026,Fall,2268,1,PLANTBI,299,073,1.0,12.0,OPT,N,0
118661,2026,Fall,2268,1,PLANTBI,299,074,1.0,12.0,OPT,N,0
118661,2026,Fall,2268,1,PLANTBI,299,075,1.0,12.0,OPT,N,0
118661,2026,Fall,2268,1,PLANTBI,299,076,1.0,12.0,OPT,N,0
118661,2026,Fall,2268,1,PLANTBI,299,077,1.0,12.0,OPT,N,0
118661,2026,Fall,2268,1,PLANTBI,299,078,1.0,12.0,OPT,N,0
118661,2026,Fall,2268,1,PLANTBI,299,079,1.0,12.0,OPT,N,0
118661,2026,Fall,2268,1,PLANTBI,299,080,1.0,12.0,OPT,N,0
118661,2026,Fall,2268,1,PLANTBI,299,081,1.0,12.0,OPT,N,0
118661,2026,Fall,2268,1,PLANTBI,299,084,1.0,12.0,OPT,N,0
118661,2026,Fall,2268,1,PLANTBI,299,82,1.0,12.0,OPT,N,0
118661,2026,Fall,2268,1,PLANTBI,299,83,1.0,12.0,OPT,N,0
118663,2026,Fall,2268,1,PLANTBI,375,001,2.0,2.0,SUS,N,0
118693,2026,Fall,2268,1,PLANTBI,602,001,1.0,2.0,SUS,N,0
118693,2026,Fall,2268,1,PLANTBI,602,002,1.0,2.0,SUS,N,0
118693,2026,Fall,2268,1,PLANTBI,602,003,1.0,2.0,SUS,N,0
118693,2026,Fall,2268,1,PLANTBI,602,004,1.0,2.0,SUS,N,0
118693,2026,Fall,2268,1,PLANTBI,602,005,1.0,2.0,SUS,N,0
118693,2026,Fall,2268,1,PLANTBI,602,006,1.0,2.0,SUS,N,0
118693,2026,Fall,2268,1,PLANTBI,602,007,1.0,2.0,SUS,N,0
118693,2026,Fall,2268,1,PLANTBI,602,008,1.0,2.0,SUS,N,0
118693,2026,Fall,2268,1,PLANTBI,602,009,1.0,2.0,SUS,N,0
118693,2026,Fall,2268,1,PLANTBI,602,010,1.0,2.0,SUS,N,0
118693,2026,Fall,2268,1,PLANTBI,602,011,1.0,2.0,SUS,N,0
118693,2026,Fall,2268,1,PLANTBI,602,012,1.0,2.0,SUS,N,0
118693,2026,Fall,2268,1,PLANTBI,602,013,1.0,2.0,SUS,N,0
118693,2026,Fall,2268,1,PLANTBI,602,014,1.0,2.0,SUS,N,0
118693,2026,Fall,2268,1,PLANTBI,602,015,1.0,2.0,SUS,N,0
118693,2026,Fall,2268,1,PLANTBI,602,016,1.0,2.0,SUS,N,0
118693,2026,Fall,2268,1,PLANTBI,602,017,1.0,2.0,SUS,N,0
118693,2026,Fall,2268,1,PLANTBI,602,018,1.0,2.0,SUS,N,0
118693,2026,Fall,2268,1,PLANTBI,602,019,1.0,2.0,SUS,N,0
118693,2026,Fall,2268,1,PLANTBI,602,020,1.0,2.0,SUS,N,0
118693,2026,Fall,2268,1,PLANTBI,602,021,1.0,2.0,SUS,N,0
118693,2026,Fall,2268,1,PLANTBI,602,022,1.0,2.0,SUS,N,0
118693,2026,Fall,2268,1,PLANTBI,602,023,1.0,2.0,SUS,N,0
118693,2026,Fall,2268,1,PLANTBI,602,024,1.0,2.0,SUS,N,0
118693,2026,Fall,2268,1,PLANTBI,602,025,1.0,2.0,SUS,N,2
118693,2026,Fall,2268,1,PLANTBI,602,026,1.0,2.0,SUS,N,2
118693,2026,Fall,2268,1,PLANTBI,602,027,1.0,2.0,SUS,N,0
118693,2026,Fall,2268,1,PLANTBI,602,028,1.0,2.0,SUS,N,1
118693,2026,Fall,2268,1,PLANTBI,602,029,1.0,2.0,SUS,N,0
118693,2026,Fall,2268,1,PLANTBI,602,030,1.0,2.0,SUS,N,0
118693,2026,Fall,2268,1,PLANTBI,602,031,1.0,2.0,SUS,N,0
118693,2026,Fall,2268,1,PLANTBI,602,032,1.0,2.0,SUS,N,0
118693,2026,Fall,2268,1,PLANTBI,602,033,1.0,2.0,SUS,N,1
118693,2026,Fall,2268,1,PLANTBI,602,034,1.0,2.0,SUS,N,0
118693,2026,Fall,2268,1,PLANTBI,602,035,1.0,2.0,SUS,N,1
118693,2026,Fall,2268,1,PLANTBI,602,036,1.0,2.0,SUS,N,1
118693,2026,Fall,2268,1,PLANTBI,602,037,1.0,2.0,SUS,N,0
118693,2026,Fall,2268,1,PLANTBI,602,038,1.0,2.0,SUS,N,0
118693,2026,Fall,2268,1,PLANTBI,602,039,1.0,2.0,SUS,N,2
118693,2026,Fall,2268,1,PLANTBI,602,041,1.0,2.0,SUS,N,0
118693,2026,Fall,2268,1,PLANTBI,602,042,1.0,2.0,SUS,N,0
118693,2026,Fall,2268,1,PLANTBI,602,043,1.0,2.0,SUS,N,1
118693,2026,Fall,2268,1,PLANTBI,602,044,1.0,2.0,SUS,N,0
118693,2026,Fall,2268,1,PLANTBI,602,046,1.0,2.0,SUS,N,0
118693,2026,Fall,2268,1,PLANTBI,602,047,1.0,2.0,SUS,N,0
118693,2026,Fall,2268,1,PLANTBI,602,048,1.0,2.0,SUS,N,0
118693,2026,Fall,2268,1,PLANTBI,602,049,1.0,2.0,SUS,N,0
118696,2026,Fall,2268,1,PLANTBI,99,001,1.0,4.0,PNP,N,0
124036,2026,Fall,2268,1,PLANTBI,C103,001,3.0,3.0,OPT,Y,0
124410,2026,Fall,2268,1,PLANTBI,C110L,001,3.0,3.0,OPT,Y,150
124445,2026,Fall,2268,1,PLANTBI,C112,001,4.0,4.0,OPT,Y,170
124406,2026,Fall,2268,1,PLANTBI,C112L,001,3.0,3.0,OPT,A,59
124406,2026,Fall,2268,1,PLANTBI,C112L,002,3.0,3.0,OPT,A,28
124406,2026,Fall,2268,1,PLANTBI,C112L,003,3.0,3.0,OPT,A,20
124406,2026,Fall,2268,1,PLANTBI,C112L,004,3.0,3.0,OPT,A,19
124194,2026,Fall,2268,1,PLANTBI,C116,001,3.0,3.0,OPT,Y,35
124446,2026,Fall,2268,1,PLANTBI,C134,001,3.0,3.0,OPT,Y,0
123822,2026,Fall,2268,1,PLANTBI,C146,001,3.0,3.0,OPT,N,0
124488,2026,Fall,2268,1,PLANTBI,C192,001,2.0,2.0,OPT,Y,0
124343,2026,Fall,2268,1,PLANTBI,C216,001,1.0,1.0,OPT,N,1
157722,2026,Fall,2268,1,PLANTBI,C277,001,2.0,2.0,OPT,N,0
123590,2026,Fall,2268,1,PLANTBI,C96,001,1.0,1.0,PNP,Y,10
118698,2026,Fall,2268,1,PLANTBI,H196,001,4.0,4.0,OPT,N,0
118698,2026,Fall,2268,1,PLANTBI,H196,002,4.0,4.0,OPT,N,0
118698,2026,Fall,2268,1,PLANTBI,H196,003,4.0,4.0,OPT,N,0
118698,2026,Fall,2268,1,PLANTBI,H196,004,4.0,4.0,OPT,N,0
118698,2026,Fall,2268,1,PLANTBI,H196,005,4.0,4.0,OPT,N,0
118698,2026,Fall,2268,1,PLANTBI,H196,006,4.0,4.0,OPT,N,0
118698,2026,Fall,2268,1,PLANTBI,H196,007,4.0,4.0,OPT,N,0
118698,2026,Fall,2268,1,PLANTBI,H196,009,4.0,4.0,OPT,N,0
118698,2026,Fall,2268,1,PLANTBI,H196,010,4.0,4.0,OPT,N,0
118698,2026,Fall,2268,1,PLANTBI,H196,011,4.0,4.0,OPT,N,0
118698,2026,Fall,2268,1,PLANTBI,H196,012,4.0,4.0,OPT,N,0
118698,2026,Fall,2268,1,PLANTBI,H196,013,4.0,4.0,OPT,N,0
118698,2026,Fall,2268,1,PLANTBI,H196,014,4.0,4.0,OPT,N,0
118698,2026,Fall,2268,1,PLANTBI,H196,015,4.0,4.0,OPT,N,0
118698,2026,Fall,2268,1,PLANTBI,H196,016,4.0,4.0,OPT,N,0
118698,2026,Fall,2268,1,PLANTBI,H196,017,4.0,4.0,OPT,N,0
118698,2026,Fall,2268,1,PLANTBI,H196,21,4.0,4.0,OPT,N,0
118698,2026,Fall,2268,1,PLANTBI,H196,22,4.0,4.0,OPT,N,0
118698,2026,Fall,2268,1,PLANTBI,H196,43,4.0,4.0,OPT,N,0
118698,2026,Fall,2268,1,PLANTBI,H196,44,4.0,4.0,OPT,N,0
118698,2026,Fall,2268,1,PLANTBI,H196,45,4.0,4.0,OPT,N,0
118698,2026,Fall,2268,1,PLANTBI,H196,46,4.0,4.0,OPT,N,0
118698,2026,Fall,2268,1,PLANTBI,H196,47,4.0,4.0,OPT,N,0
118698,2026,Fall,2268,1,PLANTBI,H196,48,4.0,4.0,OPT,N,0
118834,2026,Fall,2268,1,POLECON,100,001,4.0,4.0,OPT,Y,476
118835,2026,Fall,2268,1,POLECON,101,001,4.0,4.0,OPT,Y,368
154681,2026,Fall,2268,1,POLECON,107,001,4.0,4.0,OPT,Y,175
118839,2026,Fall,2268,1,POLECON,150,001,4.0,4.0,OPT,Y,0
160160,2026,Fall,2268,1,POLECON,156,001,4.0,4.0,OPT,Y,318
162989,2026,Fall,2268,1,POLECON,159,001,4.0,4.0,OPT,A,429
118841,2026,Fall,2268,1,POLECON,160,004,4.0,4.0,OPT,Y,0
118842,2026,Fall,2268,1,POLECON,192,001,3.0,3.0,OPT,N,0
118844,2026,Fall,2268,1,POLECON,197,001,1.0,4.0,PNP,N,0
118844,2026,Fall,2268,1,POLECON,197,002,1.0,4.0,PNP,N,0
118844,2026,Fall,2268,1,POLECON,197,003,1.0,4.0,PNP,N,0
118845,2026,Fall,2268,1,POLECON,198,002,2.0,2.0,PNP,N,19
118846,2026,Fall,2268,1,POLECON,199,001,1.0,4.0,PNP,N,0
118847,2026,Fall,2268,1,POLECON,24,001,1.0,1.0,OPT,Y,0
165031,2026,Fall,2268,1,POLECON,85,001,3.0,3.0,OPT,A,442
155862,2026,Fall,2268,1,POLECON,C138,001,4.0,4.0,OPT,Y,185
109925,2026,Fall,2268,1,POLECON,C160,001,4.0,4.0,OPT,Y,301
124373,2026,Fall,2268,1,POLECON,C196A,001,4.0,4.0,OPT,N,36
124366,2026,Fall,2268,1,POLECON,C196B,001,8.0,12.0,OPT,N,19
124301,2026,Fall,2268,1,POLECON,C196W,001,10.5,10.5,OPT,N,0
118852,2026,Fall,2268,1,POLISH,115A,001,4.0,4.0,OPT,Y,8
118852,2026,Fall,2268,1,POLISH,115A,UC01,4.0,4.0,OPT,Y,0
118854,2026,Fall,2268,1,POLISH,25A,001,4.0,4.0,OPT,Y,23
118854,2026,Fall,2268,1,POLISH,25A,UC01,4.0,4.0,OPT,Y,0
118856,2026,Fall,2268,1,POLSCI,1,001,4.0,4.0,OPT,Y,1201
118861,2026,Fall,2268,1,POLSCI,102,001,4.0,4.0,OPT,Y,0
118863,2026,Fall,2268,1,POLSCI,103,001,4.0,4.0,OPT,Y,0
118870,2026,Fall,2268,1,POLSCI,106A,001,4.0,4.0,OPT,Y,400
118878,2026,Fall,2268,1,POLSCI,109,001,4.0,4.0,OPT,N,0
118891,2026,Fall,2268,1,POLSCI,109M,001,4.0,4.0,OPT,Y,209
118895,2026,Fall,2268,1,POLSCI,109Q,001,4.0,4.0,OPT,Y,0
118897,2026,Fall,2268,1,POLSCI,109S,001,4.0,4.0,OPT,Y,0
118904,2026,Fall,2268,1,POLSCI,109Z,001,4.0,4.0,OPT,Y,0
118909,2026,Fall,2268,1,POLSCI,111AC,001,4.0,4.0,OPT,Y,0
118912,2026,Fall,2268,1,POLSCI,112A,001,4.0,4.0,OPT,Y,0
118913,2026,Fall,2268,1,POLSCI,112B,001,4.0,4.0,OPT,Y,308
118923,2026,Fall,2268,1,POLSCI,116,001,4.0,4.0,OPT,N,0
118925,2026,Fall,2268,1,POLSCI,116B,001,4.0,4.0,OPT,Y,0
118926,2026,Fall,2268,1,POLSCI,116C,001,4.0,4.0,OPT,Y,0
118927,2026,Fall,2268,1,POLSCI,116D,001,4.0,4.0,OPT,Y,364
118933,2026,Fall,2268,1,POLSCI,116J,001,4.0,4.0,OPT,Y,0
118938,2026,Fall,2268,1,POLSCI,116O,001,4.0,4.0,OPT,Y,0
165965,2026,Fall,2268,1,POLSCI,116P,001,4.0,4.0,OPT,Y,453
118942,2026,Fall,2268,1,POLSCI,116S,001,4.0,4.0,OPT,A,0
156131,2026,Fall,2268,1,POLSCI,117,001,4.0,4.0,OPT,Y,0
118960,2026,Fall,2268,1,POLSCI,122A,001,4.0,4.0,OPT,Y,0
118962,2026,Fall,2268,1,POLSCI,123,001,4.0,4.0,OPT,A,0
118963,2026,Fall,2268,1,POLSCI,123A,001,4.0,4.0,OPT,Y,0
118965,2026,Fall,2268,1,POLSCI,123C,001,4.0,4.0,OPT,Y,0
118969,2026,Fall,2268,1,POLSCI,123G,001,4.0,4.0,OPT,Y,0
118974,2026,Fall,2268,1,POLSCI,123L,001,4.0,4.0,OPT,Y,0
118975,2026,Fall,2268,1,POLSCI,123M,001,4.0,4.0,OPT,N,0
118985,2026,Fall,2268,1,POLSCI,123W,001,4.0,4.0,OPT,Y,0
118989,2026,Fall,2268,1,POLSCI,124A,001,4.0,4.0,OPT,Y,2558
156129,2026,Fall,2268,1,POLSCI,124B,001,4.0,4.0,OPT,Y,0
118991,2026,Fall,2268,1,POLSCI,124C,001,4.0,4.0,OPT,Y,0
161645,2026,Fall,2268,1,POLSCI,124D,001,4.0,4.0,OPT,A,0
161537,2026,Fall,2268,1,POLSCI,124G,001,4.0,4.0,OPT,Y,0
162164,2026,Fall,2268,1,POLSCI,124H,001,4.0,4.0,OPT,Y,0
118993,2026,Fall,2268,1,POLSCI,124M,001,4.0,4.0,OPT,N,0
166659,2026,Fall,2268,1,POLSCI,124R,001,4.0,4.0,OPT,Y,218
166674,2026,Fall,2268,1,POLSCI,124W,001,4.0,4.0,OPT,A,371
118971,2026,Fall,2268,1,POLSCI,125,001,4.0,4.0,OPT,Y,0
118996,2026,Fall,2268,1,POLSCI,126A,001,4.0,4.0,OPT,Y,476
164846,2026,Fall,2268,1,POLSCI,132C,001,4.0,4.0,OPT,C,413
119010,2026,Fall,2268,1,POLSCI,133,001,4.0,4.0,OPT,Y,0
165962,2026,Fall,2268,1,POLSCI,136B,001,4.0,4.0,OPT,Y,0
165963,2026,Fall,2268,1,POLSCI,137H,001,4.0,4.0,OPT,Y,205
166020,2026,Fall,2268,1,POLSCI,137L,001,4.0,4.0,OPT,A,0
119019,2026,Fall,2268,1,POLSCI,138C,001,4.0,4.0,OPT,A,0
119021,2026,Fall,2268,1,POLSCI,138E,001,4.0,4.0,OPT,Y,0
164788,2026,Fall,2268,1,POLSCI,138M,001,4.0,4.0,OPT,Y,0
163248,2026,Fall,2268,1,POLSCI,138S,001,4.0,4.0,OPT,Y,0
163998,2026,Fall,2268,1,POLSCI,138Z,001,4.0,4.0,OPT,Y,0
119027,2026,Fall,2268,1,POLSCI,139D,001,4.0,4.0,OPT,Y,0
119033,2026,Fall,2268,1,POLSCI,140E,001,4.0,4.0,OPT,Y,0
119034,2026,Fall,2268,1,POLSCI,140F,001,4.0,4.0,OPT,Y,251
119040,2026,Fall,2268,1,POLSCI,140L,001,4.0,4.0,OPT,Y,0
119041,2026,Fall,2268,1,POLSCI,140M,001,4.0,4.0,OPT,Y,0
119043,2026,Fall,2268,1,POLSCI,140O,001,4.0,4.0,OPT,A,323
119046,2026,Fall,2268,1,POLSCI,140R,001,4.0,4.0,OPT,Y,0
119051,2026,Fall,2268,1,POLSCI,140W,001,4.0,4.0,OPT,Y,336
119005,2026,Fall,2268,1,POLSCI,141A,001,4.0,4.0,OPT,Y,296
119057,2026,Fall,2268,1,POLSCI,141C,001,4.0,4.0,OPT,Y,0
119058,2026,Fall,2268,1,POLSCI,142A,001,4.0,4.0,OPT,Y,0
119060,2026,Fall,2268,1,POLSCI,143A,001,4.0,4.0,OPT,Y,0
119061,2026,Fall,2268,1,POLSCI,143B,001,4.0,4.0,OPT,Y,0
119069,2026,Fall,2268,1,POLSCI,145A,001,4.0,4.0,OPT,A,303
119071,2026,Fall,2268,1,POLSCI,146A,001,4.0,4.0,OPT,Y,0
119080,2026,Fall,2268,1,POLSCI,147F,001,4.0,4.0,OPT,Y,0
119081,2026,Fall,2268,1,POLSCI,147G,001,4.0,4.0,OPT,Y,0
119084,2026,Fall,2268,1,POLSCI,148A,001,4.0,4.0,OPT,Y,0
119086,2026,Fall,2268,1,POLSCI,149,001,4.0,4.0,OPT,N,0
119088,2026,Fall,2268,1,POLSCI,149B,001,4.0,4.0,OPT,Y,161
119091,2026,Fall,2268,1,POLSCI,149E,001,4.0,4.0,OPT,Y,401
119097,2026,Fall,2268,1,POLSCI,149K,001,4.0,4.0,OPT,Y,0
119104,2026,Fall,2268,1,POLSCI,149R,001,4.0,4.0,OPT,Y,0
119109,2026,Fall,2268,1,POLSCI,149W,001,4.0,4.0,OPT,Y,173
119145,2026,Fall,2268,1,POLSCI,157A,001,4.0,4.0,OPT,Y,0
119148,2026,Fall,2268,1,POLSCI,161,001,4.0,4.0,OPT,Y,242
119153,2026,Fall,2268,1,POLSCI,164A,001,4.0,4.0,OPT,Y,0
119155,2026,Fall,2268,1,POLSCI,166,001,4.0,4.0,OPT,Y,0
119156,2026,Fall,2268,1,POLSCI,167,001,4.0,4.0,OPT,Y,0
119157,2026,Fall,2268,1,POLSCI,167AC,001,4.0,4.0,OPT,Y,0
119160,2026,Fall,2268,1,POLSCI,169,001,4.0,4.0,OPT,Y,0
119162,2026,Fall,2268,1,POLSCI,171,001,4.0,4.0,OPT,Y,244
119173,2026,Fall,2268,1,POLSCI,179,001,1.0,1.0,PNP,A,447
119175,2026,Fall,2268,1,POLSCI,181,001,4.0,4.0,OPT,Y,274
166757,2026,Fall,2268,1,POLSCI,188,001,4.0,4.0,OPT,Y,0
119185,2026,Fall,2268,1,POLSCI,191,001,4.0,4.0,OPT,A,166
119185,2026,Fall,2268,1,POLSCI,191,002,4.0,4.0,OPT,A,94
119185,2026,Fall,2268,1,POLSCI,191,003,4.0,4.0,OPT,A,101
119185,2026,Fall,2268,1,POLSCI,191,004,4.0,4.0,OPT,A,122
119185,2026,Fall,2268,1,POLSCI,191,005,4.0,4.0,OPT,A,34
119185,2026,Fall,2268,1,POLSCI,191,006,4.0,4.0,OPT,A,0
161305,2026,Fall,2268,1,POLSCI,192,001,1.0,1.0,PNP,A,0
119189,2026,Fall,2268,1,POLSCI,196,002,1.0,4.0,OPT,N,0
119189,2026,Fall,2268,1,POLSCI,196,008,1.0,4.0,OPT,N,0
119189,2026,Fall,2268,1,POLSCI,196,040,1.0,4.0,OPT,N,0
119189,2026,Fall,2268,1,POLSCI,196,106,1.0,4.0,OPT,N,0
119189,2026,Fall,2268,1,POLSCI,196,116,1.0,4.0,OPT,N,0
119189,2026,Fall,2268,1,POLSCI,196,126,1.0,4.0,OPT,N,0
119189,2026,Fall,2268,1,POLSCI,196,134,1.0,4.0,OPT,N,0
119189,2026,Fall,2268,1,POLSCI,196,136,1.0,4.0,OPT,N,0
119190,2026,Fall,2268,1,POLSCI,196S,001,9.0,13.0,OPT,N,0
119192,2026,Fall,2268,1,POLSCI,197,001,1.0,3.0,PNP,N,0
119192,2026,Fall,2268,1,POLSCI,197,009,1.0,3.0,PNP,N,0
119192,2026,Fall,2268,1,POLSCI,197,026,1.0,3.0,PNP,N,0
119192,2026,Fall,2268,1,POLSCI,197,034,1.0,3.0,PNP,N,0
119192,2026,Fall,2268,1,POLSCI,197,039,1.0,3.0,PNP,N,0
119192,2026,Fall,2268,1,POLSCI,197,052,1.0,3.0,PNP,N,0
119192,2026,Fall,2268,1,POLSCI,197,061,1.0,3.0,PNP,N,0
119192,2026,Fall,2268,1,POLSCI,197,087,1.0,3.0,PNP,N,0
119192,2026,Fall,2268,1,POLSCI,197,098,1.0,3.0,PNP,N,0
163461,2026,Fall,2268,1,POLSCI,198BC,001,1.0,1.0,PNP,N,100
163461,2026,Fall,2268,1,POLSCI,198BC,002,1.0,1.0,PNP,N,0
119194,2026,Fall,2268,1,POLSCI,199,001,1.0,4.0,PNP,N,0
119194,2026,Fall,2268,1,POLSCI,199,002,1.0,4.0,PNP,N,0
119194,2026,Fall,2268,1,POLSCI,199,003,1.0,4.0,PNP,N,0
119194,2026,Fall,2268,1,POLSCI,199,006,1.0,4.0,PNP,N,0
119194,2026,Fall,2268,1,POLSCI,199,007,1.0,4.0,PNP,N,0
119194,2026,Fall,2268,1,POLSCI,199,008,1.0,4.0,PNP,N,0
119194,2026,Fall,2268,1,POLSCI,199,009,1.0,4.0,PNP,N,0
119194,2026,Fall,2268,1,POLSCI,199,010,1.0,4.0,PNP,N,0
119194,2026,Fall,2268,1,POLSCI,199,013,1.0,4.0,PNP,N,0
119194,2026,Fall,2268,1,POLSCI,199,014,1.0,4.0,PNP,N,0
119194,2026,Fall,2268,1,POLSCI,199,015,1.0,4.0,PNP,N,0
119194,2026,Fall,2268,1,POLSCI,199,016,1.0,4.0,PNP,N,0
119194,2026,Fall,2268,1,POLSCI,199,017,1.0,4.0,PNP,N,0
119194,2026,Fall,2268,1,POLSCI,199,018,1.0,4.0,PNP,N,0
119194,2026,Fall,2268,1,POLSCI,199,019,1.0,4.0,PNP,N,0
119194,2026,Fall,2268,1,POLSCI,199,023,1.0,4.0,PNP,N,0
119194,2026,Fall,2268,1,POLSCI,199,024,1.0,4.0,PNP,N,0
119194,2026,Fall,2268,1,POLSCI,199,025,1.0,4.0,PNP,N,0
119194,2026,Fall,2268,1,POLSCI,199,026,1.0,4.0,PNP,N,0
119194,2026,Fall,2268,1,POLSCI,199,030,1.0,4.0,PNP,N,0
119194,2026,Fall,2268,1,POLSCI,199,031,1.0,4.0,PNP,N,0
119194,2026,Fall,2268,1,POLSCI,199,034,1.0,4.0,PNP,N,0
119194,2026,Fall,2268,1,POLSCI,199,035,1.0,4.0,PNP,N,0
119194,2026,Fall,2268,1,POLSCI,199,039,1.0,4.0,PNP,N,0
119194,2026,Fall,2268,1,POLSCI,199,045,1.0,4.0,PNP,N,0
119194,2026,Fall,2268,1,POLSCI,199,046,1.0,4.0,PNP,N,0
119194,2026,Fall,2268,1,POLSCI,199,047,1.0,4.0,PNP,N,0
119194,2026,Fall,2268,1,POLSCI,199,052,1.0,4.0,PNP,N,0
119194,2026,Fall,2268,1,POLSCI,199,053,1.0,4.0,PNP,N,0
119194,2026,Fall,2268,1,POLSCI,199,057,1.0,4.0,PNP,N,0
119194,2026,Fall,2268,1,POLSCI,199,061,1.0,4.0,PNP,N,0
119194,2026,Fall,2268,1,POLSCI,199,062,1.0,4.0,PNP,N,0
119194,2026,Fall,2268,1,POLSCI,199,063,1.0,4.0,PNP,N,0
119194,2026,Fall,2268,1,POLSCI,199,064,1.0,4.0,PNP,N,0
119194,2026,Fall,2268,1,POLSCI,199,065,1.0,4.0,PNP,N,0
119194,2026,Fall,2268,1,POLSCI,199,066,1.0,4.0,PNP,N,0
119194,2026,Fall,2268,1,POLSCI,199,067,1.0,4.0,PNP,N,0
119194,2026,Fall,2268,1,POLSCI,199,068,1.0,4.0,PNP,N,0
119194,2026,Fall,2268,1,POLSCI,199,069,1.0,4.0,PNP,N,0
119194,2026,Fall,2268,1,POLSCI,199,071,1.0,4.0,PNP,N,0
119194,2026,Fall,2268,1,POLSCI,199,072,1.0,4.0,PNP,N,0
119194,2026,Fall,2268,1,POLSCI,199,080,1.0,4.0,PNP,N,0
119194,2026,Fall,2268,1,POLSCI,199,084,1.0,4.0,PNP,N,0
119194,2026,Fall,2268,1,POLSCI,199,085,1.0,4.0,PNP,N,0
119194,2026,Fall,2268,1,POLSCI,199,086,1.0,4.0,PNP,N,0
119194,2026,Fall,2268,1,POLSCI,199,087,1.0,4.0,PNP,N,0
119194,2026,Fall,2268,1,POLSCI,199,088,1.0,4.0,PNP,N,0
119194,2026,Fall,2268,1,POLSCI,199,089,1.0,4.0,PNP,N,0
119194,2026,Fall,2268,1,POLSCI,199,096,1.0,4.0,PNP,N,0
119194,2026,Fall,2268,1,POLSCI,199,103,1.0,4.0,PNP,N,0
119194,2026,Fall,2268,1,POLSCI,199,105,1.0,4.0,PNP,N,0
119194,2026,Fall,2268,1,POLSCI,199,106,1.0,4.0,PNP,N,0
119194,2026,Fall,2268,1,POLSCI,199,107,1.0,4.0,PNP,N,0
119194,2026,Fall,2268,1,POLSCI,199,108,1.0,4.0,PNP,N,0
119194,2026,Fall,2268,1,POLSCI,199,109,1.0,4.0,PNP,N,0
119194,2026,Fall,2268,1,POLSCI,199,110,1.0,4.0,PNP,N,0
119194,2026,Fall,2268,1,POLSCI,199,111,1.0,4.0,PNP,N,0
119194,2026,Fall,2268,1,POLSCI,199,116,1.0,4.0,PNP,N,0
119194,2026,Fall,2268,1,POLSCI,199,117,1.0,4.0,PNP,N,0
119194,2026,Fall,2268,1,POLSCI,199,122,1.0,4.0,PNP,N,0
119194,2026,Fall,2268,1,POLSCI,199,123,1.0,4.0,PNP,N,0
119194,2026,Fall,2268,1,POLSCI,199,127,1.0,4.0,PNP,N,0
119194,2026,Fall,2268,1,POLSCI,199,128,1.0,4.0,PNP,N,0
119194,2026,Fall,2268,1,POLSCI,199,129,1.0,4.0,PNP,N,0
119194,2026,Fall,2268,1,POLSCI,199,130,1.0,4.0,PNP,N,0
119194,2026,Fall,2268,1,POLSCI,199,135,1.0,4.0,PNP,N,0
119194,2026,Fall,2268,1,POLSCI,199,136,1.0,4.0,PNP,N,0
119194,2026,Fall,2268,1,POLSCI,199,137,1.0,4.0,PNP,N,0
119195,2026,Fall,2268,1,POLSCI,2,001,4.0,4.0,OPT,Y,0
119198,2026,Fall,2268,1,POLSCI,200A,001,4.0,4.0,OPT,N,43
119208,2026,Fall,2268,1,POLSCI,204,001,4.0,4.0,OPT,N,0
164241,2026,Fall,2268,1,POLSCI,204B,001,4.0,4.0,OPT,Y,0
119210,2026,Fall,2268,1,POLSCI,206,001,4.0,4.0,OPT,N,0
119213,2026,Fall,2268,1,POLSCI,209A,001,4.0,4.0,OPT,N,53
119215,2026,Fall,2268,1,POLSCI,210,001,4.0,4.0,OPT,N,0
119215,2026,Fall,2268,1,POLSCI,210,002,4.0,4.0,OPT,N,0
119215,2026,Fall,2268,1,POLSCI,210,003,4.0,4.0,OPT,N,0
119215,2026,Fall,2268,1,POLSCI,210,004,4.0,4.0,OPT,N,0
119216,2026,Fall,2268,1,POLSCI,211,001,4.0,4.0,OPT,N,1
119216,2026,Fall,2268,1,POLSCI,211,002,4.0,4.0,OPT,N,0
119216,2026,Fall,2268,1,POLSCI,211,003,4.0,4.0,OPT,N,0
119217,2026,Fall,2268,1,POLSCI,212A,001,4.0,4.0,OPT,N,0
119219,2026,Fall,2268,1,POLSCI,212C,001,4.0,4.0,OPT,N,0
119220,2026,Fall,2268,1,POLSCI,213,001,4.0,4.0,OPT,N,0
119221,2026,Fall,2268,1,POLSCI,214,001,4.0,4.0,OPT,N,0
161482,2026,Fall,2268,1,POLSCI,214A,001,4.0,4.0,OPT,Y,0
119222,2026,Fall,2268,1,POLSCI,215A,001,4.0,4.0,OPT,N,0
119223,2026,Fall,2268,1,POLSCI,215B,001,4.0,4.0,OPT,N,40
119224,2026,Fall,2268,1,POLSCI,216,001,4.0,4.0,OPT,N,0
119229,2026,Fall,2268,1,POLSCI,220A,001,4.0,4.0,OPT,N,45
119235,2026,Fall,2268,1,POLSCI,221,001,4.0,4.0,OPT,N,0
119239,2026,Fall,2268,1,POLSCI,222,001,4.0,4.0,OPT,Y,0
119233,2026,Fall,2268,1,POLSCI,223,001,4.0,4.0,OPT,N,0
119234,2026,Fall,2268,1,POLSCI,224,001,4.0,4.0,OPT,N,0
119237,2026,Fall,2268,1,POLSCI,225,001,4.0,4.0,OPT,N,0
119240,2026,Fall,2268,1,POLSCI,226A,001,4.0,4.0,OPT,N,0
119244,2026,Fall,2268,1,POLSCI,228,001,4.0,4.0,OPT,N,0
119249,2026,Fall,2268,1,POLSCI,231A,001,4.0,4.0,OPT,N,26
162651,2026,Fall,2268,1,POLSCI,231C,001,4.0,4.0,OPT,N,36
119254,2026,Fall,2268,1,POLSCI,232B,001,4.0,4.0,OPT,N,33
119258,2026,Fall,2268,1,POLSCI,234A,001,4.0,4.0,OPT,N,0
119258,2026,Fall,2268,1,POLSCI,234A,002,4.0,4.0,OPT,N,36
119259,2026,Fall,2268,1,POLSCI,235,001,4.0,4.0,OPT,N,0
119263,2026,Fall,2268,1,POLSCI,239,001,4.0,4.0,OPT,N,0
119263,2026,Fall,2268,1,POLSCI,239,002,4.0,4.0,OPT,N,0
119264,2026,Fall,2268,1,POLSCI,239T,001,4.0,4.0,OPT,N,0
119265,2026,Fall,2268,1,POLSCI,24,001,1.0,1.0,PNP,Y,145
119277,2026,Fall,2268,1,POLSCI,244C,001,4.0,4.0,OPT,N,0
119280,2026,Fall,2268,1,POLSCI,245A,001,4.0,4.0,OPT,N,0
119281,2026,Fall,2268,1,POLSCI,245B,001,4.0,4.0,OPT,N,0
119288,2026,Fall,2268,1,POLSCI,247G,001,4.0,4.0,OPT,N,0
119289,2026,Fall,2268,1,POLSCI,248A,001,4.0,4.0,OPT,N,0
119292,2026,Fall,2268,1,POLSCI,249A,001,4.0,4.0,OPT,Y,0
119323,2026,Fall,2268,1,POLSCI,261,001,4.0,4.0,OPT,N,52
119326,2026,Fall,2268,1,POLSCI,269,001,4.0,4.0,OPT,N,0
119327,2026,Fall,2268,1,POLSCI,271,001,4.0,4.0,OPT,N,0
163464,2026,Fall,2268,1,POLSCI,272,001,4.0,4.0,OPT,N,38
119334,2026,Fall,2268,1,POLSCI,274,001,4.0,4.0,OPT,Y,0
119340,2026,Fall,2268,1,POLSCI,279,001,4.0,4.0,OPT,N,0
119351,2026,Fall,2268,1,POLSCI,289,001,4.0,4.0,OPT,N,0
119352,2026,Fall,2268,1,POLSCI,290,001,4.0,4.0,SUS,N,4
119353,2026,Fall,2268,1,POLSCI,290A,001,4.0,4.0,BMT,N,8
165046,2026,Fall,2268,1,POLSCI,290CP,001,2.0,2.0,OPT,Y,0
161112,2026,Fall,2268,1,POLSCI,290IC,001,1.0,1.0,SUS,N,18
167462,2026,Fall,2268,1,POLSCI,290IE,001,1.0,1.0,SUS,N,5
166023,2026,Fall,2268,1,POLSCI,290IP,001,1.0,1.0,SUS,N,9
163493,2026,Fall,2268,1,POLSCI,290PB,001,1.0,1.0,SUS,N,9
163488,2026,Fall,2268,1,POLSCI,290PI,001,2.0,2.0,SUS,N,5
119355,2026,Fall,2268,1,POLSCI,291,001,1.0,2.0,SUS,N,14
119356,2026,Fall,2268,1,POLSCI,291AS,001,0.0,2.0,SUS,N,1
119357,2026,Fall,2268,1,POLSCI,291F,001,1.0,3.0,OPT,N,0
119357,2026,Fall,2268,1,POLSCI,291F,002,1.0,3.0,OPT,N,0
119358,2026,Fall,2268,1,POLSCI,291IR,001,0.0,2.0,SUS,N,7
119359,2026,Fall,2268,1,POLSCI,291T,001,0.0,2.0,SUS,N,8
119360,2026,Fall,2268,1,POLSCI,292,001,1.0,12.0,OPT,N,0
119360,2026,Fall,2268,1,POLSCI,292,002,1.0,12.0,OPT,N,0
119360,2026,Fall,2268,1,POLSCI,292,003,1.0,12.0,OPT,N,0
119360,2026,Fall,2268,1,POLSCI,292,004,1.0,12.0,OPT,N,0
119360,2026,Fall,2268,1,POLSCI,292,005,1.0,12.0,OPT,N,0
119360,2026,Fall,2268,1,POLSCI,292,006,1.0,12.0,OPT,N,0
119360,2026,Fall,2268,1,POLSCI,292,007,1.0,12.0,OPT,N,0
119360,2026,Fall,2268,1,POLSCI,292,008,1.0,12.0,OPT,N,0
119360,2026,Fall,2268,1,POLSCI,292,009,1.0,12.0,OPT,N,0
119360,2026,Fall,2268,1,POLSCI,292,010,1.0,12.0,OPT,N,0
119360,2026,Fall,2268,1,POLSCI,292,011,1.0,12.0,OPT,N,0
119360,2026,Fall,2268,1,POLSCI,292,012,1.0,12.0,OPT,N,0
119360,2026,Fall,2268,1,POLSCI,292,013,1.0,12.0,OPT,N,0
119360,2026,Fall,2268,1,POLSCI,292,014,1.0,12.0,OPT,N,0
119360,2026,Fall,2268,1,POLSCI,292,015,1.0,12.0,OPT,N,0
119360,2026,Fall,2268,1,POLSCI,292,016,1.0,12.0,OPT,N,0
119360,2026,Fall,2268,1,POLSCI,292,017,1.0,12.0,OPT,N,0
119360,2026,Fall,2268,1,POLSCI,292,018,1.0,12.0,OPT,N,0
119360,2026,Fall,2268,1,POLSCI,292,019,1.0,12.0,OPT,N,0
119360,2026,Fall,2268,1,POLSCI,292,020,1.0,12.0,OPT,N,0
119360,2026,Fall,2268,1,POLSCI,292,021,1.0,12.0,OPT,N,0
119360,2026,Fall,2268,1,POLSCI,292,022,1.0,12.0,OPT,N,0
119360,2026,Fall,2268,1,POLSCI,292,023,1.0,12.0,OPT,N,0
119360,2026,Fall,2268,1,POLSCI,292,024,1.0,12.0,OPT,N,0
119360,2026,Fall,2268,1,POLSCI,292,025,1.0,12.0,OPT,N,0
119360,2026,Fall,2268,1,POLSCI,292,026,1.0,12.0,OPT,N,0
119360,2026,Fall,2268,1,POLSCI,292,027,1.0,12.0,OPT,N,0
119360,2026,Fall,2268,1,POLSCI,292,028,1.0,12.0,OPT,N,0
119360,2026,Fall,2268,1,POLSCI,292,029,1.0,12.0,OPT,N,0
119360,2026,Fall,2268,1,POLSCI,292,030,1.0,12.0,OPT,N,0
119360,2026,Fall,2268,1,POLSCI,292,031,1.0,12.0,OPT,N,0
119360,2026,Fall,2268,1,POLSCI,292,032,1.0,12.0,OPT,N,0
119360,2026,Fall,2268,1,POLSCI,292,033,1.0,12.0,OPT,N,0
119360,2026,Fall,2268,1,POLSCI,292,034,1.0,12.0,OPT,N,0
119360,2026,Fall,2268,1,POLSCI,292,035,1.0,12.0,OPT,N,0
119360,2026,Fall,2268,1,POLSCI,292,036,1.0,12.0,OPT,N,0
119360,2026,Fall,2268,1,POLSCI,292,037,1.0,12.0,OPT,N,0
119360,2026,Fall,2268,1,POLSCI,292,038,1.0,12.0,OPT,N,0
119360,2026,Fall,2268,1,POLSCI,292,039,1.0,12.0,OPT,N,0
119360,2026,Fall,2268,1,POLSCI,292,040,1.0,12.0,OPT,N,0
119360,2026,Fall,2268,1,POLSCI,292,041,1.0,12.0,OPT,N,0
119360,2026,Fall,2268,1,POLSCI,292,042,1.0,12.0,OPT,N,0
119360,2026,Fall,2268,1,POLSCI,292,043,1.0,12.0,OPT,N,0
119360,2026,Fall,2268,1,POLSCI,292,044,1.0,12.0,OPT,N,0
119360,2026,Fall,2268,1,POLSCI,292,045,1.0,12.0,OPT,N,0
119360,2026,Fall,2268,1,POLSCI,292,046,1.0,12.0,OPT,N,0
119360,2026,Fall,2268,1,POLSCI,292,047,1.0,12.0,OPT,N,0
119360,2026,Fall,2268,1,POLSCI,292,048,1.0,12.0,OPT,N,0
119360,2026,Fall,2268,1,POLSCI,292,049,1.0,12.0,OPT,N,0
119360,2026,Fall,2268,1,POLSCI,292,050,1.0,12.0,OPT,N,0
119360,2026,Fall,2268,1,POLSCI,292,051,1.0,12.0,OPT,N,0
119360,2026,Fall,2268,1,POLSCI,292,052,1.0,12.0,OPT,N,0
119360,2026,Fall,2268,1,POLSCI,292,053,1.0,12.0,OPT,N,0
119360,2026,Fall,2268,1,POLSCI,292,054,1.0,12.0,OPT,N,0
119360,2026,Fall,2268,1,POLSCI,292,055,1.0,12.0,OPT,N,0
119360,2026,Fall,2268,1,POLSCI,292,056,1.0,12.0,OPT,N,0
119360,2026,Fall,2268,1,POLSCI,292,057,1.0,12.0,OPT,N,0
119360,2026,Fall,2268,1,POLSCI,292,058,1.0,12.0,OPT,N,0
119360,2026,Fall,2268,1,POLSCI,292,059,1.0,12.0,OPT,N,0
119360,2026,Fall,2268,1,POLSCI,292,060,1.0,12.0,OPT,N,0
119360,2026,Fall,2268,1,POLSCI,292,061,1.0,12.0,OPT,N,0
119360,2026,Fall,2268,1,POLSCI,292,062,1.0,12.0,OPT,N,0
119360,2026,Fall,2268,1,POLSCI,292,063,1.0,12.0,OPT,N,0
119360,2026,Fall,2268,1,POLSCI,292,064,1.0,12.0,OPT,N,0
119360,2026,Fall,2268,1,POLSCI,292,065,1.0,12.0,OPT,N,0
119360,2026,Fall,2268,1,POLSCI,292,066,1.0,12.0,OPT,N,0
119360,2026,Fall,2268,1,POLSCI,292,067,1.0,12.0,OPT,N,0
119360,2026,Fall,2268,1,POLSCI,292,068,1.0,12.0,OPT,N,0
119360,2026,Fall,2268,1,POLSCI,292,069,1.0,12.0,OPT,N,0
119360,2026,Fall,2268,1,POLSCI,292,070,1.0,12.0,OPT,N,0
119360,2026,Fall,2268,1,POLSCI,292,071,1.0,12.0,OPT,N,0
119360,2026,Fall,2268,1,POLSCI,292,072,1.0,12.0,OPT,N,0
119360,2026,Fall,2268,1,POLSCI,292,073,1.0,12.0,OPT,N,0
119360,2026,Fall,2268,1,POLSCI,292,074,1.0,12.0,OPT,N,1
119361,2026,Fall,2268,1,POLSCI,296,001,4.0,12.0,SUS,N,0
119361,2026,Fall,2268,1,POLSCI,296,002,4.0,12.0,SUS,N,0
119361,2026,Fall,2268,1,POLSCI,296,003,4.0,12.0,SUS,N,0
119361,2026,Fall,2268,1,POLSCI,296,004,4.0,12.0,SUS,N,0
119361,2026,Fall,2268,1,POLSCI,296,005,4.0,12.0,SUS,N,0
119361,2026,Fall,2268,1,POLSCI,296,006,4.0,12.0,SUS,N,0
119361,2026,Fall,2268,1,POLSCI,296,007,4.0,12.0,SUS,N,0
119361,2026,Fall,2268,1,POLSCI,296,008,4.0,12.0,SUS,N,0
119361,2026,Fall,2268,1,POLSCI,296,009,4.0,12.0,SUS,N,0
119361,2026,Fall,2268,1,POLSCI,296,010,4.0,12.0,SUS,N,0
119361,2026,Fall,2268,1,POLSCI,296,011,4.0,12.0,SUS,N,0
119361,2026,Fall,2268,1,POLSCI,296,012,4.0,12.0,SUS,N,0
119361,2026,Fall,2268,1,POLSCI,296,013,4.0,12.0,SUS,N,0
119361,2026,Fall,2268,1,POLSCI,296,014,4.0,12.0,SUS,N,0
119361,2026,Fall,2268,1,POLSCI,296,015,4.0,12.0,SUS,N,0
119361,2026,Fall,2268,1,POLSCI,296,016,4.0,12.0,SUS,N,0
119361,2026,Fall,2268,1,POLSCI,296,017,4.0,12.0,SUS,N,0
119361,2026,Fall,2268,1,POLSCI,296,018,4.0,12.0,SUS,N,0
119361,2026,Fall,2268,1,POLSCI,296,019,4.0,12.0,SUS,N,0
119361,2026,Fall,2268,1,POLSCI,296,020,4.0,12.0,SUS,N,0
119361,2026,Fall,2268,1,POLSCI,296,021,4.0,12.0,SUS,N,0
119361,2026,Fall,2268,1,POLSCI,296,022,4.0,12.0,SUS,N,0
119361,2026,Fall,2268,1,POLSCI,296,023,4.0,12.0,SUS,N,0
119361,2026,Fall,2268,1,POLSCI,296,024,4.0,12.0,SUS,N,0
119361,2026,Fall,2268,1,POLSCI,296,025,4.0,12.0,SUS,N,0
119361,2026,Fall,2268,1,POLSCI,296,026,4.0,12.0,SUS,N,0
119361,2026,Fall,2268,1,POLSCI,296,027,4.0,12.0,SUS,N,0
119361,2026,Fall,2268,1,POLSCI,296,028,4.0,12.0,SUS,N,0
119361,2026,Fall,2268,1,POLSCI,296,029,4.0,12.0,SUS,N,0
119361,2026,Fall,2268,1,POLSCI,296,030,4.0,12.0,SUS,N,0
119361,2026,Fall,2268,1,POLSCI,296,031,4.0,12.0,SUS,N,0
119361,2026,Fall,2268,1,POLSCI,296,032,4.0,12.0,SUS,N,0
119361,2026,Fall,2268,1,POLSCI,296,033,4.0,12.0,SUS,N,0
119361,2026,Fall,2268,1,POLSCI,296,034,4.0,12.0,SUS,N,0
119361,2026,Fall,2268,1,POLSCI,296,035,4.0,12.0,SUS,N,0
119361,2026,Fall,2268,1,POLSCI,296,036,4.0,12.0,SUS,N,0
119361,2026,Fall,2268,1,POLSCI,296,037,4.0,12.0,SUS,N,0
119361,2026,Fall,2268,1,POLSCI,296,038,4.0,12.0,SUS,N,0
119361,2026,Fall,2268,1,POLSCI,296,039,4.0,12.0,SUS,N,0
119361,2026,Fall,2268,1,POLSCI,296,040,4.0,12.0,SUS,N,0
119361,2026,Fall,2268,1,POLSCI,296,041,4.0,12.0,SUS,N,0
119361,2026,Fall,2268,1,POLSCI,296,042,4.0,12.0,SUS,N,0
119361,2026,Fall,2268,1,POLSCI,296,043,4.0,12.0,SUS,N,0
119361,2026,Fall,2268,1,POLSCI,296,044,4.0,12.0,SUS,N,0
119361,2026,Fall,2268,1,POLSCI,296,045,4.0,12.0,SUS,N,0
119361,2026,Fall,2268,1,POLSCI,296,046,4.0,12.0,SUS,N,0
119361,2026,Fall,2268,1,POLSCI,296,047,4.0,12.0,SUS,N,0
119361,2026,Fall,2268,1,POLSCI,296,048,4.0,12.0,SUS,N,0
119361,2026,Fall,2268,1,POLSCI,296,049,4.0,12.0,SUS,N,0
119361,2026,Fall,2268,1,POLSCI,296,050,4.0,12.0,SUS,N,0
119361,2026,Fall,2268,1,POLSCI,296,051,4.0,12.0,SUS,N,0
119361,2026,Fall,2268,1,POLSCI,296,052,4.0,12.0,SUS,N,0
119361,2026,Fall,2268,1,POLSCI,296,053,4.0,12.0,SUS,N,0
119361,2026,Fall,2268,1,POLSCI,296,057,4.0,12.0,SUS,N,0
119361,2026,Fall,2268,1,POLSCI,296,058,4.0,12.0,SUS,N,0
119361,2026,Fall,2268,1,POLSCI,296,059,4.0,12.0,SUS,N,0
119361,2026,Fall,2268,1,POLSCI,296,060,4.0,12.0,SUS,N,0
119361,2026,Fall,2268,1,POLSCI,296,061,4.0,12.0,SUS,N,0
119361,2026,Fall,2268,1,POLSCI,296,062,4.0,12.0,SUS,N,0
119361,2026,Fall,2268,1,POLSCI,296,064,4.0,12.0,SUS,N,0
119361,2026,Fall,2268,1,POLSCI,296,065,4.0,12.0,SUS,N,0
119361,2026,Fall,2268,1,POLSCI,296,066,4.0,12.0,SUS,N,0
119361,2026,Fall,2268,1,POLSCI,296,067,4.0,12.0,SUS,N,0
119361,2026,Fall,2268,1,POLSCI,296,068,4.0,12.0,SUS,N,0
119361,2026,Fall,2268,1,POLSCI,296,069,4.0,12.0,SUS,N,0
119361,2026,Fall,2268,1,POLSCI,296,070,4.0,12.0,SUS,N,0
119361,2026,Fall,2268,1,POLSCI,296,071,4.0,12.0,SUS,N,0
119361,2026,Fall,2268,1,POLSCI,296,072,4.0,12.0,SUS,N,0
119361,2026,Fall,2268,1,POLSCI,296,073,4.0,12.0,SUS,N,0
119361,2026,Fall,2268,1,POLSCI,296,074,4.0,12.0,SUS,N,0
119361,2026,Fall,2268,1,POLSCI,296,63,4.0,12.0,SUS,N,0
119362,2026,Fall,2268,1,POLSCI,299,001,1.0,12.0,SUS,N,0
119362,2026,Fall,2268,1,POLSCI,299,002,1.0,12.0,SUS,N,0
119363,2026,Fall,2268,1,POLSCI,3,001,4.0,4.0,OPT,Y,550
119367,2026,Fall,2268,1,POLSCI,375,001,2.0,2.0,SUS,N,11
119395,2026,Fall,2268,1,POLSCI,398,001,4.0,4.0,SUS,N,0
119395,2026,Fall,2268,1,POLSCI,398,002,4.0,4.0,SUS,N,0
119395,2026,Fall,2268,1,POLSCI,398,003,4.0,4.0,SUS,N,0
119395,2026,Fall,2268,1,POLSCI,398,004,4.0,4.0,SUS,N,0
119395,2026,Fall,2268,1,POLSCI,398,005,4.0,4.0,SUS,N,0
119395,2026,Fall,2268,1,POLSCI,398,006,4.0,4.0,SUS,N,0
119395,2026,Fall,2268,1,POLSCI,398,007,4.0,4.0,SUS,N,0
119395,2026,Fall,2268,1,POLSCI,398,008,4.0,4.0,SUS,N,0
119395,2026,Fall,2268,1,POLSCI,398,009,4.0,4.0,SUS,N,0
119395,2026,Fall,2268,1,POLSCI,398,010,4.0,4.0,SUS,N,0
119395,2026,Fall,2268,1,POLSCI,398,011,4.0,4.0,SUS,N,0
119395,2026,Fall,2268,1,POLSCI,398,012,4.0,4.0,SUS,N,0
119395,2026,Fall,2268,1,POLSCI,398,014,4.0,4.0,SUS,N,0
119395,2026,Fall,2268,1,POLSCI,398,015,4.0,4.0,SUS,N,0
119395,2026,Fall,2268,1,POLSCI,398,016,4.0,4.0,SUS,N,0
119395,2026,Fall,2268,1,POLSCI,398,017,4.0,4.0,SUS,N,0
119395,2026,Fall,2268,1,POLSCI,398,018,4.0,4.0,SUS,N,0
119395,2026,Fall,2268,1,POLSCI,398,019,4.0,4.0,SUS,N,0
119395,2026,Fall,2268,1,POLSCI,398,020,4.0,4.0,SUS,N,0
119395,2026,Fall,2268,1,POLSCI,398,021,4.0,4.0,SUS,N,0
119395,2026,Fall,2268,1,POLSCI,398,023,4.0,4.0,SUS,N,0
119395,2026,Fall,2268,1,POLSCI,398,024,4.0,4.0,SUS,N,0
119395,2026,Fall,2268,1,POLSCI,398,025,4.0,4.0,SUS,N,0
119395,2026,Fall,2268,1,POLSCI,398,026,4.0,4.0,SUS,N,0
119395,2026,Fall,2268,1,POLSCI,398,027,4.0,4.0,SUS,N,0
119395,2026,Fall,2268,1,POLSCI,398,030,4.0,4.0,SUS,N,0
119395,2026,Fall,2268,1,POLSCI,398,031,4.0,4.0,SUS,N,0
119395,2026,Fall,2268,1,POLSCI,398,034,4.0,4.0,SUS,N,0
119395,2026,Fall,2268,1,POLSCI,398,039,4.0,4.0,SUS,N,0
119395,2026,Fall,2268,1,POLSCI,398,040,4.0,4.0,SUS,N,0
119395,2026,Fall,2268,1,POLSCI,398,041,4.0,4.0,SUS,N,0
119395,2026,Fall,2268,1,POLSCI,398,045,4.0,4.0,SUS,N,0
119395,2026,Fall,2268,1,POLSCI,398,051,4.0,4.0,SUS,N,0
119395,2026,Fall,2268,1,POLSCI,398,052,4.0,4.0,SUS,N,0
119395,2026,Fall,2268,1,POLSCI,398,057,4.0,4.0,SUS,N,0
119395,2026,Fall,2268,1,POLSCI,398,061,4.0,4.0,SUS,N,0
119395,2026,Fall,2268,1,POLSCI,398,062,4.0,4.0,SUS,N,0
119395,2026,Fall,2268,1,POLSCI,398,064,4.0,4.0,SUS,N,0
119395,2026,Fall,2268,1,POLSCI,398,065,4.0,4.0,SUS,N,0
119395,2026,Fall,2268,1,POLSCI,398,066,4.0,4.0,SUS,N,0
119395,2026,Fall,2268,1,POLSCI,398,067,4.0,4.0,SUS,N,0
119395,2026,Fall,2268,1,POLSCI,398,068,4.0,4.0,SUS,N,0
119395,2026,Fall,2268,1,POLSCI,398,069,4.0,4.0,SUS,N,0
119395,2026,Fall,2268,1,POLSCI,398,070,4.0,4.0,SUS,N,0
119395,2026,Fall,2268,1,POLSCI,398,071,4.0,4.0,SUS,N,0
119395,2026,Fall,2268,1,POLSCI,398,072,4.0,4.0,SUS,N,0
119395,2026,Fall,2268,1,POLSCI,398,080,4.0,4.0,SUS,N,0
119395,2026,Fall,2268,1,POLSCI,398,084,4.0,4.0,SUS,N,0
119395,2026,Fall,2268,1,POLSCI,398,085,4.0,4.0,SUS,N,0
119395,2026,Fall,2268,1,POLSCI,398,086,4.0,4.0,SUS,N,0
119395,2026,Fall,2268,1,POLSCI,398,087,4.0,4.0,SUS,N,0
119395,2026,Fall,2268,1,POLSCI,398,088,4.0,4.0,SUS,N,0
119395,2026,Fall,2268,1,POLSCI,398,089,4.0,4.0,SUS,N,0
119395,2026,Fall,2268,1,POLSCI,398,090,4.0,4.0,SUS,N,0
119395,2026,Fall,2268,1,POLSCI,398,096,4.0,4.0,SUS,N,0
119395,2026,Fall,2268,1,POLSCI,398,103,4.0,4.0,SUS,N,0
119395,2026,Fall,2268,1,POLSCI,398,107,4.0,4.0,SUS,N,0
119395,2026,Fall,2268,1,POLSCI,398,108,4.0,4.0,SUS,N,0
119395,2026,Fall,2268,1,POLSCI,398,109,4.0,4.0,SUS,N,0
119395,2026,Fall,2268,1,POLSCI,398,110,4.0,4.0,SUS,N,0
119395,2026,Fall,2268,1,POLSCI,398,111,4.0,4.0,SUS,N,0
119395,2026,Fall,2268,1,POLSCI,398,116,4.0,4.0,SUS,N,0
119395,2026,Fall,2268,1,POLSCI,398,117,4.0,4.0,SUS,N,0
119395,2026,Fall,2268,1,POLSCI,398,122,4.0,4.0,SUS,N,0
119395,2026,Fall,2268,1,POLSCI,398,123,4.0,4.0,SUS,N,0
119395,2026,Fall,2268,1,POLSCI,398,127,4.0,4.0,SUS,N,0
119395,2026,Fall,2268,1,POLSCI,398,128,4.0,4.0,SUS,N,0
119395,2026,Fall,2268,1,POLSCI,398,129,4.0,4.0,SUS,N,0
119395,2026,Fall,2268,1,POLSCI,398,130,4.0,4.0,SUS,N,0
119395,2026,Fall,2268,1,POLSCI,398,131,4.0,4.0,SUS,N,0
119395,2026,Fall,2268,1,POLSCI,398,135,4.0,4.0,SUS,N,0
119395,2026,Fall,2268,1,POLSCI,398,136,4.0,4.0,SUS,N,0
119395,2026,Fall,2268,1,POLSCI,398,137,4.0,4.0,SUS,N,0
119395,2026,Fall,2268,1,POLSCI,398,138,4.0,4.0,SUS,N,0
119395,2026,Fall,2268,1,POLSCI,398,139,4.0,4.0,SUS,N,0
119395,2026,Fall,2268,1,POLSCI,398,140,4.0,4.0,SUS,N,0
119370,2026,Fall,2268,1,POLSCI,39B,001,2.0,4.0,OPT,Y,0
119396,2026,Fall,2268,1,POLSCI,4,001,4.0,4.0,OPT,Y,0
119398,2026,Fall,2268,1,POLSCI,404,001,1.0,4.0,SUS,N,0
119398,2026,Fall,2268,1,POLSCI,404,002,1.0,4.0,SUS,N,0
119398,2026,Fall,2268,1,POLSCI,404,003,1.0,4.0,SUS,N,0
119398,2026,Fall,2268,1,POLSCI,404,006,1.0,4.0,SUS,N,0
119398,2026,Fall,2268,1,POLSCI,404,008,1.0,4.0,SUS,N,0
119398,2026,Fall,2268,1,POLSCI,404,010,1.0,4.0,SUS,N,0
119398,2026,Fall,2268,1,POLSCI,404,014,1.0,4.0,SUS,N,0
119398,2026,Fall,2268,1,POLSCI,404,015,1.0,4.0,SUS,N,0
119398,2026,Fall,2268,1,POLSCI,404,016,1.0,4.0,SUS,N,0
119398,2026,Fall,2268,1,POLSCI,404,017,1.0,4.0,SUS,N,0
119398,2026,Fall,2268,1,POLSCI,404,018,1.0,4.0,SUS,N,0
119398,2026,Fall,2268,1,POLSCI,404,019,1.0,4.0,SUS,N,0
119398,2026,Fall,2268,1,POLSCI,404,023,1.0,4.0,SUS,N,0
119398,2026,Fall,2268,1,POLSCI,404,024,1.0,4.0,SUS,N,0
119398,2026,Fall,2268,1,POLSCI,404,025,1.0,4.0,SUS,N,0
119398,2026,Fall,2268,1,POLSCI,404,026,1.0,4.0,SUS,N,0
119398,2026,Fall,2268,1,POLSCI,404,030,1.0,4.0,SUS,N,0
119398,2026,Fall,2268,1,POLSCI,404,033,1.0,4.0,SUS,N,0
119398,2026,Fall,2268,1,POLSCI,404,034,1.0,4.0,SUS,N,0
119398,2026,Fall,2268,1,POLSCI,404,035,1.0,4.0,SUS,N,0
119398,2026,Fall,2268,1,POLSCI,404,039,1.0,4.0,SUS,N,0
119398,2026,Fall,2268,1,POLSCI,404,041,1.0,4.0,SUS,N,0
119398,2026,Fall,2268,1,POLSCI,404,045,1.0,4.0,SUS,N,0
119398,2026,Fall,2268,1,POLSCI,404,051,1.0,4.0,SUS,N,0
119398,2026,Fall,2268,1,POLSCI,404,052,1.0,4.0,SUS,N,0
119398,2026,Fall,2268,1,POLSCI,404,053,1.0,4.0,SUS,N,0
119398,2026,Fall,2268,1,POLSCI,404,057,1.0,4.0,SUS,N,0
119398,2026,Fall,2268,1,POLSCI,404,062,1.0,4.0,SUS,N,0
119398,2026,Fall,2268,1,POLSCI,404,064,1.0,4.0,SUS,N,0
119398,2026,Fall,2268,1,POLSCI,404,065,1.0,4.0,SUS,N,0
119398,2026,Fall,2268,1,POLSCI,404,066,1.0,4.0,SUS,N,0
119398,2026,Fall,2268,1,POLSCI,404,067,1.0,4.0,SUS,N,0
119398,2026,Fall,2268,1,POLSCI,404,068,1.0,4.0,SUS,N,0
119398,2026,Fall,2268,1,POLSCI,404,071,1.0,4.0,SUS,N,0
119398,2026,Fall,2268,1,POLSCI,404,072,1.0,4.0,SUS,N,0
119398,2026,Fall,2268,1,POLSCI,404,080,1.0,4.0,SUS,N,0
119398,2026,Fall,2268,1,POLSCI,404,084,1.0,4.0,SUS,N,0
119398,2026,Fall,2268,1,POLSCI,404,085,1.0,4.0,SUS,N,0
119398,2026,Fall,2268,1,POLSCI,404,086,1.0,4.0,SUS,N,0
119398,2026,Fall,2268,1,POLSCI,404,087,1.0,4.0,SUS,N,0
119398,2026,Fall,2268,1,POLSCI,404,088,1.0,4.0,SUS,N,0
119398,2026,Fall,2268,1,POLSCI,404,089,1.0,4.0,SUS,N,0
119398,2026,Fall,2268,1,POLSCI,404,090,1.0,4.0,SUS,N,0
119398,2026,Fall,2268,1,POLSCI,404,103,1.0,4.0,SUS,N,0
119398,2026,Fall,2268,1,POLSCI,404,106,1.0,4.0,SUS,N,0
119398,2026,Fall,2268,1,POLSCI,404,107,1.0,4.0,SUS,N,0
119398,2026,Fall,2268,1,POLSCI,404,108,1.0,4.0,SUS,N,0
119398,2026,Fall,2268,1,POLSCI,404,109,1.0,4.0,SUS,N,0
119398,2026,Fall,2268,1,POLSCI,404,110,1.0,4.0,SUS,N,0
119398,2026,Fall,2268,1,POLSCI,404,111,1.0,4.0,SUS,N,0
119398,2026,Fall,2268,1,POLSCI,404,117,1.0,4.0,SUS,N,0
119398,2026,Fall,2268,1,POLSCI,404,122,1.0,4.0,SUS,N,0
119398,2026,Fall,2268,1,POLSCI,404,123,1.0,4.0,SUS,N,0
119398,2026,Fall,2268,1,POLSCI,404,127,1.0,4.0,SUS,N,0
119398,2026,Fall,2268,1,POLSCI,404,128,1.0,4.0,SUS,N,0
119398,2026,Fall,2268,1,POLSCI,404,130,1.0,4.0,SUS,N,0
119398,2026,Fall,2268,1,POLSCI,404,135,1.0,4.0,SUS,N,0
119398,2026,Fall,2268,1,POLSCI,404,136,1.0,4.0,SUS,N,0
164205,2026,Fall,2268,1,POLSCI,41C,001,4.0,4.0,OPT,A,23
119400,2026,Fall,2268,1,POLSCI,5,001,4.0,4.0,OPT,Y,1111
119402,2026,Fall,2268,1,POLSCI,602,001,4.0,12.0,SUS,N,0
119403,2026,Fall,2268,1,POLSCI,84,001,1.0,2.0,IOP,Y,0
161325,2026,Fall,2268,1,POLSCI,88,001,2.0,2.0,OPT,A,0
119407,2026,Fall,2268,1,POLSCI,99,001,1.0,4.0,PNP,N,0
124563,2026,Fall,2268,1,POLSCI,C131A,001,4.0,4.0,OPT,Y,0
123898,2026,Fall,2268,1,POLSCI,C135,001,4.0,4.0,OPT,Y,303
124373,2026,Fall,2268,1,POLSCI,C196A,001,4.0,4.0,OPT,N,99
124366,2026,Fall,2268,1,POLSCI,C196B,001,8.0,12.0,OPT,N,53
124195,2026,Fall,2268,1,POLSCI,C237A,001,3.0,3.0,OPT,N,106
119408,2026,Fall,2268,1,POLSCI,H190A,001,4.0,4.0,PNP,Y,40
119408,2026,Fall,2268,1,POLSCI,H190A,002,4.0,4.0,PNP,Y,34
119408,2026,Fall,2268,1,POLSCI,H190A,003,4.0,4.0,PNP,Y,9
119488,2026,Fall,2268,1,PORTUG,102,001,4.0,4.0,OPT,A,94
119489,2026,Fall,2268,1,PORTUG,103,001,4.0,4.0,OPT,A,39
119490,2026,Fall,2268,1,PORTUG,104,001,4.0,4.0,OPT,A,960
119506,2026,Fall,2268,1,PORTUG,135,001,4.0,4.0,OPT,A,100
154680,2026,Fall,2268,1,PORTUG,27,001,3.0,3.0,OPT,A,468
119523,2026,Fall,2268,1,PORTUG,275,001,4.0,4.0,OPT,N,16
119524,2026,Fall,2268,1,PORTUG,298,001,1.0,8.0,OPT,N,0
119525,2026,Fall,2268,1,PORTUG,299,001,1.0,8.0,SUS,N,1
119525,2026,Fall,2268,1,PORTUG,299,002,1.0,8.0,SUS,N,0
119485,2026,Fall,2268,1,PORTUG,50,001,4.0,4.0,OPT,Y,36
119485,2026,Fall,2268,1,PORTUG,50,002,4.0,4.0,OPT,Y,44
119565,2026,Fall,2268,1,PSYCH,1,001,3.0,3.0,OPT,N,1458
119565,2026,Fall,2268,1,PSYCH,1,002,3.0,3.0,OPT,N,602
119565,2026,Fall,2268,1,PSYCH,1,UC01,3.0,3.0,OPT,N,0
119569,2026,Fall,2268,1,PSYCH,101,001,4.0,4.0,OPT,A,817
119569,2026,Fall,2268,1,PSYCH,101,002,4.0,4.0,OPT,A,0
119570,2026,Fall,2268,1,PSYCH,102,001,4.0,4.0,OPT,A,262
119584,2026,Fall,2268,1,PSYCH,110,001,3.0,3.0,OPT,N,1246
168515,2026,Fall,2268,1,PSYCH,112A,001,3.0,3.0,OPT,A,0
119590,2026,Fall,2268,1,PSYCH,114,001,3.0,3.0,OPT,Y,0
158235,2026,Fall,2268,1,PSYCH,115,001,3.0,3.0,OPT,N,340
119608,2026,Fall,2268,1,PSYCH,125,001,3.0,3.0,OPT,Y,0
119627,2026,Fall,2268,1,PSYCH,130,001,3.0,3.0,OPT,Y,0
119628,2026,Fall,2268,1,PSYCH,131,001,3.0,3.0,OPT,Y,0
119631,2026,Fall,2268,1,PSYCH,133,001,3.0,3.0,OPT,Y,0
119632,2026,Fall,2268,1,PSYCH,134,001,3.0,3.0,OPT,Y,903
119639,2026,Fall,2268,1,PSYCH,140,001,3.0,3.0,OPT,Y,0
157782,2026,Fall,2268,1,PSYCH,147,001,3.0,3.0,OPT,Y,691
119659,2026,Fall,2268,1,PSYCH,150,001,3.0,3.0,OPT,A,0
119669,2026,Fall,2268,1,PSYCH,160,001,3.0,3.0,OPT,N,1023
160366,2026,Fall,2268,1,PSYCH,163,001,3.0,3.0,OPT,N,0
119679,2026,Fall,2268,1,PSYCH,168,001,3.0,3.0,OPT,N,227
119700,2026,Fall,2268,1,PSYCH,192,001,3.0,3.0,OPT,Y,334
125759,2026,Fall,2268,1,PSYCH,192P,001,3.0,3.0,PNP,A,0
119704,2026,Fall,2268,1,PSYCH,197,001,1.0,3.0,PNP,N,0
119704,2026,Fall,2268,1,PSYCH,197,002,1.0,3.0,PNP,N,0
119704,2026,Fall,2268,1,PSYCH,197,003,1.0,3.0,PNP,N,0
119704,2026,Fall,2268,1,PSYCH,197,004,1.0,3.0,PNP,N,0
119704,2026,Fall,2268,1,PSYCH,197,005,1.0,3.0,PNP,N,0
119704,2026,Fall,2268,1,PSYCH,197,006,1.0,3.0,PNP,N,0
119704,2026,Fall,2268,1,PSYCH,197,007,1.0,3.0,PNP,N,0
119704,2026,Fall,2268,1,PSYCH,197,008,1.0,3.0,PNP,N,0
119704,2026,Fall,2268,1,PSYCH,197,009,1.0,3.0,PNP,N,0
119704,2026,Fall,2268,1,PSYCH,197,010,1.0,3.0,PNP,N,0
119704,2026,Fall,2268,1,PSYCH,197,011,1.0,3.0,PNP,N,0
119704,2026,Fall,2268,1,PSYCH,197,012,1.0,3.0,PNP,N,0
119704,2026,Fall,2268,1,PSYCH,197,013,1.0,3.0,PNP,N,0
119704,2026,Fall,2268,1,PSYCH,197,014,1.0,3.0,PNP,N,0
119704,2026,Fall,2268,1,PSYCH,197,015,1.0,3.0,PNP,N,0
119704,2026,Fall,2268,1,PSYCH,197,016,1.0,3.0,PNP,N,0
119704,2026,Fall,2268,1,PSYCH,197,017,1.0,3.0,PNP,N,0
119704,2026,Fall,2268,1,PSYCH,197,018,1.0,3.0,PNP,N,0
119704,2026,Fall,2268,1,PSYCH,197,019,1.0,3.0,PNP,N,0
119704,2026,Fall,2268,1,PSYCH,197,020,1.0,3.0,PNP,N,0
119704,2026,Fall,2268,1,PSYCH,197,021,1.0,3.0,PNP,N,0
119704,2026,Fall,2268,1,PSYCH,197,022,1.0,3.0,PNP,N,0
119704,2026,Fall,2268,1,PSYCH,197,023,1.0,3.0,PNP,N,0
119704,2026,Fall,2268,1,PSYCH,197,024,1.0,3.0,PNP,N,0
119704,2026,Fall,2268,1,PSYCH,197,025,1.0,3.0,PNP,N,0
119704,2026,Fall,2268,1,PSYCH,197,026,1.0,3.0,PNP,N,0
119704,2026,Fall,2268,1,PSYCH,197,027,1.0,3.0,PNP,N,0
119704,2026,Fall,2268,1,PSYCH,197,028,1.0,3.0,PNP,N,0
119704,2026,Fall,2268,1,PSYCH,197,029,1.0,3.0,PNP,N,0
119704,2026,Fall,2268,1,PSYCH,197,030,1.0,3.0,PNP,N,0
119704,2026,Fall,2268,1,PSYCH,197,031,1.0,3.0,PNP,N,0
119704,2026,Fall,2268,1,PSYCH,197,032,1.0,3.0,PNP,N,0
119704,2026,Fall,2268,1,PSYCH,197,033,1.0,3.0,PNP,N,0
119704,2026,Fall,2268,1,PSYCH,197,034,1.0,3.0,PNP,N,0
119704,2026,Fall,2268,1,PSYCH,197,035,1.0,3.0,PNP,N,0
119704,2026,Fall,2268,1,PSYCH,197,036,1.0,3.0,PNP,N,0
119704,2026,Fall,2268,1,PSYCH,197,037,1.0,3.0,PNP,N,0
119704,2026,Fall,2268,1,PSYCH,197,038,1.0,3.0,PNP,N,0
119704,2026,Fall,2268,1,PSYCH,197,039,1.0,3.0,PNP,N,0
119704,2026,Fall,2268,1,PSYCH,197,040,1.0,3.0,PNP,N,0
119704,2026,Fall,2268,1,PSYCH,197,041,1.0,3.0,PNP,N,0
119704,2026,Fall,2268,1,PSYCH,197,042,1.0,3.0,PNP,N,0
119704,2026,Fall,2268,1,PSYCH,197,043,1.0,3.0,PNP,N,0
119704,2026,Fall,2268,1,PSYCH,197,044,1.0,3.0,PNP,N,0
119704,2026,Fall,2268,1,PSYCH,197,045,1.0,3.0,PNP,N,0
119704,2026,Fall,2268,1,PSYCH,197,046,1.0,3.0,PNP,N,0
119704,2026,Fall,2268,1,PSYCH,197,047,1.0,3.0,PNP,N,0
119706,2026,Fall,2268,1,PSYCH,199,001,1.0,3.0,PNP,N,0
119706,2026,Fall,2268,1,PSYCH,199,002,1.0,3.0,PNP,N,0
119706,2026,Fall,2268,1,PSYCH,199,003,1.0,3.0,PNP,N,0
119706,2026,Fall,2268,1,PSYCH,199,004,1.0,3.0,PNP,N,0
119706,2026,Fall,2268,1,PSYCH,199,005,1.0,3.0,PNP,N,0
119706,2026,Fall,2268,1,PSYCH,199,006,1.0,3.0,PNP,N,0
119706,2026,Fall,2268,1,PSYCH,199,007,1.0,3.0,PNP,N,0
119706,2026,Fall,2268,1,PSYCH,199,008,1.0,3.0,PNP,N,0
119706,2026,Fall,2268,1,PSYCH,199,009,1.0,3.0,PNP,N,0
119706,2026,Fall,2268,1,PSYCH,199,010,1.0,3.0,PNP,N,0
119706,2026,Fall,2268,1,PSYCH,199,011,1.0,3.0,PNP,N,0
119706,2026,Fall,2268,1,PSYCH,199,012,1.0,3.0,PNP,N,0
119706,2026,Fall,2268,1,PSYCH,199,013,1.0,3.0,PNP,N,0
119706,2026,Fall,2268,1,PSYCH,199,014,1.0,3.0,PNP,N,0
119706,2026,Fall,2268,1,PSYCH,199,015,1.0,3.0,PNP,N,0
119706,2026,Fall,2268,1,PSYCH,199,016,1.0,3.0,PNP,N,0
119706,2026,Fall,2268,1,PSYCH,199,017,1.0,3.0,PNP,N,0
119706,2026,Fall,2268,1,PSYCH,199,018,1.0,3.0,PNP,N,0
119706,2026,Fall,2268,1,PSYCH,199,019,1.0,3.0,PNP,N,0
119706,2026,Fall,2268,1,PSYCH,199,020,1.0,3.0,PNP,N,0
119706,2026,Fall,2268,1,PSYCH,199,021,1.0,3.0,PNP,N,0
119706,2026,Fall,2268,1,PSYCH,199,022,1.0,3.0,PNP,N,0
119706,2026,Fall,2268,1,PSYCH,199,023,1.0,3.0,PNP,N,0
119706,2026,Fall,2268,1,PSYCH,199,024,1.0,3.0,PNP,N,0
119706,2026,Fall,2268,1,PSYCH,199,025,1.0,3.0,PNP,N,0
119706,2026,Fall,2268,1,PSYCH,199,026,1.0,3.0,PNP,N,0
119706,2026,Fall,2268,1,PSYCH,199,027,1.0,3.0,PNP,N,0
119706,2026,Fall,2268,1,PSYCH,199,028,1.0,3.0,PNP,N,0
119706,2026,Fall,2268,1,PSYCH,199,029,1.0,3.0,PNP,N,0
119706,2026,Fall,2268,1,PSYCH,199,030,1.0,3.0,PNP,N,0
119706,2026,Fall,2268,1,PSYCH,199,031,1.0,3.0,PNP,N,0
119706,2026,Fall,2268,1,PSYCH,199,032,1.0,3.0,PNP,N,0
119706,2026,Fall,2268,1,PSYCH,199,033,1.0,3.0,PNP,N,0
119706,2026,Fall,2268,1,PSYCH,199,034,1.0,3.0,PNP,N,0
119706,2026,Fall,2268,1,PSYCH,199,035,1.0,3.0,PNP,N,0
119706,2026,Fall,2268,1,PSYCH,199,036,1.0,3.0,PNP,N,0
119706,2026,Fall,2268,1,PSYCH,199,037,1.0,3.0,PNP,N,0
119706,2026,Fall,2268,1,PSYCH,199,038,1.0,3.0,PNP,N,0
119706,2026,Fall,2268,1,PSYCH,199,039,1.0,3.0,PNP,N,0
119706,2026,Fall,2268,1,PSYCH,199,040,1.0,3.0,PNP,N,0
119706,2026,Fall,2268,1,PSYCH,199,041,1.0,3.0,PNP,N,0
119706,2026,Fall,2268,1,PSYCH,199,042,1.0,3.0,PNP,N,0
119706,2026,Fall,2268,1,PSYCH,199,043,1.0,3.0,PNP,N,0
119706,2026,Fall,2268,1,PSYCH,199,044,1.0,3.0,PNP,N,0
119706,2026,Fall,2268,1,PSYCH,199,045,1.0,3.0,PNP,N,0
119706,2026,Fall,2268,1,PSYCH,199,046,1.0,3.0,PNP,N,0
119706,2026,Fall,2268,1,PSYCH,199,047,1.0,3.0,PNP,N,0
119706,2026,Fall,2268,1,PSYCH,199,048,1.0,3.0,PNP,N,0
119706,2026,Fall,2268,1,PSYCH,199,049,1.0,3.0,PNP,N,0
119706,2026,Fall,2268,1,PSYCH,199,050,1.0,3.0,PNP,N,0
119706,2026,Fall,2268,1,PSYCH,199,053,1.0,3.0,PNP,N,0
119706,2026,Fall,2268,1,PSYCH,199,056,1.0,3.0,PNP,N,0
119706,2026,Fall,2268,1,PSYCH,199,058,1.0,3.0,PNP,N,0
119706,2026,Fall,2268,1,PSYCH,199,062,1.0,3.0,PNP,N,0
119706,2026,Fall,2268,1,PSYCH,199,063,1.0,3.0,PNP,N,0
119706,2026,Fall,2268,1,PSYCH,199,070,1.0,3.0,PNP,N,0
119706,2026,Fall,2268,1,PSYCH,199,071,1.0,3.0,PNP,N,0
119706,2026,Fall,2268,1,PSYCH,199,072,1.0,3.0,PNP,N,0
119706,2026,Fall,2268,1,PSYCH,199,073,1.0,3.0,PNP,N,0
119706,2026,Fall,2268,1,PSYCH,199,074,1.0,3.0,PNP,N,0
119706,2026,Fall,2268,1,PSYCH,199,075,1.0,3.0,PNP,N,0
119706,2026,Fall,2268,1,PSYCH,199,076,1.0,3.0,PNP,N,0
119706,2026,Fall,2268,1,PSYCH,199,077,1.0,3.0,PNP,N,0
119706,2026,Fall,2268,1,PSYCH,199,078,1.0,3.0,PNP,N,0
119706,2026,Fall,2268,1,PSYCH,199,079,1.0,3.0,PNP,N,0
119706,2026,Fall,2268,1,PSYCH,199,080,1.0,3.0,PNP,N,0
119706,2026,Fall,2268,1,PSYCH,199,081,1.0,3.0,PNP,N,0
119706,2026,Fall,2268,1,PSYCH,199,082,1.0,3.0,PNP,N,0
161344,2026,Fall,2268,1,PSYCH,208,001,3.0,3.0,OPT,Y,132
119726,2026,Fall,2268,1,PSYCH,210B,001,3.0,3.0,OPT,Y,91
166630,2026,Fall,2268,1,PSYCH,219,001,3.0,3.0,OPT,Y,0
162552,2026,Fall,2268,1,PSYCH,22,001,3.0,3.0,OPT,Y,0
166764,2026,Fall,2268,1,PSYCH,220A,001,3.0,3.0,OPT,N,42
124533,2026,Fall,2268,1,PSYCH,229A,001,1.0,1.0,SUS,N,34
124534,2026,Fall,2268,1,PSYCH,229B,001,1.0,1.0,SUS,N,147
161345,2026,Fall,2268,1,PSYCH,230A,001,2.0,2.0,OPT,N,0
161890,2026,Fall,2268,1,PSYCH,230C,001,2.0,2.0,OPT,N,33
119764,2026,Fall,2268,1,PSYCH,234D,001,3.0,3.0,OPT,N,64
119766,2026,Fall,2268,1,PSYCH,236,001,3.0,3.0,OPT,Y,26
119771,2026,Fall,2268,1,PSYCH,237E,001,3.0,3.0,OPT,N,22
119773,2026,Fall,2268,1,PSYCH,237G,001,1.0,2.0,OPT,N,19
119773,2026,Fall,2268,1,PSYCH,237G,002,1.0,2.0,OPT,N,0
119773,2026,Fall,2268,1,PSYCH,237G,003,1.0,2.0,OPT,N,0
119773,2026,Fall,2268,1,PSYCH,237G,004,1.0,2.0,OPT,N,0
119773,2026,Fall,2268,1,PSYCH,237G,005,1.0,2.0,OPT,N,0
119773,2026,Fall,2268,1,PSYCH,237G,006,1.0,2.0,OPT,N,0
119773,2026,Fall,2268,1,PSYCH,237G,007,1.0,2.0,OPT,N,0
119773,2026,Fall,2268,1,PSYCH,237G,008,1.0,2.0,OPT,N,0
119773,2026,Fall,2268,1,PSYCH,237G,009,1.0,2.0,OPT,N,0
119773,2026,Fall,2268,1,PSYCH,237G,010,1.0,2.0,OPT,N,0
119773,2026,Fall,2268,1,PSYCH,237G,011,1.0,2.0,OPT,N,0
119773,2026,Fall,2268,1,PSYCH,237G,012,1.0,2.0,OPT,N,0
119773,2026,Fall,2268,1,PSYCH,237G,013,1.0,2.0,OPT,N,0
119773,2026,Fall,2268,1,PSYCH,237G,014,1.0,2.0,OPT,N,0
119773,2026,Fall,2268,1,PSYCH,237G,015,1.0,2.0,OPT,N,0
119774,2026,Fall,2268,1,PSYCH,237H,001,3.0,3.0,OPT,N,10
161330,2026,Fall,2268,1,PSYCH,237S,001,1.0,1.0,SUS,N,13
119775,2026,Fall,2268,1,PSYCH,239,001,1.0,1.0,SUS,N,18
119776,2026,Fall,2268,1,PSYCH,24,001,1.0,1.0,OPT,Y,392
119777,2026,Fall,2268,1,PSYCH,240A,001,2.0,2.0,OPT,N,5
119778,2026,Fall,2268,1,PSYCH,240B,001,2.0,2.0,OPT,N,41
119785,2026,Fall,2268,1,PSYCH,249,001,1.0,1.0,SUS,N,12
119789,2026,Fall,2268,1,PSYCH,250D,001,3.0,3.0,OPT,N,0
119800,2026,Fall,2268,1,PSYCH,259,001,1.0,1.0,SUS,N,29
119801,2026,Fall,2268,1,PSYCH,260A,001,2.0,2.0,OPT,N,38
119805,2026,Fall,2268,1,PSYCH,269,001,1.0,1.0,SUS,N,25
119808,2026,Fall,2268,1,PSYCH,290B,002,2.0,2.0,OPT,N,0
119814,2026,Fall,2268,1,PSYCH,290H,001,2.0,2.0,OPT,N,0
119817,2026,Fall,2268,1,PSYCH,290J,001,2.0,2.0,OPT,N,0
119817,2026,Fall,2268,1,PSYCH,290J,002,2.0,2.0,OPT,N,28
119825,2026,Fall,2268,1,PSYCH,290Q,002,2.0,2.0,OPT,N,0
119826,2026,Fall,2268,1,PSYCH,290Z,001,1.0,3.0,OPT,N,0
119826,2026,Fall,2268,1,PSYCH,290Z,002,1.0,3.0,OPT,N,2
119827,2026,Fall,2268,1,PSYCH,292,001,2.0,2.0,SUS,N,20
119834,2026,Fall,2268,1,PSYCH,298,001,1.0,12.0,OPT,N,0
119834,2026,Fall,2268,1,PSYCH,298,002,1.0,12.0,OPT,N,0
119834,2026,Fall,2268,1,PSYCH,298,003,1.0,12.0,OPT,N,0
119834,2026,Fall,2268,1,PSYCH,298,004,1.0,12.0,OPT,N,0
119834,2026,Fall,2268,1,PSYCH,298,005,1.0,12.0,OPT,N,0
119834,2026,Fall,2268,1,PSYCH,298,006,1.0,12.0,OPT,N,0
119834,2026,Fall,2268,1,PSYCH,298,007,1.0,12.0,OPT,N,0
119834,2026,Fall,2268,1,PSYCH,298,008,1.0,12.0,OPT,N,0
119834,2026,Fall,2268,1,PSYCH,298,009,1.0,12.0,OPT,N,0
119834,2026,Fall,2268,1,PSYCH,298,010,1.0,12.0,OPT,N,0
119834,2026,Fall,2268,1,PSYCH,298,011,1.0,12.0,OPT,N,0
119834,2026,Fall,2268,1,PSYCH,298,012,1.0,12.0,OPT,N,0
119834,2026,Fall,2268,1,PSYCH,298,013,1.0,12.0,OPT,N,0
119834,2026,Fall,2268,1,PSYCH,298,014,1.0,12.0,OPT,N,0
119834,2026,Fall,2268,1,PSYCH,298,015,1.0,12.0,OPT,N,0
119834,2026,Fall,2268,1,PSYCH,298,016,1.0,12.0,OPT,N,0
119834,2026,Fall,2268,1,PSYCH,298,017,1.0,12.0,OPT,N,0
119834,2026,Fall,2268,1,PSYCH,298,018,1.0,12.0,OPT,N,0
119834,2026,Fall,2268,1,PSYCH,298,019,1.0,12.0,OPT,N,0
119834,2026,Fall,2268,1,PSYCH,298,020,1.0,12.0,OPT,N,0
119834,2026,Fall,2268,1,PSYCH,298,021,1.0,12.0,OPT,N,0
119834,2026,Fall,2268,1,PSYCH,298,022,1.0,12.0,OPT,N,0
119834,2026,Fall,2268,1,PSYCH,298,023,1.0,12.0,OPT,N,0
119834,2026,Fall,2268,1,PSYCH,298,024,1.0,12.0,OPT,N,0
119834,2026,Fall,2268,1,PSYCH,298,025,1.0,12.0,OPT,N,0
119834,2026,Fall,2268,1,PSYCH,298,026,1.0,12.0,OPT,N,0
119834,2026,Fall,2268,1,PSYCH,298,027,1.0,12.0,OPT,N,0
119834,2026,Fall,2268,1,PSYCH,298,028,1.0,12.0,OPT,N,0
119834,2026,Fall,2268,1,PSYCH,298,029,1.0,12.0,OPT,N,0
119834,2026,Fall,2268,1,PSYCH,298,030,1.0,12.0,OPT,N,0
119834,2026,Fall,2268,1,PSYCH,298,031,1.0,12.0,OPT,N,0
119834,2026,Fall,2268,1,PSYCH,298,032,1.0,12.0,OPT,N,0
119834,2026,Fall,2268,1,PSYCH,298,033,1.0,12.0,OPT,N,0
119834,2026,Fall,2268,1,PSYCH,298,034,1.0,12.0,OPT,N,0
119834,2026,Fall,2268,1,PSYCH,298,035,1.0,12.0,OPT,N,0
119834,2026,Fall,2268,1,PSYCH,298,036,1.0,12.0,OPT,N,0
119834,2026,Fall,2268,1,PSYCH,298,037,1.0,12.0,OPT,N,0
119834,2026,Fall,2268,1,PSYCH,298,038,1.0,12.0,OPT,N,0
119834,2026,Fall,2268,1,PSYCH,298,039,1.0,12.0,OPT,N,0
119834,2026,Fall,2268,1,PSYCH,298,040,1.0,12.0,OPT,N,0
119834,2026,Fall,2268,1,PSYCH,298,041,1.0,12.0,OPT,N,0
119834,2026,Fall,2268,1,PSYCH,298,042,1.0,12.0,OPT,N,0
119834,2026,Fall,2268,1,PSYCH,298,043,1.0,12.0,OPT,N,10
119834,2026,Fall,2268,1,PSYCH,298,044,1.0,12.0,OPT,N,0
119834,2026,Fall,2268,1,PSYCH,298,045,1.0,12.0,OPT,N,0
119834,2026,Fall,2268,1,PSYCH,298,046,1.0,12.0,OPT,N,0
119834,2026,Fall,2268,1,PSYCH,298,047,1.0,12.0,OPT,N,0
119834,2026,Fall,2268,1,PSYCH,298,048,1.0,12.0,OPT,N,0
119835,2026,Fall,2268,1,PSYCH,299,001,1.0,12.0,OPT,N,0
119835,2026,Fall,2268,1,PSYCH,299,002,1.0,12.0,OPT,N,0
119835,2026,Fall,2268,1,PSYCH,299,003,1.0,12.0,OPT,N,0
119835,2026,Fall,2268,1,PSYCH,299,004,1.0,12.0,OPT,N,0
119835,2026,Fall,2268,1,PSYCH,299,005,1.0,12.0,OPT,N,0
119835,2026,Fall,2268,1,PSYCH,299,006,1.0,12.0,OPT,N,0
119835,2026,Fall,2268,1,PSYCH,299,007,1.0,12.0,OPT,N,0
119835,2026,Fall,2268,1,PSYCH,299,008,1.0,12.0,OPT,N,0
119835,2026,Fall,2268,1,PSYCH,299,009,1.0,12.0,OPT,N,0
119835,2026,Fall,2268,1,PSYCH,299,010,1.0,12.0,OPT,N,0
119835,2026,Fall,2268,1,PSYCH,299,011,1.0,12.0,OPT,N,0
119835,2026,Fall,2268,1,PSYCH,299,012,1.0,12.0,OPT,N,0
119835,2026,Fall,2268,1,PSYCH,299,013,1.0,12.0,OPT,N,0
119835,2026,Fall,2268,1,PSYCH,299,014,1.0,12.0,OPT,N,0
119835,2026,Fall,2268,1,PSYCH,299,015,1.0,12.0,OPT,N,0
119835,2026,Fall,2268,1,PSYCH,299,016,1.0,12.0,OPT,N,0
119835,2026,Fall,2268,1,PSYCH,299,017,1.0,12.0,OPT,N,0
119835,2026,Fall,2268,1,PSYCH,299,018,1.0,12.0,OPT,N,0
119835,2026,Fall,2268,1,PSYCH,299,019,1.0,12.0,OPT,N,0
119835,2026,Fall,2268,1,PSYCH,299,020,1.0,12.0,OPT,N,0
119835,2026,Fall,2268,1,PSYCH,299,021,1.0,12.0,OPT,N,0
119835,2026,Fall,2268,1,PSYCH,299,022,1.0,12.0,OPT,N,0
119835,2026,Fall,2268,1,PSYCH,299,023,1.0,12.0,OPT,N,0
119835,2026,Fall,2268,1,PSYCH,299,024,1.0,12.0,OPT,N,0
119835,2026,Fall,2268,1,PSYCH,299,025,1.0,12.0,OPT,N,0
119835,2026,Fall,2268,1,PSYCH,299,026,1.0,12.0,OPT,N,0
119835,2026,Fall,2268,1,PSYCH,299,027,1.0,12.0,OPT,N,0
119835,2026,Fall,2268,1,PSYCH,299,028,1.0,12.0,OPT,N,0
119835,2026,Fall,2268,1,PSYCH,299,029,1.0,12.0,OPT,N,0
119835,2026,Fall,2268,1,PSYCH,299,030,1.0,12.0,OPT,N,0
119835,2026,Fall,2268,1,PSYCH,299,031,1.0,12.0,OPT,N,0
119835,2026,Fall,2268,1,PSYCH,299,032,1.0,12.0,OPT,N,0
119835,2026,Fall,2268,1,PSYCH,299,033,1.0,12.0,OPT,N,0
119835,2026,Fall,2268,1,PSYCH,299,035,1.0,12.0,OPT,N,0
119835,2026,Fall,2268,1,PSYCH,299,036,1.0,12.0,OPT,N,0
119835,2026,Fall,2268,1,PSYCH,299,037,1.0,12.0,OPT,N,0
119835,2026,Fall,2268,1,PSYCH,299,038,1.0,12.0,OPT,N,0
119835,2026,Fall,2268,1,PSYCH,299,039,1.0,12.0,OPT,N,0
119835,2026,Fall,2268,1,PSYCH,299,041,1.0,12.0,OPT,N,0
119835,2026,Fall,2268,1,PSYCH,299,042,1.0,12.0,OPT,N,0
119835,2026,Fall,2268,1,PSYCH,299,043,1.0,12.0,OPT,N,0
119835,2026,Fall,2268,1,PSYCH,299,044,1.0,12.0,OPT,N,0
119835,2026,Fall,2268,1,PSYCH,299,045,1.0,12.0,OPT,N,0
119835,2026,Fall,2268,1,PSYCH,299,046,1.0,12.0,OPT,N,0
119835,2026,Fall,2268,1,PSYCH,299,047,1.0,12.0,OPT,N,0
119835,2026,Fall,2268,1,PSYCH,299,048,1.0,12.0,OPT,N,0
119835,2026,Fall,2268,1,PSYCH,299,049,1.0,12.0,OPT,N,0
119835,2026,Fall,2268,1,PSYCH,299,050,1.0,12.0,OPT,N,0
119835,2026,Fall,2268,1,PSYCH,299,051,1.0,12.0,OPT,N,0
119835,2026,Fall,2268,1,PSYCH,299,052,1.0,12.0,OPT,N,0
119835,2026,Fall,2268,1,PSYCH,299,053,1.0,12.0,OPT,N,0
119835,2026,Fall,2268,1,PSYCH,299,054,1.0,12.0,OPT,N,0
119835,2026,Fall,2268,1,PSYCH,299,055,1.0,12.0,OPT,N,0
119835,2026,Fall,2268,1,PSYCH,299,056,1.0,12.0,OPT,N,0
119835,2026,Fall,2268,1,PSYCH,299,058,1.0,12.0,OPT,N,0
119835,2026,Fall,2268,1,PSYCH,299,060,1.0,12.0,OPT,N,0
119835,2026,Fall,2268,1,PSYCH,299,34,1.0,12.0,OPT,N,0
119835,2026,Fall,2268,1,PSYCH,299,40,1.0,12.0,OPT,N,0
119839,2026,Fall,2268,1,PSYCH,375,001,2.0,2.0,SUS,N,15
119881,2026,Fall,2268,1,PSYCH,99,001,1.0,3.0,PNP,N,0
119881,2026,Fall,2268,1,PSYCH,99,002,1.0,3.0,PNP,N,0
119881,2026,Fall,2268,1,PSYCH,99,003,1.0,3.0,PNP,N,0
119881,2026,Fall,2268,1,PSYCH,99,004,1.0,3.0,PNP,N,0
119881,2026,Fall,2268,1,PSYCH,99,005,1.0,3.0,PNP,N,0
119881,2026,Fall,2268,1,PSYCH,99,006,1.0,3.0,PNP,N,0
119881,2026,Fall,2268,1,PSYCH,99,007,1.0,3.0,PNP,N,0
119881,2026,Fall,2268,1,PSYCH,99,008,1.0,3.0,PNP,N,0
119881,2026,Fall,2268,1,PSYCH,99,009,1.0,3.0,PNP,N,0
119881,2026,Fall,2268,1,PSYCH,99,010,1.0,3.0,PNP,N,0
119881,2026,Fall,2268,1,PSYCH,99,011,1.0,3.0,PNP,N,0
119881,2026,Fall,2268,1,PSYCH,99,012,1.0,3.0,PNP,N,0
119881,2026,Fall,2268,1,PSYCH,99,013,1.0,3.0,PNP,N,0
119881,2026,Fall,2268,1,PSYCH,99,014,1.0,3.0,PNP,N,0
119881,2026,Fall,2268,1,PSYCH,99,015,1.0,3.0,PNP,N,0
119881,2026,Fall,2268,1,PSYCH,99,016,1.0,3.0,PNP,N,0
119881,2026,Fall,2268,1,PSYCH,99,017,1.0,3.0,PNP,N,0
119881,2026,Fall,2268,1,PSYCH,99,018,1.0,3.0,PNP,N,0
119881,2026,Fall,2268,1,PSYCH,99,019,1.0,3.0,PNP,N,0
119881,2026,Fall,2268,1,PSYCH,99,020,1.0,3.0,PNP,N,0
119881,2026,Fall,2268,1,PSYCH,99,021,1.0,3.0,PNP,N,0
119881,2026,Fall,2268,1,PSYCH,99,022,1.0,3.0,PNP,N,0
119881,2026,Fall,2268,1,PSYCH,99,023,1.0,3.0,PNP,N,0
119881,2026,Fall,2268,1,PSYCH,99,024,1.0,3.0,PNP,N,0
119881,2026,Fall,2268,1,PSYCH,99,025,1.0,3.0,PNP,N,0
119881,2026,Fall,2268,1,PSYCH,99,026,1.0,3.0,PNP,N,0
119881,2026,Fall,2268,1,PSYCH,99,027,1.0,3.0,PNP,N,0
119881,2026,Fall,2268,1,PSYCH,99,028,1.0,3.0,PNP,N,0
119881,2026,Fall,2268,1,PSYCH,99,029,1.0,3.0,PNP,N,0
119881,2026,Fall,2268,1,PSYCH,99,030,1.0,3.0,PNP,N,0
119881,2026,Fall,2268,1,PSYCH,99,031,1.0,3.0,PNP,N,0
119881,2026,Fall,2268,1,PSYCH,99,032,1.0,3.0,PNP,N,0
119881,2026,Fall,2268,1,PSYCH,99,033,1.0,3.0,PNP,N,0
119881,2026,Fall,2268,1,PSYCH,99,034,1.0,3.0,PNP,N,0
119881,2026,Fall,2268,1,PSYCH,99,035,1.0,3.0,PNP,N,0
119881,2026,Fall,2268,1,PSYCH,99,036,1.0,3.0,PNP,N,0
119881,2026,Fall,2268,1,PSYCH,99,037,1.0,3.0,PNP,N,0
119881,2026,Fall,2268,1,PSYCH,99,038,1.0,3.0,PNP,N,0
119881,2026,Fall,2268,1,PSYCH,99,039,1.0,3.0,PNP,N,0
119881,2026,Fall,2268,1,PSYCH,99,040,1.0,3.0,PNP,N,0
119881,2026,Fall,2268,1,PSYCH,99,041,1.0,3.0,PNP,N,0
119881,2026,Fall,2268,1,PSYCH,99,042,1.0,3.0,PNP,N,0
119881,2026,Fall,2268,1,PSYCH,99,043,1.0,3.0,PNP,N,0
119881,2026,Fall,2268,1,PSYCH,99,044,1.0,3.0,PNP,N,0
119881,2026,Fall,2268,1,PSYCH,99,045,1.0,3.0,PNP,N,0
119881,2026,Fall,2268,1,PSYCH,99,046,1.0,3.0,PNP,N,0
119881,2026,Fall,2268,1,PSYCH,99,047,1.0,3.0,PNP,N,0
119881,2026,Fall,2268,1,PSYCH,99,049,1.0,3.0,PNP,N,0
119881,2026,Fall,2268,1,PSYCH,99,050,1.0,3.0,PNP,N,0
119881,2026,Fall,2268,1,PSYCH,99,054,1.0,3.0,PNP,N,0
119881,2026,Fall,2268,1,PSYCH,99,055,1.0,3.0,PNP,N,0
119881,2026,Fall,2268,1,PSYCH,99,056,1.0,3.0,PNP,N,0
119881,2026,Fall,2268,1,PSYCH,99,057,1.0,3.0,PNP,N,0
119881,2026,Fall,2268,1,PSYCH,99,061,1.0,3.0,PNP,N,0
119881,2026,Fall,2268,1,PSYCH,99,063,1.0,3.0,PNP,N,0
119881,2026,Fall,2268,1,PSYCH,99,064,1.0,3.0,PNP,N,0
119881,2026,Fall,2268,1,PSYCH,99,065,1.0,3.0,PNP,N,0
124126,2026,Fall,2268,1,PSYCH,C120,001,3.0,3.0,OPT,Y,98
124257,2026,Fall,2268,1,PSYCH,C123,001,4.0,4.0,OPT,A,17
123950,2026,Fall,2268,1,PSYCH,C127,001,3.0,3.0,OPT,Y,547
124435,2026,Fall,2268,1,PSYCH,C143,001,3.0,3.0,OPT,Y,381
124397,2026,Fall,2268,1,PSYCH,C61,001,3.0,3.0,OPT,Y,1080
119882,2026,Fall,2268,1,PSYCH,H194A,001,2.0,2.0,OPT,N,91
119884,2026,Fall,2268,1,PSYCH,H195A,001,1.0,3.0,BMT,N,0
119884,2026,Fall,2268,1,PSYCH,H195A,002,1.0,3.0,BMT,N,0
119884,2026,Fall,2268,1,PSYCH,H195A,003,1.0,3.0,BMT,N,0
119884,2026,Fall,2268,1,PSYCH,H195A,004,1.0,3.0,BMT,N,0
119884,2026,Fall,2268,1,PSYCH,H195A,005,1.0,3.0,BMT,N,0
119884,2026,Fall,2268,1,PSYCH,H195A,006,1.0,3.0,BMT,N,0
119884,2026,Fall,2268,1,PSYCH,H195A,007,1.0,3.0,BMT,N,0
119884,2026,Fall,2268,1,PSYCH,H195A,008,1.0,3.0,BMT,N,0
119884,2026,Fall,2268,1,PSYCH,H195A,009,1.0,3.0,BMT,N,0
119884,2026,Fall,2268,1,PSYCH,H195A,010,1.0,3.0,BMT,N,0
119884,2026,Fall,2268,1,PSYCH,H195A,011,1.0,3.0,BMT,N,0
119884,2026,Fall,2268,1,PSYCH,H195A,012,1.0,3.0,BMT,N,0
119884,2026,Fall,2268,1,PSYCH,H195A,013,1.0,3.0,BMT,N,0
119884,2026,Fall,2268,1,PSYCH,H195A,014,1.0,3.0,BMT,N,0
119884,2026,Fall,2268,1,PSYCH,H195A,015,1.0,3.0,BMT,N,0
119884,2026,Fall,2268,1,PSYCH,H195A,016,1.0,3.0,BMT,N,0
119884,2026,Fall,2268,1,PSYCH,H195A,017,1.0,3.0,BMT,N,0
119884,2026,Fall,2268,1,PSYCH,H195A,018,1.0,3.0,BMT,N,0
119884,2026,Fall,2268,1,PSYCH,H195A,019,1.0,3.0,BMT,N,0
119884,2026,Fall,2268,1,PSYCH,H195A,020,1.0,3.0,BMT,N,0
119884,2026,Fall,2268,1,PSYCH,H195A,021,1.0,3.0,BMT,N,0
119884,2026,Fall,2268,1,PSYCH,H195A,022,1.0,3.0,BMT,N,0
119884,2026,Fall,2268,1,PSYCH,H195A,023,1.0,3.0,BMT,N,0
119884,2026,Fall,2268,1,PSYCH,H195A,024,1.0,3.0,BMT,N,0
119884,2026,Fall,2268,1,PSYCH,H195A,025,1.0,3.0,BMT,N,0
119884,2026,Fall,2268,1,PSYCH,H195A,026,1.0,3.0,BMT,N,0
119884,2026,Fall,2268,1,PSYCH,H195A,027,1.0,3.0,BMT,N,0
119884,2026,Fall,2268,1,PSYCH,H195A,028,1.0,3.0,BMT,N,0
119884,2026,Fall,2268,1,PSYCH,H195A,029,1.0,3.0,BMT,N,0
119884,2026,Fall,2268,1,PSYCH,H195A,030,1.0,3.0,BMT,N,0
119884,2026,Fall,2268,1,PSYCH,H195A,031,1.0,3.0,BMT,N,0
119884,2026,Fall,2268,1,PSYCH,H195A,032,1.0,3.0,BMT,N,0
119884,2026,Fall,2268,1,PSYCH,H195A,033,1.0,3.0,BMT,N,0
119884,2026,Fall,2268,1,PSYCH,H195A,034,1.0,3.0,BMT,N,0
119884,2026,Fall,2268,1,PSYCH,H195A,035,1.0,3.0,BMT,N,0
119884,2026,Fall,2268,1,PSYCH,H195A,036,1.0,3.0,BMT,N,0
119884,2026,Fall,2268,1,PSYCH,H195A,037,1.0,3.0,BMT,N,0
119884,2026,Fall,2268,1,PSYCH,H195A,038,1.0,3.0,BMT,N,0
119884,2026,Fall,2268,1,PSYCH,H195A,039,1.0,3.0,BMT,N,0
119884,2026,Fall,2268,1,PSYCH,H195A,040,1.0,3.0,BMT,N,0
119884,2026,Fall,2268,1,PSYCH,H195A,041,1.0,3.0,BMT,N,0
119884,2026,Fall,2268,1,PSYCH,H195A,042,1.0,3.0,BMT,N,0
119884,2026,Fall,2268,1,PSYCH,H195A,043,1.0,3.0,BMT,N,0
119884,2026,Fall,2268,1,PSYCH,H195A,044,1.0,3.0,BMT,N,0
119884,2026,Fall,2268,1,PSYCH,H195A,045,1.0,3.0,BMT,N,0
119884,2026,Fall,2268,1,PSYCH,H195A,046,1.0,3.0,BMT,N,0
119884,2026,Fall,2268,1,PSYCH,H195A,047,1.0,3.0,BMT,N,0
119884,2026,Fall,2268,1,PSYCH,H195A,048,1.0,3.0,BMT,N,0
119884,2026,Fall,2268,1,PSYCH,H195A,049,1.0,3.0,BMT,N,0
119884,2026,Fall,2268,1,PSYCH,H195A,050,1.0,3.0,BMT,N,0
119884,2026,Fall,2268,1,PSYCH,H195A,051,1.0,3.0,BMT,N,0
119884,2026,Fall,2268,1,PSYCH,H195A,052,1.0,3.0,BMT,N,0
119885,2026,Fall,2268,1,PSYCH,H195B,001,1.0,3.0,OPT,N,0
119885,2026,Fall,2268,1,PSYCH,H195B,002,1.0,3.0,OPT,N,0
119885,2026,Fall,2268,1,PSYCH,H195B,003,1.0,3.0,OPT,N,0
119885,2026,Fall,2268,1,PSYCH,H195B,004,1.0,3.0,OPT,N,0
119885,2026,Fall,2268,1,PSYCH,H195B,005,1.0,3.0,OPT,N,0
119885,2026,Fall,2268,1,PSYCH,H195B,006,1.0,3.0,OPT,N,0
119885,2026,Fall,2268,1,PSYCH,H195B,007,1.0,3.0,OPT,N,0
119885,2026,Fall,2268,1,PSYCH,H195B,008,1.0,3.0,OPT,N,0
155211,2026,Fall,2268,1,PUBAFF,207,001,4.0,4.0,OPT,N,0
125450,2026,Fall,2268,1,PUBAFF,215,001,3.0,3.0,OPT,N,49
125451,2026,Fall,2268,1,PUBAFF,245,001,1.0,1.0,OPT,N,13
155646,2026,Fall,2268,1,PUBAFF,290,004,1.0,1.0,OPT,N,21
155646,2026,Fall,2268,1,PUBAFF,290,005,1.0,1.0,OPT,N,40
155646,2026,Fall,2268,1,PUBAFF,290,006,1.0,1.0,OPT,N,38
155646,2026,Fall,2268,1,PUBAFF,290,007,3.0,3.0,OPT,N,8
155646,2026,Fall,2268,1,PUBAFF,290,008,3.0,3.0,OPT,N,13
155646,2026,Fall,2268,1,PUBAFF,290,010,3.0,3.0,OPT,N,14
155646,2026,Fall,2268,1,PUBAFF,290,011,2.0,2.0,OPT,N,27
155646,2026,Fall,2268,1,PUBAFF,290,012,1.0,4.0,OPT,N,9
155646,2026,Fall,2268,1,PUBAFF,290,013,1.0,4.0,OPT,N,1
155646,2026,Fall,2268,1,PUBAFF,290,014,1.0,4.0,OPT,N,0
155646,2026,Fall,2268,1,PUBAFF,290,015,1.0,4.0,OPT,N,0
155646,2026,Fall,2268,1,PUBAFF,290,016,1.0,4.0,OPT,N,0
155646,2026,Fall,2268,1,PUBAFF,290,017,1.0,4.0,OPT,N,0
155646,2026,Fall,2268,1,PUBAFF,290,018,1.0,4.0,OPT,N,0
155646,2026,Fall,2268,1,PUBAFF,290,019,1.0,4.0,OPT,N,0
155646,2026,Fall,2268,1,PUBAFF,290,020,1.0,4.0,OPT,N,0
119948,2026,Fall,2268,1,PUBPOL,101,001,4.0,4.0,OPT,N,1006
167607,2026,Fall,2268,1,PUBPOL,118,001,1.0,1.0,PNP,A,17
161483,2026,Fall,2268,1,PUBPOL,141,001,3.0,3.0,OPT,Y,388
166431,2026,Fall,2268,1,PUBPOL,147,001,4.0,4.0,OPT,A,703
160660,2026,Fall,2268,1,PUBPOL,160AC,001,3.0,3.0,OPT,A,0
119987,2026,Fall,2268,1,PUBPOL,190,001,3.0,3.0,OPT,A,429
119987,2026,Fall,2268,1,PUBPOL,190,004,1.0,4.0,OPT,A,8
119987,2026,Fall,2268,1,PUBPOL,190,005,1.0,4.0,OPT,A,3
119987,2026,Fall,2268,1,PUBPOL,190,009,3.0,3.0,OPT,A,314
119987,2026,Fall,2268,1,PUBPOL,190,010,1.0,4.0,OPT,A,3
119987,2026,Fall,2268,1,PUBPOL,190,011,1.0,4.0,OPT,A,0
119987,2026,Fall,2268,1,PUBPOL,190,012,1.0,4.0,OPT,A,0
119987,2026,Fall,2268,1,PUBPOL,190,017,1.0,4.0,OPT,A,0
119989,2026,Fall,2268,1,PUBPOL,199,001,1.0,4.0,PNP,N,0
119989,2026,Fall,2268,1,PUBPOL,199,002,1.0,4.0,PNP,N,0
119989,2026,Fall,2268,1,PUBPOL,199,003,1.0,4.0,PNP,N,0
119989,2026,Fall,2268,1,PUBPOL,199,004,1.0,4.0,PNP,N,0
119989,2026,Fall,2268,1,PUBPOL,199,005,1.0,4.0,PNP,N,0
119989,2026,Fall,2268,1,PUBPOL,199,006,1.0,4.0,PNP,N,0
119989,2026,Fall,2268,1,PUBPOL,199,007,1.0,4.0,PNP,N,0
119989,2026,Fall,2268,1,PUBPOL,199,008,1.0,4.0,PNP,N,0
119989,2026,Fall,2268,1,PUBPOL,199,009,1.0,4.0,PNP,N,0
119989,2026,Fall,2268,1,PUBPOL,199,010,1.0,4.0,PNP,N,0
119989,2026,Fall,2268,1,PUBPOL,199,011,1.0,4.0,PNP,N,0
119989,2026,Fall,2268,1,PUBPOL,199,012,1.0,4.0,PNP,N,0
119989,2026,Fall,2268,1,PUBPOL,199,013,1.0,4.0,PNP,N,0
119989,2026,Fall,2268,1,PUBPOL,199,014,1.0,4.0,PNP,N,0
119989,2026,Fall,2268,1,PUBPOL,199,015,1.0,4.0,PNP,N,0
158774,2026,Fall,2268,1,PUBPOL,200A,001,4.0,4.0,OPT,N,83
158774,2026,Fall,2268,1,PUBPOL,200A,002,4.0,4.0,OPT,N,0
119998,2026,Fall,2268,1,PUBPOL,210A,001,4.0,4.0,OPT,Y,60
119998,2026,Fall,2268,1,PUBPOL,210A,002,4.0,4.0,OPT,Y,33
163283,2026,Fall,2268,1,PUBPOL,217,001,3.0,3.0,OPT,N,0
120001,2026,Fall,2268,1,PUBPOL,220,001,4.0,4.0,OPT,N,6
162165,2026,Fall,2268,1,PUBPOL,229,001,4.0,4.0,OPT,Y,48
161319,2026,Fall,2268,1,PUBPOL,230,001,3.0,4.0,OPT,N,72
161806,2026,Fall,2268,1,PUBPOL,235,001,4.0,4.0,OPT,N,25
120006,2026,Fall,2268,1,PUBPOL,240A,001,4.0,4.0,OPT,N,54
120006,2026,Fall,2268,1,PUBPOL,240A,002,4.0,4.0,OPT,N,28
165256,2026,Fall,2268,1,PUBPOL,246,001,4.0,4.0,OPT,N,85
125760,2026,Fall,2268,1,PUBPOL,249,001,4.0,4.0,OPT,N,52
120008,2026,Fall,2268,1,PUBPOL,250,001,4.0,4.0,OPT,N,63
161499,2026,Fall,2268,1,PUBPOL,255,001,4.0,4.0,OPT,N,67
120017,2026,Fall,2268,1,PUBPOL,259,001,4.0,4.0,GRD,N,24
120018,2026,Fall,2268,1,PUBPOL,260,001,4.0,4.0,OPT,N,0
120023,2026,Fall,2268,1,PUBPOL,265,001,3.0,3.0,OPT,N,67
120026,2026,Fall,2268,1,PUBPOL,268,001,3.0,3.0,OPT,N,2
120033,2026,Fall,2268,1,PUBPOL,275,001,4.0,4.0,OPT,N,0
120037,2026,Fall,2268,1,PUBPOL,279,001,3.0,3.0,OPT,N,0
120038,2026,Fall,2268,1,PUBPOL,280,001,4.0,4.0,OPT,N,0
120041,2026,Fall,2268,1,PUBPOL,283,001,3.0,3.0,OPT,N,0
161470,2026,Fall,2268,1,PUBPOL,287,001,3.0,3.0,OPT,N,67
120046,2026,Fall,2268,1,PUBPOL,290,001,3.0,3.0,OPT,N,61
120046,2026,Fall,2268,1,PUBPOL,290,004,2.0,2.0,OPT,N,33
120046,2026,Fall,2268,1,PUBPOL,290,010,3.0,3.0,OPT,N,30
120046,2026,Fall,2268,1,PUBPOL,290,012,2.0,2.0,OPT,N,44
120046,2026,Fall,2268,1,PUBPOL,290,013,3.0,3.0,OPT,N,24
120046,2026,Fall,2268,1,PUBPOL,290,014,2.0,2.0,OPT,N,30
120046,2026,Fall,2268,1,PUBPOL,290,015,1.0,1.0,OPT,N,42
120046,2026,Fall,2268,1,PUBPOL,290,017,1.0,4.0,OPT,N,0
120046,2026,Fall,2268,1,PUBPOL,290,020,1.0,4.0,OPT,N,16
120046,2026,Fall,2268,1,PUBPOL,290,023,1.0,4.0,OPT,N,9
120046,2026,Fall,2268,1,PUBPOL,290,024,1.0,4.0,OPT,N,12
120046,2026,Fall,2268,1,PUBPOL,290,026,1.0,4.0,OPT,N,8
120046,2026,Fall,2268,1,PUBPOL,290,027,1.0,1.0,OPT,N,80
120046,2026,Fall,2268,1,PUBPOL,290,029,1.0,4.0,OPT,N,0
120046,2026,Fall,2268,1,PUBPOL,290,030,1.0,4.0,OPT,N,8
120046,2026,Fall,2268,1,PUBPOL,290,031,1.0,4.0,OPT,N,1
120046,2026,Fall,2268,1,PUBPOL,290,032,1.0,1.0,OPT,N,7
120046,2026,Fall,2268,1,PUBPOL,290,033,1.0,4.0,OPT,N,0
120046,2026,Fall,2268,1,PUBPOL,290,034,1.0,4.0,OPT,N,0
120046,2026,Fall,2268,1,PUBPOL,290,035,1.0,4.0,IOP,N,1
120047,2026,Fall,2268,1,PUBPOL,292,001,1.0,12.0,OPT,N,0
120047,2026,Fall,2268,1,PUBPOL,292,002,1.0,12.0,OPT,N,0
120047,2026,Fall,2268,1,PUBPOL,292,003,1.0,12.0,OPT,N,0
120047,2026,Fall,2268,1,PUBPOL,292,004,1.0,12.0,OPT,N,0
120047,2026,Fall,2268,1,PUBPOL,292,005,1.0,12.0,OPT,N,0
120047,2026,Fall,2268,1,PUBPOL,292,006,1.0,12.0,OPT,N,0
120047,2026,Fall,2268,1,PUBPOL,292,007,1.0,12.0,OPT,N,0
120047,2026,Fall,2268,1,PUBPOL,292,008,1.0,12.0,OPT,N,0
120047,2026,Fall,2268,1,PUBPOL,292,009,1.0,12.0,OPT,N,0
120047,2026,Fall,2268,1,PUBPOL,292,010,1.0,12.0,OPT,N,0
120047,2026,Fall,2268,1,PUBPOL,292,011,1.0,12.0,OPT,N,0
120047,2026,Fall,2268,1,PUBPOL,292,012,1.0,12.0,OPT,N,0
120047,2026,Fall,2268,1,PUBPOL,292,013,1.0,12.0,OPT,N,0
120047,2026,Fall,2268,1,PUBPOL,292,014,1.0,12.0,OPT,N,0
120047,2026,Fall,2268,1,PUBPOL,292,015,1.0,12.0,OPT,N,0
120047,2026,Fall,2268,1,PUBPOL,292,016,1.0,12.0,OPT,N,0
120047,2026,Fall,2268,1,PUBPOL,292,017,1.0,12.0,OPT,N,0
120047,2026,Fall,2268,1,PUBPOL,292,018,1.0,12.0,OPT,N,0
120047,2026,Fall,2268,1,PUBPOL,292,019,1.0,12.0,OPT,N,0
120047,2026,Fall,2268,1,PUBPOL,292,020,1.0,12.0,OPT,N,0
120047,2026,Fall,2268,1,PUBPOL,292,021,1.0,12.0,OPT,N,0
120047,2026,Fall,2268,1,PUBPOL,292,022,1.0,12.0,OPT,N,0
120047,2026,Fall,2268,1,PUBPOL,292,023,1.0,12.0,OPT,N,0
120047,2026,Fall,2268,1,PUBPOL,292,024,1.0,12.0,OPT,N,0
120047,2026,Fall,2268,1,PUBPOL,292,025,1.0,12.0,OPT,N,0
120047,2026,Fall,2268,1,PUBPOL,292,026,1.0,12.0,OPT,N,0
120047,2026,Fall,2268,1,PUBPOL,292,027,1.0,12.0,OPT,N,0
120047,2026,Fall,2268,1,PUBPOL,292,028,1.0,12.0,OPT,N,0
120047,2026,Fall,2268,1,PUBPOL,292,029,1.0,12.0,OPT,N,0
120047,2026,Fall,2268,1,PUBPOL,292,030,1.0,12.0,OPT,N,0
120049,2026,Fall,2268,1,PUBPOL,295,001,1.0,9.0,SUS,N,0
120049,2026,Fall,2268,1,PUBPOL,295,002,1.0,9.0,SUS,N,0
120049,2026,Fall,2268,1,PUBPOL,295,003,1.0,9.0,SUS,N,0
120050,2026,Fall,2268,1,PUBPOL,296,001,3.0,3.0,OPT,N,7
120051,2026,Fall,2268,1,PUBPOL,297,001,1.0,1.0,SUS,N,1
120051,2026,Fall,2268,1,PUBPOL,297,002,1.0,1.0,SUS,N,0
120051,2026,Fall,2268,1,PUBPOL,297,004,1.0,1.0,SUS,N,0
120051,2026,Fall,2268,1,PUBPOL,297,006,1.0,4.0,SUS,N,0
120051,2026,Fall,2268,1,PUBPOL,297,008,1.0,4.0,SUS,N,0
163306,2026,Fall,2268,1,PUBPOL,297A,101,3.0,4.0,SUS,N,61
120052,2026,Fall,2268,1,PUBPOL,298,001,1.0,12.0,SUS,N,0
120052,2026,Fall,2268,1,PUBPOL,298,002,1.0,12.0,SUS,N,0
120052,2026,Fall,2268,1,PUBPOL,298,003,1.0,12.0,SUS,N,0
120052,2026,Fall,2268,1,PUBPOL,298,004,1.0,12.0,SUS,N,0
120052,2026,Fall,2268,1,PUBPOL,298,005,1.0,12.0,SUS,N,0
120052,2026,Fall,2268,1,PUBPOL,298,006,1.0,12.0,SUS,N,0
120052,2026,Fall,2268,1,PUBPOL,298,007,1.0,12.0,SUS,N,0
120052,2026,Fall,2268,1,PUBPOL,298,008,1.0,12.0,SUS,N,0
120052,2026,Fall,2268,1,PUBPOL,298,009,1.0,12.0,SUS,N,0
120052,2026,Fall,2268,1,PUBPOL,298,010,1.0,12.0,SUS,N,0
120052,2026,Fall,2268,1,PUBPOL,298,011,1.0,12.0,SUS,N,0
120052,2026,Fall,2268,1,PUBPOL,298,012,1.0,12.0,SUS,N,0
120052,2026,Fall,2268,1,PUBPOL,298,013,1.0,12.0,SUS,N,0
120052,2026,Fall,2268,1,PUBPOL,298,014,1.0,12.0,SUS,N,0
120052,2026,Fall,2268,1,PUBPOL,298,015,1.0,12.0,SUS,N,0
120052,2026,Fall,2268,1,PUBPOL,298,016,1.0,12.0,SUS,N,0
120052,2026,Fall,2268,1,PUBPOL,298,017,1.0,12.0,SUS,N,0
120052,2026,Fall,2268,1,PUBPOL,298,018,1.0,12.0,SUS,N,0
120052,2026,Fall,2268,1,PUBPOL,298,019,1.0,12.0,SUS,N,0
120052,2026,Fall,2268,1,PUBPOL,298,020,1.0,12.0,SUS,N,0
120053,2026,Fall,2268,1,PUBPOL,299,001,3.0,3.0,OPT,N,0
120053,2026,Fall,2268,1,PUBPOL,299,002,3.0,3.0,OPT,N,0
120053,2026,Fall,2268,1,PUBPOL,299,003,3.0,3.0,OPT,N,0
120053,2026,Fall,2268,1,PUBPOL,299,004,3.0,3.0,OPT,N,0
120055,2026,Fall,2268,1,PUBPOL,375,001,2.0,2.0,OPT,N,4
166383,2026,Fall,2268,1,PUBPOL,C151,001,4.0,4.0,OPT,A,252
157488,2026,Fall,2268,1,PUBPOL,C189,001,3.0,3.0,OPT,Y,120
161517,2026,Fall,2268,1,PUBPOL,C199C,001,1.0,1.0,PNP,A,0
162754,2026,Fall,2268,1,PUBPOL,C264,001,3.0,3.0,OPT,Y,0
120091,2026,Fall,2268,1,PUNJABI,100A,001,5.0,5.0,OPT,Y,135
120089,2026,Fall,2268,1,PUNJABI,1A,001,5.0,5.0,OPT,Y,73
113803,2026,Fall,2268,1,QTP,100,001,4.0,4.0,OPT,Y,1
113803,2026,Fall,2268,1,QTP,100,002,4.0,4.0,OPT,Y,54
113803,2026,Fall,2268,1,QTP,100,003,4.0,4.0,OPT,Y,8
168516,2026,Fall,2268,1,QTP,101,001,4.0,4.0,OPT,A,1
113804,2026,Fall,2268,1,QTP,145,001,4.0,4.0,OPT,Y,0
113807,2026,Fall,2268,1,QTP,20AC,001,4.0,4.0,OPT,Y,2
156665,2026,Fall,2268,1,RDEV,200,001,3.0,3.0,OPT,Y,24
161310,2026,Fall,2268,1,RDEV,225,001,3.0,3.0,OPT,N,11
157717,2026,Fall,2268,1,RDEV,250,001,3.0,3.0,OPT,Y,18
162112,2026,Fall,2268,1,RDEV,260,001,3.0,3.0,OPT,N,29
158798,2026,Fall,2268,1,RDEV,290,002,1.0,5.0,OPT,N,0
158798,2026,Fall,2268,1,RDEV,290,003,1.0,5.0,OPT,N,0
159784,2026,Fall,2268,1,RDEV,297,001,1.0,3.0,SUS,N,0
120119,2026,Fall,2268,1,RHETOR,10,001,4.0,4.0,OPT,Y,485
120124,2026,Fall,2268,1,RHETOR,103B,001,4.0,4.0,OPT,Y,497
120133,2026,Fall,2268,1,RHETOR,106,001,4.0,4.0,OPT,Y,155
120135,2026,Fall,2268,1,RHETOR,108,001,4.0,4.0,OPT,N,149
120136,2026,Fall,2268,1,RHETOR,109,001,4.0,4.0,OPT,Y,0
161399,2026,Fall,2268,1,RHETOR,120,001,4.0,4.0,OPT,A,150
120157,2026,Fall,2268,1,RHETOR,123,001,4.0,4.0,OPT,Y,0
120161,2026,Fall,2268,1,RHETOR,127,001,4.0,4.0,OPT,Y,93
120164,2026,Fall,2268,1,RHETOR,129,001,4.0,4.0,OPT,Y,0
120165,2026,Fall,2268,1,RHETOR,129AC,001,4.0,4.0,OPT,Y,289
120177,2026,Fall,2268,1,RHETOR,137,001,4.0,4.0,OPT,A,131
154300,2026,Fall,2268,1,RHETOR,145,001,4.0,4.0,OPT,A,78
120193,2026,Fall,2268,1,RHETOR,156,001,4.0,4.0,OPT,Y,0
120195,2026,Fall,2268,1,RHETOR,157A,001,4.0,4.0,OPT,Y,129
120197,2026,Fall,2268,1,RHETOR,158,001,4.0,4.0,OPT,Y,0
120213,2026,Fall,2268,1,RHETOR,172,001,4.0,4.0,OPT,Y,76
120225,2026,Fall,2268,1,RHETOR,189,001,4.0,4.0,OPT,Y,134
120229,2026,Fall,2268,1,RHETOR,197,001,1.0,3.0,PNP,N,0
120231,2026,Fall,2268,1,RHETOR,199,001,1.0,3.0,PNP,N,0
120231,2026,Fall,2268,1,RHETOR,199,002,1.0,3.0,PNP,N,0
120231,2026,Fall,2268,1,RHETOR,199,003,1.0,3.0,PNP,N,0
120231,2026,Fall,2268,1,RHETOR,199,004,1.0,3.0,PNP,N,0
120231,2026,Fall,2268,1,RHETOR,199,005,1.0,3.0,PNP,N,0
120231,2026,Fall,2268,1,RHETOR,199,006,1.0,3.0,PNP,N,0
120231,2026,Fall,2268,1,RHETOR,199,007,1.0,3.0,PNP,N,0
120233,2026,Fall,2268,1,RHETOR,20,001,4.0,4.0,OPT,Y,0
120234,2026,Fall,2268,1,RHETOR,200,001,4.0,4.0,OPT,N,44
158531,2026,Fall,2268,1,RHETOR,221,001,2.0,2.0,SUS,N,13
120256,2026,Fall,2268,1,RHETOR,24,001,1.0,1.0,OPT,Y,0
120264,2026,Fall,2268,1,RHETOR,240G,001,4.0,4.0,OPT,N,25
120264,2026,Fall,2268,1,RHETOR,240G,002,4.0,4.0,OPT,N,20
120279,2026,Fall,2268,1,RHETOR,295,001,1.0,6.0,OPT,N,0
120279,2026,Fall,2268,1,RHETOR,295,002,1.0,6.0,OPT,N,0
120279,2026,Fall,2268,1,RHETOR,295,003,1.0,6.0,OPT,N,0
120279,2026,Fall,2268,1,RHETOR,295,004,1.0,6.0,OPT,N,0
120279,2026,Fall,2268,1,RHETOR,295,005,1.0,6.0,OPT,N,0
120279,2026,Fall,2268,1,RHETOR,295,006,1.0,6.0,OPT,N,0
120279,2026,Fall,2268,1,RHETOR,295,007,1.0,6.0,OPT,N,0
120279,2026,Fall,2268,1,RHETOR,295,008,1.0,6.0,OPT,N,0
120279,2026,Fall,2268,1,RHETOR,295,009,1.0,6.0,OPT,N,0
120279,2026,Fall,2268,1,RHETOR,295,010,1.0,6.0,OPT,N,0
120279,2026,Fall,2268,1,RHETOR,295,011,1.0,6.0,OPT,N,0
120279,2026,Fall,2268,1,RHETOR,295,012,1.0,6.0,OPT,N,0
120280,2026,Fall,2268,1,RHETOR,299,001,1.0,12.0,OPT,N,0
120280,2026,Fall,2268,1,RHETOR,299,002,1.0,12.0,OPT,N,0
120280,2026,Fall,2268,1,RHETOR,299,003,1.0,12.0,OPT,N,0
120280,2026,Fall,2268,1,RHETOR,299,004,1.0,12.0,OPT,N,0
120280,2026,Fall,2268,1,RHETOR,299,005,1.0,12.0,OPT,N,0
120280,2026,Fall,2268,1,RHETOR,299,006,1.0,12.0,OPT,N,0
120280,2026,Fall,2268,1,RHETOR,299,007,1.0,12.0,OPT,N,0
120280,2026,Fall,2268,1,RHETOR,299,008,1.0,12.0,OPT,N,0
120280,2026,Fall,2268,1,RHETOR,299,009,1.0,12.0,OPT,N,0
120280,2026,Fall,2268,1,RHETOR,299,010,1.0,12.0,OPT,N,0
120280,2026,Fall,2268,1,RHETOR,299,011,1.0,12.0,OPT,N,0
120280,2026,Fall,2268,1,RHETOR,299,012,1.0,12.0,OPT,N,0
120280,2026,Fall,2268,1,RHETOR,299,013,1.0,12.0,OPT,N,0
120280,2026,Fall,2268,1,RHETOR,299,014,1.0,12.0,OPT,N,0
120280,2026,Fall,2268,1,RHETOR,299,015,1.0,12.0,OPT,N,0
120280,2026,Fall,2268,1,RHETOR,299,016,1.0,12.0,OPT,N,0
120280,2026,Fall,2268,1,RHETOR,299,017,1.0,12.0,OPT,N,1
158051,2026,Fall,2268,1,RHETOR,302,001,1.0,2.0,SUS,N,0
120329,2026,Fall,2268,1,RHETOR,601,001,1.0,6.0,SUS,N,0
120330,2026,Fall,2268,1,RHETOR,602,001,1.0,6.0,SUS,N,0
120330,2026,Fall,2268,1,RHETOR,602,002,1.0,6.0,SUS,N,0
120330,2026,Fall,2268,1,RHETOR,602,003,1.0,6.0,SUS,N,0
120330,2026,Fall,2268,1,RHETOR,602,004,1.0,6.0,SUS,N,0
120330,2026,Fall,2268,1,RHETOR,602,005,1.0,6.0,SUS,N,0
120330,2026,Fall,2268,1,RHETOR,602,006,1.0,6.0,SUS,N,0
120330,2026,Fall,2268,1,RHETOR,602,007,1.0,6.0,SUS,N,0
120330,2026,Fall,2268,1,RHETOR,602,008,1.0,6.0,SUS,N,0
120330,2026,Fall,2268,1,RHETOR,602,009,1.0,6.0,SUS,N,0
120330,2026,Fall,2268,1,RHETOR,602,010,1.0,6.0,SUS,N,0
120330,2026,Fall,2268,1,RHETOR,602,011,1.0,6.0,SUS,N,0
120330,2026,Fall,2268,1,RHETOR,602,012,1.0,6.0,SUS,N,0
120330,2026,Fall,2268,1,RHETOR,602,013,1.0,6.0,SUS,N,0
120330,2026,Fall,2268,1,RHETOR,602,014,1.0,6.0,SUS,N,0
120330,2026,Fall,2268,1,RHETOR,602,015,1.0,6.0,SUS,N,0
120330,2026,Fall,2268,1,RHETOR,602,016,1.0,6.0,SUS,N,0
120334,2026,Fall,2268,1,RHETOR,H190A,001,2.0,2.0,BMT,N,22
120334,2026,Fall,2268,1,RHETOR,H190A,002,2.0,2.0,BMT,N,0
120334,2026,Fall,2268,1,RHETOR,H190A,003,2.0,2.0,BMT,N,0
120334,2026,Fall,2268,1,RHETOR,H190A,004,2.0,2.0,BMT,N,0
120334,2026,Fall,2268,1,RHETOR,H190A,005,2.0,2.0,BMT,N,0
120334,2026,Fall,2268,1,RHETOR,H190A,006,2.0,2.0,BMT,N,0
120334,2026,Fall,2268,1,RHETOR,H190A,007,2.0,2.0,BMT,N,0
120334,2026,Fall,2268,1,RHETOR,H190A,008,2.0,2.0,BMT,N,0
120334,2026,Fall,2268,1,RHETOR,H190A,009,2.0,2.0,BMT,N,0
120334,2026,Fall,2268,1,RHETOR,H190A,010,2.0,2.0,BMT,N,0
120334,2026,Fall,2268,1,RHETOR,H190A,011,2.0,2.0,BMT,N,0
120334,2026,Fall,2268,1,RHETOR,H190A,012,2.0,2.0,BMT,N,0
120334,2026,Fall,2268,1,RHETOR,H190A,013,2.0,2.0,BMT,N,0
120335,2026,Fall,2268,1,RHETOR,H190B,002,2.0,2.0,OPT,N,0
120335,2026,Fall,2268,1,RHETOR,H190B,003,2.0,2.0,OPT,N,0
120335,2026,Fall,2268,1,RHETOR,H190B,004,2.0,2.0,OPT,N,0
120336,2026,Fall,2268,1,RHETOR,R1A,001,4.0,4.0,GRD,N,209
120336,2026,Fall,2268,1,RHETOR,R1A,002,4.0,4.0,GRD,N,264
120336,2026,Fall,2268,1,RHETOR,R1A,003,4.0,4.0,GRD,N,178
120337,2026,Fall,2268,1,RHETOR,R1B,001,4.0,4.0,GRD,N,334
120337,2026,Fall,2268,1,RHETOR,R1B,002,4.0,4.0,GRD,N,221
120388,2026,Fall,2268,1,RUSSIAN,1,001,5.0,5.0,OPT,Y,74
120388,2026,Fall,2268,1,RUSSIAN,1,002,5.0,5.0,OPT,Y,45
120392,2026,Fall,2268,1,RUSSIAN,103A,001,4.0,4.0,OPT,Y,104
120401,2026,Fall,2268,1,RUSSIAN,2,001,5.0,5.0,OPT,Y,23
147984,2026,Fall,2268,1,RUSSIAN,202,001,3.0,3.0,OPT,N,5
120405,2026,Fall,2268,1,RUSSIAN,3,001,5.0,5.0,OPT,Y,143
120407,2026,Fall,2268,1,RUSSIAN,6A,001,3.0,3.0,OPT,Y,92
120630,2026,Fall,2268,1,SANSKR,100A,001,5.0,5.0,OPT,Y,17
120632,2026,Fall,2268,1,SANSKR,101A,001,5.0,5.0,OPT,Y,36
121940,2026,Fall,2268,1,SANSKR,299,001,1.0,12.0,SUS,N,0
163460,2026,Fall,2268,1,SASIAN,100A,001,4.0,4.0,OPT,A,464
162729,2026,Fall,2268,1,SASIAN,125,001,4.0,4.0,OPT,A,502
160412,2026,Fall,2268,1,SASIAN,131,001,4.0,4.0,OPT,A,150
120668,2026,Fall,2268,1,SASIAN,144,001,4.0,4.0,OPT,Y,56
168566,2026,Fall,2268,1,SASIAN,161,001,4.0,4.0,OPT,Y,4
167815,2026,Fall,2268,1,SASIAN,162,001,4.0,4.0,OPT,Y,33
121935,2026,Fall,2268,1,SASIAN,299,001,1.0,12.0,SUS,N,0
121935,2026,Fall,2268,1,SASIAN,299,002,1.0,12.0,SUS,N,0
124437,2026,Fall,2268,1,SASIAN,C214,001,2.0,4.0,OPT,N,4
124463,2026,Fall,2268,1,SASIAN,C215,001,2.0,4.0,OPT,N,8
120696,2026,Fall,2268,1,SASIAN,R5A,001,4.0,4.0,GRD,N,236
120697,2026,Fall,2268,1,SASIAN,R5B,001,4.0,4.0,GRD,N,718
120697,2026,Fall,2268,1,SASIAN,R5B,002,4.0,4.0,GRD,N,502
120703,2026,Fall,2268,1,SCANDIN,100A,001,4.0,4.0,OPT,Y,194
120703,2026,Fall,2268,1,SCANDIN,100A,UC01,4.0,4.0,OPT,Y,0
120706,2026,Fall,2268,1,SCANDIN,101A,001,4.0,4.0,OPT,Y,133
120706,2026,Fall,2268,1,SCANDIN,101A,UC01,4.0,4.0,OPT,Y,0
120728,2026,Fall,2268,1,SCANDIN,120,001,4.0,4.0,OPT,Y,0
120729,2026,Fall,2268,1,SCANDIN,123,001,4.0,4.0,OPT,Y,108
120752,2026,Fall,2268,1,SCANDIN,145,001,2.0,2.0,OPT,N,0
120754,2026,Fall,2268,1,SCANDIN,149,001,1.0,1.0,OPT,N,0
120754,2026,Fall,2268,1,SCANDIN,149,002,1.0,1.0,OPT,N,0
120754,2026,Fall,2268,1,SCANDIN,149,003,1.0,1.0,OPT,N,0
120759,2026,Fall,2268,1,SCANDIN,165,001,4.0,4.0,OPT,Y,239
120762,2026,Fall,2268,1,SCANDIN,180,001,4.0,4.0,OPT,Y,241
164836,2026,Fall,2268,1,SCANDIN,191AC,001,4.0,4.0,OPT,Y,340
120766,2026,Fall,2268,1,SCANDIN,199,001,2.0,4.0,PNP,N,0
120781,2026,Fall,2268,1,SCANDIN,220,001,4.0,4.0,OPT,Y,5
120789,2026,Fall,2268,1,SCANDIN,249,001,1.0,1.0,OPT,N,47
120789,2026,Fall,2268,1,SCANDIN,249,002,1.0,1.0,OPT,N,19
120789,2026,Fall,2268,1,SCANDIN,249,003,1.0,1.0,OPT,N,5
120789,2026,Fall,2268,1,SCANDIN,249,004,1.0,1.0,OPT,N,2
120789,2026,Fall,2268,1,SCANDIN,249,005,1.0,1.0,OPT,N,2
120789,2026,Fall,2268,1,SCANDIN,249,006,1.0,1.0,OPT,N,2
120789,2026,Fall,2268,1,SCANDIN,249,007,1.0,1.0,OPT,N,2
120790,2026,Fall,2268,1,SCANDIN,250,001,4.0,4.0,OPT,N,12
120792,2026,Fall,2268,1,SCANDIN,298,001,2.0,12.0,OPT,N,1
120792,2026,Fall,2268,1,SCANDIN,298,002,2.0,12.0,OPT,N,1
120792,2026,Fall,2268,1,SCANDIN,298,003,2.0,12.0,OPT,N,0
120792,2026,Fall,2268,1,SCANDIN,298,004,2.0,12.0,OPT,N,0
120792,2026,Fall,2268,1,SCANDIN,298,005,2.0,12.0,OPT,N,0
120792,2026,Fall,2268,1,SCANDIN,298,006,2.0,12.0,OPT,N,0
120792,2026,Fall,2268,1,SCANDIN,298,007,2.0,12.0,OPT,N,1
120792,2026,Fall,2268,1,SCANDIN,298,008,2.0,12.0,OPT,N,0
120792,2026,Fall,2268,1,SCANDIN,298,009,2.0,12.0,OPT,N,1
120793,2026,Fall,2268,1,SCANDIN,299,001,2.0,12.0,SUS,N,1
120793,2026,Fall,2268,1,SCANDIN,299,002,2.0,12.0,SUS,N,1
120793,2026,Fall,2268,1,SCANDIN,299,003,2.0,12.0,SUS,N,0
120793,2026,Fall,2268,1,SCANDIN,299,004,2.0,12.0,SUS,N,0
120793,2026,Fall,2268,1,SCANDIN,299,005,2.0,12.0,SUS,N,0
120793,2026,Fall,2268,1,SCANDIN,299,006,2.0,12.0,SUS,N,0
120793,2026,Fall,2268,1,SCANDIN,299,007,2.0,12.0,SUS,N,0
120793,2026,Fall,2268,1,SCANDIN,299,008,2.0,12.0,SUS,N,0
120799,2026,Fall,2268,1,SCANDIN,300B,001,1.0,1.0,SUS,N,5
120799,2026,Fall,2268,1,SCANDIN,300B,002,1.0,1.0,SUS,N,4
120799,2026,Fall,2268,1,SCANDIN,300B,003,1.0,1.0,SUS,N,1
120800,2026,Fall,2268,1,SCANDIN,301,001,3.0,3.0,SUS,N,3
120800,2026,Fall,2268,1,SCANDIN,301,002,3.0,3.0,SUS,N,3
120800,2026,Fall,2268,1,SCANDIN,301,003,3.0,3.0,SUS,N,2
163458,2026,Fall,2268,1,SCANDIN,375,001,3.0,3.0,SUS,N,6
120835,2026,Fall,2268,1,SCANDIN,601,001,1.0,8.0,SUS,N,0
120835,2026,Fall,2268,1,SCANDIN,601,002,1.0,8.0,SUS,N,0
120835,2026,Fall,2268,1,SCANDIN,601,003,1.0,8.0,SUS,N,0
120835,2026,Fall,2268,1,SCANDIN,601,004,1.0,8.0,SUS,N,0
120835,2026,Fall,2268,1,SCANDIN,601,005,1.0,8.0,SUS,N,0
120835,2026,Fall,2268,1,SCANDIN,601,006,1.0,8.0,SUS,N,0
120836,2026,Fall,2268,1,SCANDIN,602,001,1.0,8.0,SUS,N,0
120836,2026,Fall,2268,1,SCANDIN,602,002,1.0,8.0,SUS,N,0
120836,2026,Fall,2268,1,SCANDIN,602,003,1.0,8.0,SUS,N,0
120836,2026,Fall,2268,1,SCANDIN,602,004,1.0,8.0,SUS,N,1
120836,2026,Fall,2268,1,SCANDIN,602,005,1.0,8.0,SUS,N,0
120836,2026,Fall,2268,1,SCANDIN,602,006,1.0,8.0,SUS,N,0
120837,2026,Fall,2268,1,SCANDIN,75,001,4.0,4.0,OPT,Y,342
120842,2026,Fall,2268,1,SCANDIN,R5A,002,4.0,4.0,GRD,N,377
120843,2026,Fall,2268,1,SCANDIN,R5B,001,4.0,4.0,GRD,N,721
120852,2026,Fall,2268,1,SCMATHE,292,001,1.0,1.0,SUS,N,11
120853,2026,Fall,2268,1,SCMATHE,294,001,1.0,3.0,OPT,N,0
120853,2026,Fall,2268,1,SCMATHE,294,002,1.0,3.0,OPT,N,0
120853,2026,Fall,2268,1,SCMATHE,294,003,1.0,3.0,OPT,N,0
120853,2026,Fall,2268,1,SCMATHE,294,004,1.0,3.0,OPT,N,0
120853,2026,Fall,2268,1,SCMATHE,294,005,1.0,3.0,OPT,N,0
120853,2026,Fall,2268,1,SCMATHE,294,007,1.0,3.0,OPT,N,0
120853,2026,Fall,2268,1,SCMATHE,294,009,1.0,3.0,OPT,N,0
120853,2026,Fall,2268,1,SCMATHE,294,010,1.0,3.0,OPT,N,0
120854,2026,Fall,2268,1,SCMATHE,295,001,1.0,12.0,OPT,N,0
120854,2026,Fall,2268,1,SCMATHE,295,002,1.0,12.0,OPT,N,0
120854,2026,Fall,2268,1,SCMATHE,295,003,1.0,12.0,OPT,N,0
120854,2026,Fall,2268,1,SCMATHE,295,004,1.0,12.0,OPT,N,0
120854,2026,Fall,2268,1,SCMATHE,295,005,1.0,12.0,OPT,N,0
120854,2026,Fall,2268,1,SCMATHE,295,006,1.0,12.0,OPT,N,0
120854,2026,Fall,2268,1,SCMATHE,295,007,1.0,12.0,OPT,N,0
120854,2026,Fall,2268,1,SCMATHE,295,008,1.0,12.0,OPT,N,0
120854,2026,Fall,2268,1,SCMATHE,295,009,1.0,12.0,OPT,N,0
120854,2026,Fall,2268,1,SCMATHE,295,011,1.0,12.0,OPT,N,0
120854,2026,Fall,2268,1,SCMATHE,295,012,1.0,12.0,OPT,N,0
120855,2026,Fall,2268,1,SCMATHE,299,001,1.0,5.0,OPT,N,1
120855,2026,Fall,2268,1,SCMATHE,299,002,1.0,5.0,OPT,N,1
120855,2026,Fall,2268,1,SCMATHE,299,003,1.0,5.0,OPT,N,2
120855,2026,Fall,2268,1,SCMATHE,299,004,1.0,5.0,OPT,N,1
120855,2026,Fall,2268,1,SCMATHE,299,005,1.0,5.0,OPT,N,1
120855,2026,Fall,2268,1,SCMATHE,299,006,1.0,5.0,OPT,N,0
120855,2026,Fall,2268,1,SCMATHE,299,007,1.0,5.0,OPT,N,1
120855,2026,Fall,2268,1,SCMATHE,299,010,1.0,5.0,OPT,N,0
120856,2026,Fall,2268,1,SCMATHE,602,001,1.0,8.0,SUS,N,3
120856,2026,Fall,2268,1,SCMATHE,602,002,1.0,8.0,SUS,N,0
120856,2026,Fall,2268,1,SCMATHE,602,004,1.0,8.0,SUS,N,0
120856,2026,Fall,2268,1,SCMATHE,602,006,1.0,8.0,SUS,N,1
120856,2026,Fall,2268,1,SCMATHE,602,007,1.0,8.0,SUS,N,1
163484,2026,Fall,2268,1,SEASIAN,101A,001,4.0,4.0,OPT,A,367
120867,2026,Fall,2268,1,SEASIAN,137,001,4.0,4.0,OPT,Y,213
167127,2026,Fall,2268,1,SEASIAN,299,001,1.0,12.0,SUS,N,0
167127,2026,Fall,2268,1,SEASIAN,299,002,1.0,12.0,SUS,N,1
122007,2026,Fall,2268,1,SEASIAN,R5A,001,4.0,4.0,GRD,N,525
122008,2026,Fall,2268,1,SEASIAN,R5B,001,4.0,4.0,GRD,A,1157
122008,2026,Fall,2268,1,SEASIAN,R5B,002,4.0,4.0,GRD,A,846
122008,2026,Fall,2268,1,SEASIAN,R5B,003,4.0,4.0,GRD,A,25
122008,2026,Fall,2268,1,SEASIAN,R5B,004,4.0,4.0,GRD,A,42
120891,2026,Fall,2268,1,SLAVIC,100,001,3.0,3.0,OPT,A,263
154776,2026,Fall,2268,1,SLAVIC,100L,001,1.0,1.0,OPT,A,109
154776,2026,Fall,2268,1,SLAVIC,100L,002,1.0,1.0,OPT,A,0
154776,2026,Fall,2268,1,SLAVIC,100L,003,1.0,1.0,OPT,A,0
154786,2026,Fall,2268,1,SLAVIC,100R,001,1.0,1.0,OPT,A,181
154786,2026,Fall,2268,1,SLAVIC,100R,002,1.0,1.0,OPT,A,0
154786,2026,Fall,2268,1,SLAVIC,100R,003,1.0,1.0,OPT,A,0
154786,2026,Fall,2268,1,SLAVIC,100R,004,1.0,1.0,OPT,A,0
120925,2026,Fall,2268,1,SLAVIC,133,001,4.0,4.0,OPT,Y,49
120931,2026,Fall,2268,1,SLAVIC,134D,001,4.0,4.0,OPT,Y,234
120932,2026,Fall,2268,1,SLAVIC,134E,001,4.0,4.0,OPT,Y,69
120953,2026,Fall,2268,1,SLAVIC,147B,001,3.0,3.0,OPT,Y,160
120955,2026,Fall,2268,1,SLAVIC,148,001,4.0,4.0,OPT,Y,61
120968,2026,Fall,2268,1,SLAVIC,170,001,3.0,3.0,OPT,Y,79
120969,2026,Fall,2268,1,SLAVIC,171,001,3.0,3.0,OPT,A,83
120984,2026,Fall,2268,1,SLAVIC,199,001,1.0,4.0,PNP,N,0
120984,2026,Fall,2268,1,SLAVIC,199,002,1.0,4.0,PNP,N,0
120988,2026,Fall,2268,1,SLAVIC,200,001,0.0,0.0,SUS,N,3
120998,2026,Fall,2268,1,SLAVIC,214,001,4.0,4.0,OPT,N,7
121045,2026,Fall,2268,1,SLAVIC,280,001,4.0,4.0,OPT,N,13
121046,2026,Fall,2268,1,SLAVIC,281,001,4.0,4.0,OPT,N,14
121051,2026,Fall,2268,1,SLAVIC,298,001,2.0,8.0,OPT,N,1
121051,2026,Fall,2268,1,SLAVIC,298,002,2.0,8.0,OPT,N,0
121051,2026,Fall,2268,1,SLAVIC,298,003,2.0,8.0,OPT,N,1
121051,2026,Fall,2268,1,SLAVIC,298,004,2.0,8.0,OPT,N,1
121051,2026,Fall,2268,1,SLAVIC,298,005,2.0,8.0,OPT,N,0
121051,2026,Fall,2268,1,SLAVIC,298,006,2.0,8.0,OPT,N,0
121051,2026,Fall,2268,1,SLAVIC,298,007,2.0,8.0,OPT,N,0
121051,2026,Fall,2268,1,SLAVIC,298,008,2.0,8.0,OPT,N,0
121051,2026,Fall,2268,1,SLAVIC,298,009,2.0,8.0,OPT,N,0
121051,2026,Fall,2268,1,SLAVIC,298,010,2.0,8.0,OPT,N,0
121051,2026,Fall,2268,1,SLAVIC,298,011,2.0,8.0,OPT,N,1
121051,2026,Fall,2268,1,SLAVIC,298,012,2.0,8.0,OPT,N,1
121051,2026,Fall,2268,1,SLAVIC,298,013,2.0,8.0,OPT,N,0
121051,2026,Fall,2268,1,SLAVIC,298,014,2.0,8.0,OPT,N,0
121052,2026,Fall,2268,1,SLAVIC,299,001,1.0,12.0,SUS,N,1
121052,2026,Fall,2268,1,SLAVIC,299,002,1.0,12.0,SUS,N,0
121052,2026,Fall,2268,1,SLAVIC,299,003,1.0,12.0,SUS,N,0
121052,2026,Fall,2268,1,SLAVIC,299,004,1.0,12.0,SUS,N,0
121052,2026,Fall,2268,1,SLAVIC,299,005,1.0,12.0,SUS,N,0
121052,2026,Fall,2268,1,SLAVIC,299,006,1.0,12.0,SUS,N,0
121052,2026,Fall,2268,1,SLAVIC,299,007,1.0,12.0,SUS,N,0
121052,2026,Fall,2268,1,SLAVIC,299,008,1.0,12.0,SUS,N,0
121052,2026,Fall,2268,1,SLAVIC,299,009,1.0,12.0,SUS,N,0
121052,2026,Fall,2268,1,SLAVIC,299,010,1.0,12.0,SUS,N,0
121052,2026,Fall,2268,1,SLAVIC,299,011,1.0,12.0,SUS,N,0
121052,2026,Fall,2268,1,SLAVIC,299,012,1.0,12.0,SUS,N,0
121056,2026,Fall,2268,1,SLAVIC,310,001,1.0,2.0,SUS,N,6
121056,2026,Fall,2268,1,SLAVIC,310,002,1.0,2.0,SUS,N,1
121056,2026,Fall,2268,1,SLAVIC,310,003,1.0,2.0,SUS,N,0
121056,2026,Fall,2268,1,SLAVIC,310,004,1.0,2.0,SUS,N,0
121061,2026,Fall,2268,1,SLAVIC,375A,001,3.0,3.0,SUS,N,4
121062,2026,Fall,2268,1,SLAVIC,375B,001,3.0,3.0,SUS,N,2
121093,2026,Fall,2268,1,SLAVIC,45,001,4.0,4.0,OPT,Y,132
121101,2026,Fall,2268,1,SLAVIC,601,001,2.0,8.0,SUS,N,0
121101,2026,Fall,2268,1,SLAVIC,601,002,2.0,8.0,SUS,N,0
121101,2026,Fall,2268,1,SLAVIC,601,003,2.0,8.0,SUS,N,0
121101,2026,Fall,2268,1,SLAVIC,601,004,2.0,8.0,SUS,N,0
121101,2026,Fall,2268,1,SLAVIC,601,005,2.0,8.0,SUS,N,0
121101,2026,Fall,2268,1,SLAVIC,601,006,2.0,8.0,SUS,N,0
121101,2026,Fall,2268,1,SLAVIC,601,007,2.0,8.0,SUS,N,0
121101,2026,Fall,2268,1,SLAVIC,601,008,2.0,8.0,SUS,N,0
121101,2026,Fall,2268,1,SLAVIC,601,009,2.0,8.0,SUS,N,0
121101,2026,Fall,2268,1,SLAVIC,601,010,2.0,8.0,SUS,N,1
121102,2026,Fall,2268,1,SLAVIC,602,001,2.0,8.0,SUS,N,0
121102,2026,Fall,2268,1,SLAVIC,602,002,2.0,8.0,SUS,N,0
121102,2026,Fall,2268,1,SLAVIC,602,003,2.0,8.0,SUS,N,0
121102,2026,Fall,2268,1,SLAVIC,602,004,2.0,8.0,SUS,N,0
121102,2026,Fall,2268,1,SLAVIC,602,005,2.0,8.0,SUS,N,0
121102,2026,Fall,2268,1,SLAVIC,602,006,2.0,8.0,SUS,N,0
121102,2026,Fall,2268,1,SLAVIC,602,007,2.0,8.0,SUS,N,0
121102,2026,Fall,2268,1,SLAVIC,602,008,2.0,8.0,SUS,N,0
121102,2026,Fall,2268,1,SLAVIC,602,009,2.0,8.0,SUS,N,0
121102,2026,Fall,2268,1,SLAVIC,602,010,2.0,8.0,SUS,N,0
121105,2026,Fall,2268,1,SLAVIC,98,001,2.0,2.0,PNP,N,15
121106,2026,Fall,2268,1,SLAVIC,99,001,1.0,4.0,PNP,N,0
121107,2026,Fall,2268,1,SLAVIC,H195,001,4.0,4.0,OPT,N,0
121109,2026,Fall,2268,1,SLAVIC,R5A,002,4.0,4.0,GRD,N,9
121109,2026,Fall,2268,1,SLAVIC,R5A,003,4.0,4.0,GRD,N,228
121110,2026,Fall,2268,1,SLAVIC,R5B,001,4.0,4.0,GRD,N,359
121110,2026,Fall,2268,1,SLAVIC,R5B,002,4.0,4.0,GRD,N,499
121110,2026,Fall,2268,1,SLAVIC,R5B,004,4.0,4.0,GRD,N,348
121116,2026,Fall,2268,1,SOCIOL,1,001,4.0,4.0,OPT,Y,1166
121118,2026,Fall,2268,1,SOCIOL,101,001,5.0,5.0,OPT,Y,370
121122,2026,Fall,2268,1,SOCIOL,102,001,5.0,5.0,OPT,Y,212
121127,2026,Fall,2268,1,SOCIOL,106,001,4.0,4.0,OPT,Y,151
154541,2026,Fall,2268,1,SOCIOL,107,001,4.0,4.0,OPT,A,140
121132,2026,Fall,2268,1,SOCIOL,110,001,4.0,4.0,OPT,Y,204
121134,2026,Fall,2268,1,SOCIOL,111AC,001,4.0,4.0,OPT,Y,511
121139,2026,Fall,2268,1,SOCIOL,113AC,001,4.0,4.0,OPT,Y,909
162643,2026,Fall,2268,1,SOCIOL,119L,001,4.0,4.0,OPT,Y,244
121150,2026,Fall,2268,1,SOCIOL,120,001,4.0,4.0,OPT,Y,394
121151,2026,Fall,2268,1,SOCIOL,121,001,4.0,4.0,OPT,Y,224
121161,2026,Fall,2268,1,SOCIOL,127,001,4.0,4.0,OPT,Y,610
121164,2026,Fall,2268,1,SOCIOL,130,001,4.0,4.0,OPT,Y,129
121168,2026,Fall,2268,1,SOCIOL,131AC,001,4.0,4.0,OPT,Y,607
121175,2026,Fall,2268,1,SOCIOL,135,001,4.0,4.0,OPT,Y,116
121176,2026,Fall,2268,1,SOCIOL,136,001,4.0,4.0,OPT,Y,88
124289,2026,Fall,2268,1,SOCIOL,137AC,001,4.0,4.0,OPT,Y,59
121178,2026,Fall,2268,1,SOCIOL,139,001,4.0,4.0,OPT,Y,110
121179,2026,Fall,2268,1,SOCIOL,140,001,4.0,4.0,OPT,Y,292
121189,2026,Fall,2268,1,SOCIOL,146AC,001,4.0,4.0,OPT,Y,461
156078,2026,Fall,2268,1,SOCIOL,149,001,4.0,4.0,OPT,Y,5
161283,2026,Fall,2268,1,SOCIOL,149P,001,4.0,4.0,OPT,N,113
121191,2026,Fall,2268,1,SOCIOL,150,001,4.0,4.0,OPT,Y,426
121203,2026,Fall,2268,1,SOCIOL,163,001,3.0,4.0,OPT,Y,296
121205,2026,Fall,2268,1,SOCIOL,166,001,4.0,4.0,OPT,Y,321
121206,2026,Fall,2268,1,SOCIOL,167,001,4.0,4.0,OPT,Y,678
121207,2026,Fall,2268,1,SOCIOL,169,001,4.0,4.0,OPT,Y,206
121207,2026,Fall,2268,1,SOCIOL,169,002,4.0,4.0,OPT,Y,124
148024,2026,Fall,2268,1,SOCIOL,169C,001,3.0,4.0,OPT,A,257
148024,2026,Fall,2268,1,SOCIOL,169C,002,3.0,4.0,OPT,A,170
121208,2026,Fall,2268,1,SOCIOL,169F,001,3.0,3.0,OPT,Y,121
121214,2026,Fall,2268,1,SOCIOL,179,001,4.0,4.0,OPT,Y,40
121221,2026,Fall,2268,1,SOCIOL,182,001,4.0,4.0,OPT,Y,224
121229,2026,Fall,2268,1,SOCIOL,190,001,4.0,4.0,OPT,A,94
121229,2026,Fall,2268,1,SOCIOL,190,002,4.0,4.0,OPT,A,55
121229,2026,Fall,2268,1,SOCIOL,190,003,4.0,4.0,OPT,A,49
121229,2026,Fall,2268,1,SOCIOL,190,005,4.0,4.0,OPT,A,46
121229,2026,Fall,2268,1,SOCIOL,190,006,4.0,4.0,OPT,A,44
121229,2026,Fall,2268,1,SOCIOL,190,007,4.0,4.0,OPT,A,63
121238,2026,Fall,2268,1,SOCIOL,197,001,1.0,4.0,PNP,N,0
121238,2026,Fall,2268,1,SOCIOL,197,002,1.0,4.0,PNP,N,0
121238,2026,Fall,2268,1,SOCIOL,197,003,1.0,4.0,PNP,N,0
121238,2026,Fall,2268,1,SOCIOL,197,004,1.0,4.0,PNP,N,0
121238,2026,Fall,2268,1,SOCIOL,197,005,1.0,4.0,PNP,N,0
121238,2026,Fall,2268,1,SOCIOL,197,006,1.0,4.0,PNP,N,0
121238,2026,Fall,2268,1,SOCIOL,197,007,1.0,4.0,PNP,N,0
121238,2026,Fall,2268,1,SOCIOL,197,008,1.0,4.0,PNP,N,0
121238,2026,Fall,2268,1,SOCIOL,197,009,1.0,4.0,PNP,N,0
121238,2026,Fall,2268,1,SOCIOL,197,010,1.0,4.0,PNP,N,0
121238,2026,Fall,2268,1,SOCIOL,197,011,1.0,4.0,PNP,N,0
121238,2026,Fall,2268,1,SOCIOL,197,012,1.0,4.0,PNP,N,0
121238,2026,Fall,2268,1,SOCIOL,197,013,1.0,4.0,PNP,N,0
121238,2026,Fall,2268,1,SOCIOL,197,014,1.0,4.0,PNP,N,0
121238,2026,Fall,2268,1,SOCIOL,197,015,1.0,4.0,PNP,N,0
121238,2026,Fall,2268,1,SOCIOL,197,016,1.0,4.0,PNP,N,0
121238,2026,Fall,2268,1,SOCIOL,197,017,1.0,4.0,PNP,N,0
121238,2026,Fall,2268,1,SOCIOL,197,018,1.0,4.0,PNP,N,0
121238,2026,Fall,2268,1,SOCIOL,197,019,1.0,4.0,PNP,N,0
121238,2026,Fall,2268,1,SOCIOL,197,020,1.0,4.0,PNP,N,0
121238,2026,Fall,2268,1,SOCIOL,197,021,1.0,4.0,PNP,N,0
121238,2026,Fall,2268,1,SOCIOL,197,022,1.0,4.0,PNP,N,0
121238,2026,Fall,2268,1,SOCIOL,197,023,1.0,4.0,PNP,N,0
121238,2026,Fall,2268,1,SOCIOL,197,024,1.0,4.0,PNP,N,0
121238,2026,Fall,2268,1,SOCIOL,197,025,1.0,4.0,PNP,N,0
121238,2026,Fall,2268,1,SOCIOL,197,026,1.0,4.0,PNP,N,0
121238,2026,Fall,2268,1,SOCIOL,197,027,1.0,4.0,PNP,N,0
121238,2026,Fall,2268,1,SOCIOL,197,028,1.0,4.0,PNP,N,0
121238,2026,Fall,2268,1,SOCIOL,197,029,1.0,4.0,PNP,N,0
121238,2026,Fall,2268,1,SOCIOL,197,030,1.0,4.0,PNP,N,0
121238,2026,Fall,2268,1,SOCIOL,197,031,1.0,4.0,PNP,N,0
121238,2026,Fall,2268,1,SOCIOL,197,032,1.0,4.0,PNP,N,0
121238,2026,Fall,2268,1,SOCIOL,197,033,1.0,4.0,PNP,N,0
121238,2026,Fall,2268,1,SOCIOL,197,034,1.0,4.0,PNP,N,0
121239,2026,Fall,2268,1,SOCIOL,198,015,1.0,1.0,PNP,N,32
121240,2026,Fall,2268,1,SOCIOL,198BC,003,1.0,1.0,PNP,N,45
121240,2026,Fall,2268,1,SOCIOL,198BC,004,1.0,1.0,PNP,N,26
121240,2026,Fall,2268,1,SOCIOL,198BC,005,1.0,1.0,PNP,N,17
121240,2026,Fall,2268,1,SOCIOL,198BC,006,1.0,1.0,PNP,N,34
121241,2026,Fall,2268,1,SOCIOL,199,001,1.0,4.0,PNP,N,0
121241,2026,Fall,2268,1,SOCIOL,199,002,1.0,4.0,PNP,N,0
121241,2026,Fall,2268,1,SOCIOL,199,003,1.0,4.0,PNP,N,0
121241,2026,Fall,2268,1,SOCIOL,199,004,1.0,4.0,PNP,N,0
121241,2026,Fall,2268,1,SOCIOL,199,005,1.0,4.0,PNP,N,0
121241,2026,Fall,2268,1,SOCIOL,199,006,1.0,4.0,PNP,N,0
121241,2026,Fall,2268,1,SOCIOL,199,007,1.0,4.0,PNP,N,0
121241,2026,Fall,2268,1,SOCIOL,199,008,1.0,4.0,PNP,N,0
121241,2026,Fall,2268,1,SOCIOL,199,009,1.0,4.0,PNP,N,0
121241,2026,Fall,2268,1,SOCIOL,199,010,1.0,4.0,PNP,N,0
121241,2026,Fall,2268,1,SOCIOL,199,011,1.0,4.0,PNP,N,0
121241,2026,Fall,2268,1,SOCIOL,199,012,1.0,4.0,PNP,N,0
121241,2026,Fall,2268,1,SOCIOL,199,013,1.0,4.0,PNP,N,0
121241,2026,Fall,2268,1,SOCIOL,199,014,1.0,4.0,PNP,N,0
121241,2026,Fall,2268,1,SOCIOL,199,015,1.0,4.0,PNP,N,0
121241,2026,Fall,2268,1,SOCIOL,199,016,1.0,4.0,PNP,N,0
121241,2026,Fall,2268,1,SOCIOL,199,017,1.0,4.0,PNP,N,0
121241,2026,Fall,2268,1,SOCIOL,199,018,1.0,4.0,PNP,N,0
121241,2026,Fall,2268,1,SOCIOL,199,019,1.0,4.0,PNP,N,0
121241,2026,Fall,2268,1,SOCIOL,199,020,1.0,4.0,PNP,N,0
121241,2026,Fall,2268,1,SOCIOL,199,021,1.0,4.0,PNP,N,0
121241,2026,Fall,2268,1,SOCIOL,199,022,1.0,4.0,PNP,N,0
121241,2026,Fall,2268,1,SOCIOL,199,023,1.0,4.0,PNP,N,0
121241,2026,Fall,2268,1,SOCIOL,199,024,1.0,4.0,PNP,N,0
121241,2026,Fall,2268,1,SOCIOL,199,025,1.0,4.0,PNP,N,0
121241,2026,Fall,2268,1,SOCIOL,199,026,1.0,4.0,PNP,N,0
121241,2026,Fall,2268,1,SOCIOL,199,027,1.0,4.0,PNP,N,0
121241,2026,Fall,2268,1,SOCIOL,199,028,1.0,4.0,PNP,N,0
121241,2026,Fall,2268,1,SOCIOL,199,029,1.0,4.0,PNP,N,0
121241,2026,Fall,2268,1,SOCIOL,199,030,1.0,4.0,PNP,N,0
121241,2026,Fall,2268,1,SOCIOL,199,031,1.0,4.0,PNP,N,0
121241,2026,Fall,2268,1,SOCIOL,199,032,1.0,4.0,PNP,N,0
121241,2026,Fall,2268,1,SOCIOL,199,033,1.0,4.0,PNP,N,0
121241,2026,Fall,2268,1,SOCIOL,199,034,1.0,4.0,PNP,N,0
121241,2026,Fall,2268,1,SOCIOL,199,035,1.0,4.0,PNP,N,0
121241,2026,Fall,2268,1,SOCIOL,199,036,1.0,4.0,PNP,N,0
121242,2026,Fall,2268,1,SOCIOL,200,001,1.0,1.0,SUS,N,3
121244,2026,Fall,2268,1,SOCIOL,201A,001,3.0,3.0,OPT,N,45
121249,2026,Fall,2268,1,SOCIOL,202C,001,3.0,3.0,OPT,Y,6
121275,2026,Fall,2268,1,SOCIOL,271A,001,4.0,4.0,OPT,N,11
121276,2026,Fall,2268,1,SOCIOL,271B,001,3.0,3.0,OPT,N,6
160762,2026,Fall,2268,1,SOCIOL,273L,001,3.0,3.0,OPT,N,42
121301,2026,Fall,2268,1,SOCIOL,280A,001,3.0,3.0,OPT,N,35
121303,2026,Fall,2268,1,SOCIOL,280B,001,3.0,3.0,OPT,N,13
121325,2026,Fall,2268,1,SOCIOL,280X,001,3.0,3.0,OPT,N,12
121326,2026,Fall,2268,1,SOCIOL,280Y,001,3.0,3.0,OPT,N,67
121331,2026,Fall,2268,1,SOCIOL,292,001,1.0,1.0,SUS,N,0
121331,2026,Fall,2268,1,SOCIOL,292,002,1.0,1.0,SUS,N,5
121331,2026,Fall,2268,1,SOCIOL,292,003,1.0,1.0,SUS,N,0
121331,2026,Fall,2268,1,SOCIOL,292,004,1.0,1.0,SUS,N,4
121331,2026,Fall,2268,1,SOCIOL,292,005,1.0,1.0,SUS,N,0
121331,2026,Fall,2268,1,SOCIOL,292,006,1.0,1.0,SUS,N,0
121331,2026,Fall,2268,1,SOCIOL,292,007,1.0,1.0,SUS,N,0
121331,2026,Fall,2268,1,SOCIOL,292,008,1.0,1.0,SUS,N,0
121334,2026,Fall,2268,1,SOCIOL,295,001,1.0,12.0,SUS,N,0
121334,2026,Fall,2268,1,SOCIOL,295,002,1.0,12.0,SUS,N,0
121334,2026,Fall,2268,1,SOCIOL,295,003,1.0,12.0,SUS,N,0
121334,2026,Fall,2268,1,SOCIOL,295,004,1.0,12.0,SUS,N,0
121334,2026,Fall,2268,1,SOCIOL,295,005,1.0,12.0,SUS,N,0
121334,2026,Fall,2268,1,SOCIOL,295,006,1.0,12.0,SUS,N,0
121334,2026,Fall,2268,1,SOCIOL,295,007,1.0,12.0,SUS,N,0
121334,2026,Fall,2268,1,SOCIOL,295,008,1.0,12.0,SUS,N,0
121334,2026,Fall,2268,1,SOCIOL,295,009,1.0,12.0,SUS,N,0
121334,2026,Fall,2268,1,SOCIOL,295,010,1.0,12.0,SUS,N,0
121334,2026,Fall,2268,1,SOCIOL,295,011,1.0,12.0,SUS,N,0
121334,2026,Fall,2268,1,SOCIOL,295,012,1.0,12.0,SUS,N,0
121334,2026,Fall,2268,1,SOCIOL,295,013,1.0,12.0,SUS,N,0
121334,2026,Fall,2268,1,SOCIOL,295,014,1.0,12.0,SUS,N,0
121334,2026,Fall,2268,1,SOCIOL,295,015,1.0,12.0,SUS,N,0
121334,2026,Fall,2268,1,SOCIOL,295,016,1.0,12.0,SUS,N,0
121334,2026,Fall,2268,1,SOCIOL,295,017,1.0,12.0,SUS,N,0
121334,2026,Fall,2268,1,SOCIOL,295,018,1.0,12.0,SUS,N,0
121334,2026,Fall,2268,1,SOCIOL,295,019,1.0,12.0,SUS,N,0
121334,2026,Fall,2268,1,SOCIOL,295,020,1.0,12.0,SUS,N,0
121334,2026,Fall,2268,1,SOCIOL,295,021,1.0,12.0,SUS,N,0
121334,2026,Fall,2268,1,SOCIOL,295,022,1.0,12.0,SUS,N,0
121334,2026,Fall,2268,1,SOCIOL,295,023,1.0,12.0,SUS,N,0
121334,2026,Fall,2268,1,SOCIOL,295,024,1.0,12.0,SUS,N,0
121334,2026,Fall,2268,1,SOCIOL,295,025,1.0,12.0,SUS,N,0
121334,2026,Fall,2268,1,SOCIOL,295,026,1.0,12.0,SUS,N,0
121334,2026,Fall,2268,1,SOCIOL,295,027,1.0,12.0,SUS,N,0
121334,2026,Fall,2268,1,SOCIOL,295,028,1.0,12.0,SUS,N,0
121334,2026,Fall,2268,1,SOCIOL,295,029,1.0,12.0,SUS,N,0
121334,2026,Fall,2268,1,SOCIOL,295,030,1.0,12.0,SUS,N,0
121334,2026,Fall,2268,1,SOCIOL,295,031,1.0,12.0,SUS,N,0
121334,2026,Fall,2268,1,SOCIOL,295,032,1.0,12.0,SUS,N,0
121334,2026,Fall,2268,1,SOCIOL,295,033,1.0,12.0,SUS,N,0
121334,2026,Fall,2268,1,SOCIOL,295,034,1.0,12.0,SUS,N,0
121335,2026,Fall,2268,1,SOCIOL,296,001,1.0,12.0,SUS,N,0
121335,2026,Fall,2268,1,SOCIOL,296,002,1.0,12.0,SUS,N,0
121335,2026,Fall,2268,1,SOCIOL,296,003,1.0,12.0,SUS,N,0
121335,2026,Fall,2268,1,SOCIOL,296,004,1.0,12.0,SUS,N,0
121335,2026,Fall,2268,1,SOCIOL,296,005,1.0,12.0,SUS,N,0
121335,2026,Fall,2268,1,SOCIOL,296,006,1.0,12.0,SUS,N,0
121335,2026,Fall,2268,1,SOCIOL,296,007,1.0,12.0,SUS,N,0
121335,2026,Fall,2268,1,SOCIOL,296,008,1.0,12.0,SUS,N,0
121335,2026,Fall,2268,1,SOCIOL,296,009,1.0,12.0,SUS,N,0
121335,2026,Fall,2268,1,SOCIOL,296,010,1.0,12.0,SUS,N,0
121335,2026,Fall,2268,1,SOCIOL,296,011,1.0,12.0,SUS,N,0
121335,2026,Fall,2268,1,SOCIOL,296,012,1.0,12.0,SUS,N,0
121335,2026,Fall,2268,1,SOCIOL,296,013,1.0,12.0,SUS,N,0
121335,2026,Fall,2268,1,SOCIOL,296,014,1.0,12.0,SUS,N,0
121335,2026,Fall,2268,1,SOCIOL,296,015,1.0,12.0,SUS,N,0
121335,2026,Fall,2268,1,SOCIOL,296,016,1.0,12.0,SUS,N,0
121335,2026,Fall,2268,1,SOCIOL,296,017,1.0,12.0,SUS,N,0
121335,2026,Fall,2268,1,SOCIOL,296,018,1.0,12.0,SUS,N,0
121335,2026,Fall,2268,1,SOCIOL,296,019,1.0,12.0,SUS,N,0
121335,2026,Fall,2268,1,SOCIOL,296,020,1.0,12.0,SUS,N,0
121335,2026,Fall,2268,1,SOCIOL,296,021,1.0,12.0,SUS,N,0
121335,2026,Fall,2268,1,SOCIOL,296,022,1.0,12.0,SUS,N,0
121335,2026,Fall,2268,1,SOCIOL,296,023,1.0,12.0,SUS,N,0
121335,2026,Fall,2268,1,SOCIOL,296,024,1.0,12.0,SUS,N,0
121335,2026,Fall,2268,1,SOCIOL,296,025,1.0,12.0,SUS,N,0
121335,2026,Fall,2268,1,SOCIOL,296,026,1.0,12.0,SUS,N,0
121335,2026,Fall,2268,1,SOCIOL,296,027,1.0,12.0,SUS,N,0
121335,2026,Fall,2268,1,SOCIOL,296,028,1.0,12.0,SUS,N,0
121335,2026,Fall,2268,1,SOCIOL,296,029,1.0,12.0,SUS,N,0
121335,2026,Fall,2268,1,SOCIOL,296,030,1.0,12.0,SUS,N,0
121335,2026,Fall,2268,1,SOCIOL,296,031,1.0,12.0,SUS,N,0
121335,2026,Fall,2268,1,SOCIOL,296,032,1.0,12.0,SUS,N,0
121335,2026,Fall,2268,1,SOCIOL,296,033,1.0,12.0,SUS,N,0
121335,2026,Fall,2268,1,SOCIOL,296,034,1.0,12.0,SUS,N,0
121336,2026,Fall,2268,1,SOCIOL,298,001,1.0,9.0,OPT,N,0
121336,2026,Fall,2268,1,SOCIOL,298,002,1.0,9.0,OPT,N,0
121337,2026,Fall,2268,1,SOCIOL,299,001,1.0,9.0,OPT,N,0
121337,2026,Fall,2268,1,SOCIOL,299,002,1.0,9.0,OPT,N,0
121337,2026,Fall,2268,1,SOCIOL,299,003,1.0,9.0,OPT,N,0
121337,2026,Fall,2268,1,SOCIOL,299,004,1.0,9.0,OPT,N,0
121337,2026,Fall,2268,1,SOCIOL,299,005,1.0,9.0,OPT,N,0
121337,2026,Fall,2268,1,SOCIOL,299,006,1.0,9.0,OPT,N,0
121337,2026,Fall,2268,1,SOCIOL,299,007,1.0,9.0,OPT,N,0
121337,2026,Fall,2268,1,SOCIOL,299,008,1.0,9.0,OPT,N,0
121337,2026,Fall,2268,1,SOCIOL,299,009,1.0,9.0,OPT,N,0
121337,2026,Fall,2268,1,SOCIOL,299,010,1.0,9.0,OPT,N,0
121337,2026,Fall,2268,1,SOCIOL,299,011,1.0,9.0,OPT,N,0
121337,2026,Fall,2268,1,SOCIOL,299,012,1.0,9.0,OPT,N,0
121337,2026,Fall,2268,1,SOCIOL,299,013,1.0,9.0,OPT,N,0
121337,2026,Fall,2268,1,SOCIOL,299,014,1.0,9.0,OPT,N,0
121337,2026,Fall,2268,1,SOCIOL,299,015,1.0,9.0,OPT,N,0
121337,2026,Fall,2268,1,SOCIOL,299,016,1.0,9.0,OPT,N,0
121337,2026,Fall,2268,1,SOCIOL,299,017,1.0,9.0,OPT,N,0
121337,2026,Fall,2268,1,SOCIOL,299,018,1.0,9.0,OPT,N,0
121337,2026,Fall,2268,1,SOCIOL,299,019,1.0,9.0,OPT,N,0
121337,2026,Fall,2268,1,SOCIOL,299,020,1.0,9.0,OPT,N,0
121337,2026,Fall,2268,1,SOCIOL,299,021,1.0,9.0,OPT,N,0
121337,2026,Fall,2268,1,SOCIOL,299,022,1.0,9.0,OPT,N,0
121337,2026,Fall,2268,1,SOCIOL,299,023,1.0,9.0,OPT,N,0
121337,2026,Fall,2268,1,SOCIOL,299,024,1.0,9.0,OPT,N,0
121337,2026,Fall,2268,1,SOCIOL,299,025,1.0,9.0,OPT,N,0
121337,2026,Fall,2268,1,SOCIOL,299,026,1.0,9.0,OPT,N,0
121337,2026,Fall,2268,1,SOCIOL,299,027,1.0,9.0,OPT,N,0
121337,2026,Fall,2268,1,SOCIOL,299,028,1.0,9.0,OPT,N,0
121337,2026,Fall,2268,1,SOCIOL,299,029,1.0,9.0,OPT,N,0
121337,2026,Fall,2268,1,SOCIOL,299,030,1.0,9.0,OPT,N,0
121337,2026,Fall,2268,1,SOCIOL,299,031,1.0,9.0,OPT,N,0
121337,2026,Fall,2268,1,SOCIOL,299,032,1.0,9.0,OPT,N,0
121337,2026,Fall,2268,1,SOCIOL,299,033,1.0,9.0,OPT,N,0
121337,2026,Fall,2268,1,SOCIOL,299,034,1.0,9.0,OPT,N,0
121341,2026,Fall,2268,1,SOCIOL,301,003,3.0,6.0,SUS,N,0
121341,2026,Fall,2268,1,SOCIOL,301,004,3.0,6.0,SUS,N,0
121341,2026,Fall,2268,1,SOCIOL,301,005,3.0,6.0,SUS,N,0
121341,2026,Fall,2268,1,SOCIOL,301,006,3.0,6.0,SUS,N,0
121341,2026,Fall,2268,1,SOCIOL,301,007,3.0,6.0,SUS,N,0
121341,2026,Fall,2268,1,SOCIOL,301,008,3.0,6.0,SUS,N,0
121341,2026,Fall,2268,1,SOCIOL,301,009,3.0,6.0,SUS,N,0
121341,2026,Fall,2268,1,SOCIOL,301,010,3.0,6.0,SUS,N,0
121341,2026,Fall,2268,1,SOCIOL,301,011,3.0,6.0,SUS,N,0
121341,2026,Fall,2268,1,SOCIOL,301,012,3.0,6.0,SUS,N,0
121341,2026,Fall,2268,1,SOCIOL,301,013,3.0,6.0,SUS,N,0
121341,2026,Fall,2268,1,SOCIOL,301,014,3.0,6.0,SUS,N,0
121341,2026,Fall,2268,1,SOCIOL,301,015,3.0,6.0,SUS,N,0
121341,2026,Fall,2268,1,SOCIOL,301,016,3.0,6.0,SUS,N,0
121341,2026,Fall,2268,1,SOCIOL,301,017,3.0,6.0,SUS,N,0
121341,2026,Fall,2268,1,SOCIOL,301,018,3.0,6.0,SUS,N,0
121341,2026,Fall,2268,1,SOCIOL,301,019,3.0,6.0,SUS,N,0
121341,2026,Fall,2268,1,SOCIOL,301,020,3.0,6.0,SUS,N,0
121341,2026,Fall,2268,1,SOCIOL,301,022,3.0,6.0,SUS,N,0
121341,2026,Fall,2268,1,SOCIOL,301,023,3.0,6.0,SUS,N,0
121341,2026,Fall,2268,1,SOCIOL,301,024,3.0,6.0,SUS,N,0
121341,2026,Fall,2268,1,SOCIOL,301,025,3.0,6.0,SUS,N,0
121341,2026,Fall,2268,1,SOCIOL,301,026,3.0,6.0,SUS,N,0
121341,2026,Fall,2268,1,SOCIOL,301,027,3.0,6.0,SUS,N,0
121341,2026,Fall,2268,1,SOCIOL,301,028,3.0,6.0,SUS,N,0
121341,2026,Fall,2268,1,SOCIOL,301,029,3.0,6.0,SUS,N,0
121341,2026,Fall,2268,1,SOCIOL,301,030,3.0,6.0,SUS,N,0
121341,2026,Fall,2268,1,SOCIOL,301,031,3.0,6.0,SUS,N,0
121341,2026,Fall,2268,1,SOCIOL,301,032,3.0,6.0,SUS,N,0
121341,2026,Fall,2268,1,SOCIOL,301,033,3.0,6.0,SUS,N,0
121341,2026,Fall,2268,1,SOCIOL,301,034,3.0,6.0,SUS,N,0
121341,2026,Fall,2268,1,SOCIOL,301,035,3.0,6.0,SUS,N,0
121341,2026,Fall,2268,1,SOCIOL,301,036,3.0,6.0,SUS,N,0
121342,2026,Fall,2268,1,SOCIOL,375,001,3.0,6.0,SUS,N,1
121340,2026,Fall,2268,1,SOCIOL,3AC,001,4.0,4.0,OPT,Y,1482
121371,2026,Fall,2268,1,SOCIOL,5,001,4.0,4.0,OPT,Y,437
121372,2026,Fall,2268,1,SOCIOL,601,001,1.0,12.0,SUS,N,0
121372,2026,Fall,2268,1,SOCIOL,601,002,1.0,12.0,SUS,N,0
121372,2026,Fall,2268,1,SOCIOL,601,003,1.0,12.0,SUS,N,0
121372,2026,Fall,2268,1,SOCIOL,601,004,1.0,12.0,SUS,N,0
121372,2026,Fall,2268,1,SOCIOL,601,005,1.0,12.0,SUS,N,0
121372,2026,Fall,2268,1,SOCIOL,601,006,1.0,12.0,SUS,N,0
121372,2026,Fall,2268,1,SOCIOL,601,007,1.0,12.0,SUS,N,0
121372,2026,Fall,2268,1,SOCIOL,601,008,1.0,12.0,SUS,N,0
121372,2026,Fall,2268,1,SOCIOL,601,009,1.0,12.0,SUS,N,0
121372,2026,Fall,2268,1,SOCIOL,601,010,1.0,12.0,SUS,N,0
121372,2026,Fall,2268,1,SOCIOL,601,012,1.0,12.0,SUS,N,0
121372,2026,Fall,2268,1,SOCIOL,601,013,1.0,12.0,SUS,N,0
121372,2026,Fall,2268,1,SOCIOL,601,014,1.0,12.0,SUS,N,0
121372,2026,Fall,2268,1,SOCIOL,601,015,1.0,12.0,SUS,N,0
121372,2026,Fall,2268,1,SOCIOL,601,016,1.0,12.0,SUS,N,0
121372,2026,Fall,2268,1,SOCIOL,601,017,1.0,12.0,SUS,N,0
121372,2026,Fall,2268,1,SOCIOL,601,018,1.0,12.0,SUS,N,0
121372,2026,Fall,2268,1,SOCIOL,601,019,1.0,12.0,SUS,N,0
121372,2026,Fall,2268,1,SOCIOL,601,020,1.0,12.0,SUS,N,0
121372,2026,Fall,2268,1,SOCIOL,601,021,1.0,12.0,SUS,N,0
121372,2026,Fall,2268,1,SOCIOL,601,022,1.0,12.0,SUS,N,0
121372,2026,Fall,2268,1,SOCIOL,601,023,1.0,12.0,SUS,N,0
121372,2026,Fall,2268,1,SOCIOL,601,025,1.0,12.0,SUS,N,0
121372,2026,Fall,2268,1,SOCIOL,601,026,1.0,12.0,SUS,N,0
121372,2026,Fall,2268,1,SOCIOL,601,027,1.0,12.0,SUS,N,0
121372,2026,Fall,2268,1,SOCIOL,601,028,1.0,12.0,SUS,N,0
121372,2026,Fall,2268,1,SOCIOL,601,029,1.0,12.0,SUS,N,0
121372,2026,Fall,2268,1,SOCIOL,601,030,1.0,12.0,SUS,N,0
121372,2026,Fall,2268,1,SOCIOL,601,031,1.0,12.0,SUS,N,0
121372,2026,Fall,2268,1,SOCIOL,601,032,1.0,12.0,SUS,N,0
121372,2026,Fall,2268,1,SOCIOL,601,033,1.0,12.0,SUS,N,0
121372,2026,Fall,2268,1,SOCIOL,601,034,1.0,12.0,SUS,N,0
121372,2026,Fall,2268,1,SOCIOL,601,035,1.0,12.0,SUS,N,0
121372,2026,Fall,2268,1,SOCIOL,601,036,1.0,12.0,SUS,N,0
121372,2026,Fall,2268,1,SOCIOL,601,037,1.0,12.0,SUS,N,0
121373,2026,Fall,2268,1,SOCIOL,602,001,1.0,12.0,SUS,N,0
121373,2026,Fall,2268,1,SOCIOL,602,002,1.0,12.0,SUS,N,0
121373,2026,Fall,2268,1,SOCIOL,602,003,1.0,12.0,SUS,N,0
121373,2026,Fall,2268,1,SOCIOL,602,004,1.0,12.0,SUS,N,0
121373,2026,Fall,2268,1,SOCIOL,602,005,1.0,12.0,SUS,N,0
121373,2026,Fall,2268,1,SOCIOL,602,006,1.0,12.0,SUS,N,0
121373,2026,Fall,2268,1,SOCIOL,602,007,1.0,12.0,SUS,N,0
121373,2026,Fall,2268,1,SOCIOL,602,008,1.0,12.0,SUS,N,0
121373,2026,Fall,2268,1,SOCIOL,602,009,1.0,12.0,SUS,N,0
121373,2026,Fall,2268,1,SOCIOL,602,010,1.0,12.0,SUS,N,0
121373,2026,Fall,2268,1,SOCIOL,602,011,1.0,12.0,SUS,N,0
121373,2026,Fall,2268,1,SOCIOL,602,012,1.0,12.0,SUS,N,0
121373,2026,Fall,2268,1,SOCIOL,602,013,1.0,12.0,SUS,N,0
121373,2026,Fall,2268,1,SOCIOL,602,014,1.0,12.0,SUS,N,0
121373,2026,Fall,2268,1,SOCIOL,602,015,1.0,12.0,SUS,N,0
121373,2026,Fall,2268,1,SOCIOL,602,016,1.0,12.0,SUS,N,0
121373,2026,Fall,2268,1,SOCIOL,602,017,1.0,12.0,SUS,N,0
121373,2026,Fall,2268,1,SOCIOL,602,018,1.0,12.0,SUS,N,0
121373,2026,Fall,2268,1,SOCIOL,602,019,1.0,12.0,SUS,N,0
121373,2026,Fall,2268,1,SOCIOL,602,020,1.0,12.0,SUS,N,0
121373,2026,Fall,2268,1,SOCIOL,602,021,1.0,12.0,SUS,N,0
121373,2026,Fall,2268,1,SOCIOL,602,022,1.0,12.0,SUS,N,0
121373,2026,Fall,2268,1,SOCIOL,602,024,1.0,12.0,SUS,N,0
121373,2026,Fall,2268,1,SOCIOL,602,025,1.0,12.0,SUS,N,0
121373,2026,Fall,2268,1,SOCIOL,602,026,1.0,12.0,SUS,N,0
121373,2026,Fall,2268,1,SOCIOL,602,027,1.0,12.0,SUS,N,0
121373,2026,Fall,2268,1,SOCIOL,602,028,1.0,12.0,SUS,N,0
121373,2026,Fall,2268,1,SOCIOL,602,029,1.0,12.0,SUS,N,0
121373,2026,Fall,2268,1,SOCIOL,602,030,1.0,12.0,SUS,N,0
121373,2026,Fall,2268,1,SOCIOL,602,031,1.0,12.0,SUS,N,0
121373,2026,Fall,2268,1,SOCIOL,602,032,1.0,12.0,SUS,N,0
121373,2026,Fall,2268,1,SOCIOL,602,033,1.0,12.0,SUS,N,0
121373,2026,Fall,2268,1,SOCIOL,602,034,1.0,12.0,SUS,N,0
121373,2026,Fall,2268,1,SOCIOL,602,035,1.0,12.0,SUS,N,0
121373,2026,Fall,2268,1,SOCIOL,602,036,1.0,12.0,SUS,N,0
121374,2026,Fall,2268,1,SOCIOL,7,001,4.0,4.0,OPT,Y,145
123910,2026,Fall,2268,1,SOCIOL,C126,001,4.0,4.0,OPT,Y,402
124373,2026,Fall,2268,1,SOCIOL,C196A,001,4.0,4.0,OPT,N,77
124366,2026,Fall,2268,1,SOCIOL,C196B,001,8.0,12.0,OPT,N,40
154859,2026,Fall,2268,1,SOCIOL,C6,001,4.0,4.0,OPT,Y,329
121381,2026,Fall,2268,1,SOCIOL,H190A,001,4.0,4.0,BMT,N,26
121381,2026,Fall,2268,1,SOCIOL,H190A,002,4.0,4.0,BMT,N,21
125790,2026,Fall,2268,1,SOCIOL,R1B,001,4.0,4.0,GRD,A,552
125790,2026,Fall,2268,1,SOCIOL,R1B,002,4.0,4.0,GRD,A,124
125790,2026,Fall,2268,1,SOCIOL,R1B,003,4.0,4.0,GRD,A,12
121454,2026,Fall,2268,1,SOCWEL,110,001,3.0,3.0,OPT,Y,68
121455,2026,Fall,2268,1,SOCWEL,112,1,3.0,3.0,OPT,Y,159
121456,2026,Fall,2268,1,SOCWEL,114,001,3.0,3.0,OPT,Y,83
121462,2026,Fall,2268,1,SOCWEL,150AC,001,3.0,3.0,OPT,Y,447
121475,2026,Fall,2268,1,SOCWEL,197,001,1.0,3.0,PNP,N,0
121475,2026,Fall,2268,1,SOCWEL,197,002,1.0,3.0,PNP,N,0
121475,2026,Fall,2268,1,SOCWEL,197,003,1.0,3.0,PNP,N,0
121476,2026,Fall,2268,1,SOCWEL,198,006,1.0,3.0,PNP,N,7
121477,2026,Fall,2268,1,SOCWEL,198BC,001,1.0,1.0,PNP,N,31
121478,2026,Fall,2268,1,SOCWEL,199,001,1.0,3.0,PNP,N,0
121478,2026,Fall,2268,1,SOCWEL,199,002,1.0,3.0,PNP,N,0
121478,2026,Fall,2268,1,SOCWEL,199,003,1.0,3.0,PNP,N,0
121478,2026,Fall,2268,1,SOCWEL,199,004,1.0,3.0,PNP,N,0
121478,2026,Fall,2268,1,SOCWEL,199,005,1.0,3.0,PNP,N,0
121478,2026,Fall,2268,1,SOCWEL,199,006,1.0,3.0,PNP,N,0
121478,2026,Fall,2268,1,SOCWEL,199,007,1.0,3.0,PNP,N,0
121478,2026,Fall,2268,1,SOCWEL,199,008,1.0,3.0,PNP,N,0
121478,2026,Fall,2268,1,SOCWEL,199,009,1.0,3.0,PNP,N,0
121478,2026,Fall,2268,1,SOCWEL,199,010,1.0,3.0,PNP,N,0
121478,2026,Fall,2268,1,SOCWEL,199,011,1.0,3.0,PNP,N,0
121478,2026,Fall,2268,1,SOCWEL,199,012,1.0,3.0,PNP,N,0
121478,2026,Fall,2268,1,SOCWEL,199,013,1.0,3.0,PNP,N,0
121478,2026,Fall,2268,1,SOCWEL,199,014,1.0,3.0,PNP,N,0
121478,2026,Fall,2268,1,SOCWEL,199,015,1.0,3.0,PNP,N,0
121478,2026,Fall,2268,1,SOCWEL,199,016,1.0,3.0,PNP,N,0
121478,2026,Fall,2268,1,SOCWEL,199,017,1.0,3.0,PNP,N,0
121478,2026,Fall,2268,1,SOCWEL,199,018,1.0,3.0,PNP,N,0
121478,2026,Fall,2268,1,SOCWEL,199,019,1.0,3.0,PNP,N,0
121478,2026,Fall,2268,1,SOCWEL,199,020,1.0,3.0,PNP,N,0
121478,2026,Fall,2268,1,SOCWEL,199,021,1.0,3.0,PNP,N,0
121478,2026,Fall,2268,1,SOCWEL,199,022,1.0,3.0,PNP,N,1
121481,2026,Fall,2268,1,SOCWEL,200,001,2.0,2.0,OPT,N,27
121482,2026,Fall,2268,1,SOCWEL,205,001,2.0,2.0,OPT,N,92
121493,2026,Fall,2268,1,SOCWEL,220,001,2.0,2.0,OPT,N,11
121493,2026,Fall,2268,1,SOCWEL,220,002,2.0,2.0,OPT,N,11
121493,2026,Fall,2268,1,SOCWEL,220,003,2.0,2.0,OPT,N,12
121500,2026,Fall,2268,1,SOCWEL,232,001,3.0,3.0,OPT,N,15
121510,2026,Fall,2268,1,SOCWEL,238C,001,2.0,2.0,OPT,N,28
121516,2026,Fall,2268,1,SOCWEL,240,001,2.0,2.0,OPT,N,14
121516,2026,Fall,2268,1,SOCWEL,240,002,2.0,2.0,OPT,N,16
121516,2026,Fall,2268,1,SOCWEL,240,003,2.0,2.0,OPT,N,7
121517,2026,Fall,2268,1,SOCWEL,241,001,4.0,4.0,OPT,N,5
121517,2026,Fall,2268,1,SOCWEL,241,002,4.0,4.0,OPT,N,7
121517,2026,Fall,2268,1,SOCWEL,241,003,4.0,4.0,OPT,N,5
121549,2026,Fall,2268,1,SOCWEL,250U,001,2.0,2.0,OPT,N,22
121554,2026,Fall,2268,1,SOCWEL,250Z,001,2.0,2.0,OPT,N,22
157132,2026,Fall,2268,1,SOCWEL,265T,001,2.0,2.0,OPT,N,11
121579,2026,Fall,2268,1,SOCWEL,279,001,2.0,2.0,OPT,N,6
121581,2026,Fall,2268,1,SOCWEL,282A,001,2.0,2.0,OPT,N,2
121581,2026,Fall,2268,1,SOCWEL,282A,002,2.0,2.0,OPT,N,6
121589,2026,Fall,2268,1,SOCWEL,289A,001,4.0,4.0,OPT,N,6
165035,2026,Fall,2268,1,SOCWEL,294,001,1.0,2.0,OPT,N,7
165035,2026,Fall,2268,1,SOCWEL,294,002,1.0,2.0,OPT,N,2
165035,2026,Fall,2268,1,SOCWEL,294,003,1.0,2.0,OPT,N,1
121597,2026,Fall,2268,1,SOCWEL,296,001,1.0,12.0,OPT,N,0
121597,2026,Fall,2268,1,SOCWEL,296,002,1.0,12.0,OPT,N,0
121597,2026,Fall,2268,1,SOCWEL,296,003,1.0,12.0,OPT,N,0
121597,2026,Fall,2268,1,SOCWEL,296,004,1.0,12.0,OPT,N,0
121597,2026,Fall,2268,1,SOCWEL,296,005,1.0,12.0,OPT,N,0
121597,2026,Fall,2268,1,SOCWEL,296,006,1.0,12.0,OPT,N,0
121597,2026,Fall,2268,1,SOCWEL,296,007,1.0,12.0,OPT,N,0
121597,2026,Fall,2268,1,SOCWEL,296,008,1.0,12.0,OPT,N,0
121597,2026,Fall,2268,1,SOCWEL,296,009,1.0,12.0,OPT,N,0
121597,2026,Fall,2268,1,SOCWEL,296,010,1.0,12.0,OPT,N,0
121597,2026,Fall,2268,1,SOCWEL,296,011,1.0,12.0,OPT,N,0
121597,2026,Fall,2268,1,SOCWEL,296,012,1.0,12.0,OPT,N,0
121597,2026,Fall,2268,1,SOCWEL,296,013,1.0,12.0,OPT,N,0
121597,2026,Fall,2268,1,SOCWEL,296,014,1.0,12.0,OPT,N,0
121597,2026,Fall,2268,1,SOCWEL,296,015,1.0,12.0,OPT,N,0
121597,2026,Fall,2268,1,SOCWEL,296,016,1.0,12.0,OPT,N,0
121597,2026,Fall,2268,1,SOCWEL,296,017,1.0,12.0,OPT,N,0
121597,2026,Fall,2268,1,SOCWEL,296,018,1.0,12.0,OPT,N,0
121597,2026,Fall,2268,1,SOCWEL,296,019,1.0,12.0,OPT,N,0
121597,2026,Fall,2268,1,SOCWEL,296,020,1.0,12.0,OPT,N,0
121597,2026,Fall,2268,1,SOCWEL,296,021,1.0,12.0,OPT,N,0
121597,2026,Fall,2268,1,SOCWEL,296,022,1.0,12.0,OPT,N,0
121598,2026,Fall,2268,1,SOCWEL,298,001,1.0,12.0,OPT,N,0
121599,2026,Fall,2268,1,SOCWEL,299,001,1.0,12.0,OPT,N,0
121599,2026,Fall,2268,1,SOCWEL,299,002,1.0,12.0,OPT,N,0
121599,2026,Fall,2268,1,SOCWEL,299,003,1.0,12.0,OPT,N,0
121599,2026,Fall,2268,1,SOCWEL,299,004,1.0,12.0,OPT,N,0
121599,2026,Fall,2268,1,SOCWEL,299,005,1.0,12.0,OPT,N,0
121599,2026,Fall,2268,1,SOCWEL,299,006,1.0,12.0,OPT,N,0
121599,2026,Fall,2268,1,SOCWEL,299,007,1.0,12.0,OPT,N,0
121599,2026,Fall,2268,1,SOCWEL,299,008,1.0,12.0,OPT,N,0
121599,2026,Fall,2268,1,SOCWEL,299,009,1.0,12.0,OPT,N,0
121599,2026,Fall,2268,1,SOCWEL,299,010,1.0,12.0,OPT,N,0
121599,2026,Fall,2268,1,SOCWEL,299,011,1.0,12.0,OPT,N,0
121599,2026,Fall,2268,1,SOCWEL,299,012,1.0,12.0,OPT,N,0
121599,2026,Fall,2268,1,SOCWEL,299,013,1.0,12.0,OPT,N,0
121599,2026,Fall,2268,1,SOCWEL,299,014,1.0,12.0,OPT,N,0
121599,2026,Fall,2268,1,SOCWEL,299,015,1.0,12.0,OPT,N,0
121599,2026,Fall,2268,1,SOCWEL,299,016,1.0,12.0,OPT,N,0
121599,2026,Fall,2268,1,SOCWEL,299,017,1.0,12.0,OPT,N,0
121599,2026,Fall,2268,1,SOCWEL,299,018,1.0,12.0,OPT,N,0
121599,2026,Fall,2268,1,SOCWEL,299,019,1.0,12.0,OPT,N,0
121599,2026,Fall,2268,1,SOCWEL,299,020,1.0,12.0,OPT,N,0
121599,2026,Fall,2268,1,SOCWEL,299,021,1.0,12.0,OPT,N,0
121599,2026,Fall,2268,1,SOCWEL,299,022,1.0,12.0,OPT,N,0
161148,2026,Fall,2268,1,SOCWEL,299C,001,1.0,1.0,SUS,N,4
125592,2026,Fall,2268,1,SOCWEL,410A,001,5.0,5.0,SUS,N,4
125705,2026,Fall,2268,1,SOCWEL,412A,001,7.0,7.0,SUS,N,0
121643,2026,Fall,2268,1,SOCWEL,97,001,1.0,3.0,PNP,N,0
121644,2026,Fall,2268,1,SOCWEL,98,002,1.0,3.0,PNP,N,70
121645,2026,Fall,2268,1,SOCWEL,98BC,001,1.0,1.0,PNP,N,45
157488,2026,Fall,2268,1,SOCWEL,C181,001,3.0,3.0,OPT,Y,58
121647,2026,Fall,2268,1,SOCWEL,H195A,001,2.0,2.0,OPT,N,0
121697,2026,Fall,2268,1,SPANISH,1,001,5.0,5.0,OPT,A,136
121697,2026,Fall,2268,1,SPANISH,1,002,5.0,5.0,OPT,A,120
121697,2026,Fall,2268,1,SPANISH,1,003,5.0,5.0,OPT,A,211
121697,2026,Fall,2268,1,SPANISH,1,004,5.0,5.0,OPT,A,103
121700,2026,Fall,2268,1,SPANISH,100,001,4.0,4.0,OPT,A,175
121700,2026,Fall,2268,1,SPANISH,100,002,4.0,4.0,OPT,A,51
121701,2026,Fall,2268,1,SPANISH,102A,001,4.0,4.0,OPT,A,106
121701,2026,Fall,2268,1,SPANISH,102A,002,4.0,4.0,OPT,A,64
121705,2026,Fall,2268,1,SPANISH,104A,001,4.0,4.0,OPT,Y,163
121708,2026,Fall,2268,1,SPANISH,107B,001,4.0,4.0,OPT,Y,130
165257,2026,Fall,2268,1,SPANISH,109A,001,4.0,4.0,OPT,Y,0
121734,2026,Fall,2268,1,SPANISH,135,001,4.0,4.0,OPT,Y,115
121734,2026,Fall,2268,1,SPANISH,135,002,4.0,4.0,OPT,Y,71
121734,2026,Fall,2268,1,SPANISH,135,003,4.0,4.0,OPT,Y,45
121734,2026,Fall,2268,1,SPANISH,135,004,4.0,4.0,OPT,Y,0
121734,2026,Fall,2268,1,SPANISH,135,005,4.0,4.0,OPT,Y,0
121747,2026,Fall,2268,1,SPANISH,161,001,4.0,4.0,OPT,A,27
121749,2026,Fall,2268,1,SPANISH,163,001,4.0,4.0,OPT,Y,48
121759,2026,Fall,2268,1,SPANISH,179,001,4.0,4.0,OPT,A,39
121763,2026,Fall,2268,1,SPANISH,197,001,1.0,4.0,PNP,N,14
121765,2026,Fall,2268,1,SPANISH,199,001,1.0,4.0,PNP,N,0
121765,2026,Fall,2268,1,SPANISH,199,002,1.0,4.0,PNP,N,0
121766,2026,Fall,2268,1,SPANISH,2,001,5.0,5.0,OPT,A,76
121766,2026,Fall,2268,1,SPANISH,2,002,5.0,5.0,OPT,A,105
121766,2026,Fall,2268,1,SPANISH,2,003,5.0,5.0,OPT,A,36
121766,2026,Fall,2268,1,SPANISH,2,004,5.0,5.0,OPT,A,21
121770,2026,Fall,2268,1,SPANISH,200A,001,1.0,1.0,SUS,N,10
121779,2026,Fall,2268,1,SPANISH,21,001,3.0,3.0,OPT,Y,52
121780,2026,Fall,2268,1,SPANISH,22,001,3.0,3.0,OPT,Y,140
121803,2026,Fall,2268,1,SPANISH,25,001,3.0,3.0,OPT,Y,721
121810,2026,Fall,2268,1,SPANISH,280,001,4.0,4.0,OPT,N,7
121810,2026,Fall,2268,1,SPANISH,280,002,4.0,4.0,OPT,N,9
121811,2026,Fall,2268,1,SPANISH,285,001,4.0,4.0,OPT,N,9
121813,2026,Fall,2268,1,SPANISH,298,001,1.0,8.0,OPT,N,3
121813,2026,Fall,2268,1,SPANISH,298,002,1.0,8.0,OPT,N,0
121813,2026,Fall,2268,1,SPANISH,298,003,1.0,8.0,OPT,N,1
121813,2026,Fall,2268,1,SPANISH,298,004,1.0,8.0,OPT,N,1
121813,2026,Fall,2268,1,SPANISH,298,005,1.0,8.0,OPT,N,4
121813,2026,Fall,2268,1,SPANISH,298,006,1.0,8.0,OPT,N,1
121813,2026,Fall,2268,1,SPANISH,298,007,1.0,8.0,OPT,N,1
121813,2026,Fall,2268,1,SPANISH,298,008,1.0,8.0,OPT,N,1
121813,2026,Fall,2268,1,SPANISH,298,009,1.0,8.0,OPT,N,0
121813,2026,Fall,2268,1,SPANISH,298,010,1.0,8.0,OPT,N,1
121813,2026,Fall,2268,1,SPANISH,298,011,1.0,8.0,OPT,N,0
121813,2026,Fall,2268,1,SPANISH,298,012,1.0,8.0,OPT,N,1
121814,2026,Fall,2268,1,SPANISH,299,001,1.0,12.0,SUS,N,1
121814,2026,Fall,2268,1,SPANISH,299,002,1.0,12.0,SUS,N,0
121814,2026,Fall,2268,1,SPANISH,299,003,1.0,12.0,SUS,N,1
121814,2026,Fall,2268,1,SPANISH,299,004,1.0,12.0,SUS,N,0
121814,2026,Fall,2268,1,SPANISH,299,005,1.0,12.0,SUS,N,1
121814,2026,Fall,2268,1,SPANISH,299,006,1.0,12.0,SUS,N,0
121814,2026,Fall,2268,1,SPANISH,299,007,1.0,12.0,SUS,N,1
121814,2026,Fall,2268,1,SPANISH,299,008,1.0,12.0,SUS,N,1
121814,2026,Fall,2268,1,SPANISH,299,009,1.0,12.0,SUS,N,1
121814,2026,Fall,2268,1,SPANISH,299,010,1.0,12.0,SUS,N,1
121814,2026,Fall,2268,1,SPANISH,299,011,1.0,12.0,SUS,N,0
121815,2026,Fall,2268,1,SPANISH,3,001,5.0,5.0,OPT,A,225
121815,2026,Fall,2268,1,SPANISH,3,002,5.0,5.0,OPT,A,65
121815,2026,Fall,2268,1,SPANISH,3,003,5.0,5.0,OPT,A,52
121817,2026,Fall,2268,1,SPANISH,302,001,3.0,6.0,SUS,N,5
167911,2026,Fall,2268,1,SPANISH,33,001,4.0,4.0,OPT,Y,258
121818,2026,Fall,2268,1,SPANISH,375,001,3.0,3.0,SUS,N,8
121846,2026,Fall,2268,1,SPANISH,4,001,5.0,5.0,OPT,A,62
121846,2026,Fall,2268,1,SPANISH,4,002,5.0,5.0,OPT,A,81
121850,2026,Fall,2268,1,SPANISH,601,001,4.0,4.0,SUS,N,0
121851,2026,Fall,2268,1,SPANISH,602,001,4.0,12.0,SUS,N,0
121863,2026,Fall,2268,1,SPANISH,H195A,001,1.5,1.5,OPT,N,0
121863,2026,Fall,2268,1,SPANISH,H195A,002,1.5,1.5,OPT,N,0
121863,2026,Fall,2268,1,SPANISH,H195A,003,1.5,1.5,OPT,N,11
121863,2026,Fall,2268,1,SPANISH,H195A,004,1.5,1.5,OPT,N,5
121863,2026,Fall,2268,1,SPANISH,H195A,005,1.5,1.5,OPT,N,4
121864,2026,Fall,2268,1,SPANISH,H195B,001,1.5,1.5,OPT,N,4
121871,2026,Fall,2268,1,SPANISH,R1A,001,4.0,4.0,GRD,N,217
121871,2026,Fall,2268,1,SPANISH,R1A,002,4.0,4.0,GRD,N,148
121871,2026,Fall,2268,1,SPANISH,R1A,003,4.0,4.0,GRD,N,130
121922,2026,Fall,2268,1,SSEASN,24,001,1.0,1.0,PNP,Y,56
121923,2026,Fall,2268,1,SSEASN,250,001,1.0,4.0,OPT,N,15
121923,2026,Fall,2268,1,SSEASN,250,002,1.0,4.0,OPT,N,21
121942,2026,Fall,2268,1,SSEASN,375,001,3.0,3.0,SUS,N,7
124392,2026,Fall,2268,1,SSEASN,C220,001,2.0,4.0,OPT,N,4
124438,2026,Fall,2268,1,SSEASN,C52,001,4.0,4.0,OPT,Y,119
122022,2026,Fall,2268,1,STAT,133,001,3.0,3.0,OPT,Y,667
122023,2026,Fall,2268,1,STAT,134,001,4.0,4.0,OPT,Y,1318
122024,2026,Fall,2268,1,STAT,135,001,4.0,4.0,OPT,Y,615
122025,2026,Fall,2268,1,STAT,150,001,3.0,3.0,OPT,Y,444
122026,2026,Fall,2268,1,STAT,151A,001,4.0,4.0,OPT,Y,333
122029,2026,Fall,2268,1,STAT,153,001,4.0,4.0,OPT,Y,426
122030,2026,Fall,2268,1,STAT,154,001,4.0,4.0,OPT,Y,626
122031,2026,Fall,2268,1,STAT,155,001,3.0,3.0,OPT,Y,475
122033,2026,Fall,2268,1,STAT,157,001,3.0,3.0,OPT,Y,214
122033,2026,Fall,2268,1,STAT,157,002,3.0,3.0,OPT,Y,0
122035,2026,Fall,2268,1,STAT,159,001,4.0,4.0,OPT,N,426
122037,2026,Fall,2268,1,STAT,197,001,0.5,3.0,PNP,N,0
122039,2026,Fall,2268,1,STAT,199,001,1.0,3.0,PNP,N,0
122039,2026,Fall,2268,1,STAT,199,002,1.0,3.0,PNP,N,0
122039,2026,Fall,2268,1,STAT,199,003,1.0,3.0,PNP,N,0
122039,2026,Fall,2268,1,STAT,199,004,1.0,3.0,PNP,N,0
122039,2026,Fall,2268,1,STAT,199,005,1.0,3.0,PNP,N,0
122039,2026,Fall,2268,1,STAT,199,006,1.0,3.0,PNP,N,0
122039,2026,Fall,2268,1,STAT,199,007,1.0,3.0,PNP,N,0
122039,2026,Fall,2268,1,STAT,199,008,1.0,3.0,PNP,N,0
122039,2026,Fall,2268,1,STAT,199,009,1.0,3.0,PNP,N,0
122040,2026,Fall,2268,1,STAT,2,001,4.0,4.0,OPT,Y,1271
122042,2026,Fall,2268,1,STAT,20,001,4.0,4.0,OPT,Y,2216
122042,2026,Fall,2268,1,STAT,20,002,4.0,4.0,OPT,Y,940
122042,2026,Fall,2268,1,STAT,20,003,4.0,4.0,OPT,Y,428
122042,2026,Fall,2268,1,STAT,20,004,4.0,4.0,OPT,Y,723
122042,2026,Fall,2268,1,STAT,20,005,4.0,4.0,OPT,Y,568
122042,2026,Fall,2268,1,STAT,20,006,4.0,4.0,OPT,Y,552
122042,2026,Fall,2268,1,STAT,20,007,4.0,4.0,OPT,Y,445
122042,2026,Fall,2268,1,STAT,20,008,4.0,4.0,OPT,Y,510
122042,2026,Fall,2268,1,STAT,20,009,4.0,4.0,OPT,Y,409
122045,2026,Fall,2268,1,STAT,201A,001,4.0,4.0,OPT,Y,201
122046,2026,Fall,2268,1,STAT,201B,001,4.0,4.0,OPT,Y,89
122055,2026,Fall,2268,1,STAT,210A,001,4.0,4.0,OPT,Y,274
122059,2026,Fall,2268,1,STAT,215A,001,4.0,4.0,OPT,N,150
168498,2026,Fall,2268,1,STAT,243A,001,2.0,2.0,OPT,N,1
168499,2026,Fall,2268,1,STAT,243B,001,2.0,2.0,OPT,N,2
122083,2026,Fall,2268,1,STAT,248,001,4.0,4.0,OPT,Y,56
162543,2026,Fall,2268,1,STAT,254,001,4.0,4.0,OPT,Y,62
160233,2026,Fall,2268,1,STAT,256,001,4.0,4.0,OPT,Y,94
122090,2026,Fall,2268,1,STAT,259,001,4.0,4.0,OPT,N,36
122091,2026,Fall,2268,1,STAT,260,001,3.0,3.0,OPT,N,19
122105,2026,Fall,2268,1,STAT,278B,001,1.0,4.0,SUS,N,24
122105,2026,Fall,2268,1,STAT,278B,002,1.0,4.0,SUS,N,19
122110,2026,Fall,2268,1,STAT,298,001,1.0,12.0,OPT,N,3
122110,2026,Fall,2268,1,STAT,298,002,1.0,12.0,OPT,N,0
122110,2026,Fall,2268,1,STAT,298,003,1.0,12.0,OPT,N,0
122110,2026,Fall,2268,1,STAT,298,004,1.0,12.0,OPT,N,0
122110,2026,Fall,2268,1,STAT,298,005,1.0,12.0,OPT,N,0
122110,2026,Fall,2268,1,STAT,298,006,1.0,12.0,OPT,N,0
122110,2026,Fall,2268,1,STAT,298,007,1.0,12.0,OPT,N,0
122110,2026,Fall,2268,1,STAT,298,008,1.0,12.0,OPT,N,0
122110,2026,Fall,2268,1,STAT,298,009,1.0,12.0,OPT,N,0
122110,2026,Fall,2268,1,STAT,298,010,1.0,12.0,OPT,N,1
122110,2026,Fall,2268,1,STAT,298,011,1.0,12.0,OPT,N,0
122110,2026,Fall,2268,1,STAT,298,012,1.0,12.0,OPT,N,0
122110,2026,Fall,2268,1,STAT,298,013,1.0,12.0,OPT,N,0
122110,2026,Fall,2268,1,STAT,298,014,1.0,12.0,OPT,N,0
122110,2026,Fall,2268,1,STAT,298,015,1.0,12.0,OPT,N,0
122110,2026,Fall,2268,1,STAT,298,016,1.0,12.0,OPT,N,0
122110,2026,Fall,2268,1,STAT,298,017,1.0,12.0,OPT,N,0
122110,2026,Fall,2268,1,STAT,298,018,1.0,12.0,OPT,N,0
122110,2026,Fall,2268,1,STAT,298,019,1.0,12.0,OPT,N,0
122110,2026,Fall,2268,1,STAT,298,020,1.0,12.0,OPT,N,0
122110,2026,Fall,2268,1,STAT,298,021,1.0,12.0,OPT,N,0
122110,2026,Fall,2268,1,STAT,298,022,1.0,12.0,OPT,N,0
122110,2026,Fall,2268,1,STAT,298,023,1.0,12.0,OPT,N,0
122110,2026,Fall,2268,1,STAT,298,024,1.0,12.0,OPT,N,0
122110,2026,Fall,2268,1,STAT,298,025,1.0,12.0,OPT,N,0
122110,2026,Fall,2268,1,STAT,298,026,1.0,12.0,OPT,N,0
122110,2026,Fall,2268,1,STAT,298,027,1.0,12.0,OPT,N,0
122110,2026,Fall,2268,1,STAT,298,028,1.0,12.0,OPT,N,0
122110,2026,Fall,2268,1,STAT,298,029,1.0,12.0,OPT,N,0
122110,2026,Fall,2268,1,STAT,298,030,1.0,12.0,OPT,N,0
122110,2026,Fall,2268,1,STAT,298,031,1.0,12.0,OPT,N,0
122110,2026,Fall,2268,1,STAT,298,032,1.0,12.0,OPT,N,0
122110,2026,Fall,2268,1,STAT,298,033,1.0,12.0,OPT,N,0
122110,2026,Fall,2268,1,STAT,298,034,1.0,12.0,OPT,N,0
122110,2026,Fall,2268,1,STAT,298,035,1.0,12.0,OPT,N,0
122111,2026,Fall,2268,1,STAT,299,001,0.5,12.0,OPT,N,0
122111,2026,Fall,2268,1,STAT,299,002,0.5,12.0,OPT,N,0
122111,2026,Fall,2268,1,STAT,299,003,0.5,12.0,OPT,N,0
122111,2026,Fall,2268,1,STAT,299,004,0.5,12.0,OPT,N,0
122111,2026,Fall,2268,1,STAT,299,005,0.5,12.0,OPT,N,0
122111,2026,Fall,2268,1,STAT,299,006,0.5,12.0,OPT,N,1
122111,2026,Fall,2268,1,STAT,299,007,0.5,12.0,OPT,N,0
122111,2026,Fall,2268,1,STAT,299,008,0.5,12.0,OPT,N,1
122111,2026,Fall,2268,1,STAT,299,009,0.5,12.0,OPT,N,0
122111,2026,Fall,2268,1,STAT,299,010,0.5,12.0,OPT,N,0
122111,2026,Fall,2268,1,STAT,299,011,0.5,12.0,OPT,N,0
122111,2026,Fall,2268,1,STAT,299,012,0.5,12.0,OPT,N,1
122111,2026,Fall,2268,1,STAT,299,013,0.5,12.0,OPT,N,1
122111,2026,Fall,2268,1,STAT,299,014,0.5,12.0,OPT,N,1
122111,2026,Fall,2268,1,STAT,299,015,0.5,12.0,OPT,N,0
122111,2026,Fall,2268,1,STAT,299,016,0.5,12.0,OPT,N,1
122111,2026,Fall,2268,1,STAT,299,017,0.5,12.0,OPT,N,0
122111,2026,Fall,2268,1,STAT,299,018,0.5,12.0,OPT,N,0
122111,2026,Fall,2268,1,STAT,299,019,0.5,12.0,OPT,N,0
122111,2026,Fall,2268,1,STAT,299,020,0.5,12.0,OPT,N,0
122111,2026,Fall,2268,1,STAT,299,021,0.5,12.0,OPT,N,1
122111,2026,Fall,2268,1,STAT,299,022,0.5,12.0,OPT,N,0
122111,2026,Fall,2268,1,STAT,299,023,0.5,12.0,OPT,N,0
122111,2026,Fall,2268,1,STAT,299,024,0.5,12.0,OPT,N,0
122111,2026,Fall,2268,1,STAT,299,025,0.5,12.0,OPT,N,0
122111,2026,Fall,2268,1,STAT,299,026,0.5,12.0,OPT,N,0
122111,2026,Fall,2268,1,STAT,299,027,0.5,12.0,OPT,N,0
122111,2026,Fall,2268,1,STAT,299,028,0.5,12.0,OPT,N,0
122111,2026,Fall,2268,1,STAT,299,029,0.5,12.0,OPT,N,0
122111,2026,Fall,2268,1,STAT,299,030,0.5,12.0,OPT,N,0
122111,2026,Fall,2268,1,STAT,299,031,0.5,12.0,OPT,N,1
122111,2026,Fall,2268,1,STAT,299,032,0.5,12.0,OPT,N,1
122111,2026,Fall,2268,1,STAT,299,033,0.5,12.0,OPT,N,0
122111,2026,Fall,2268,1,STAT,299,034,0.5,12.0,OPT,N,0
122111,2026,Fall,2268,1,STAT,299,035,0.5,12.0,OPT,N,0
122111,2026,Fall,2268,1,STAT,299,036,0.5,12.0,OPT,N,0
122111,2026,Fall,2268,1,STAT,299,037,0.5,12.0,OPT,N,0
122111,2026,Fall,2268,1,STAT,299,038,0.5,12.0,OPT,N,0
122111,2026,Fall,2268,1,STAT,299,039,0.5,12.0,OPT,N,0
122111,2026,Fall,2268,1,STAT,299,040,0.5,12.0,OPT,N,0
122114,2026,Fall,2268,1,STAT,375,001,2.0,4.0,SUS,N,6
122144,2026,Fall,2268,1,STAT,601,001,0.5,8.0,SUS,N,1
122145,2026,Fall,2268,1,STAT,602,001,0.5,8.0,SUS,N,0
125594,2026,Fall,2268,1,STAT,700,001,0.0,0.0,OPT,N,0
148047,2026,Fall,2268,1,STAT,C100,001,4.0,4.0,OPT,Y,154
158326,2026,Fall,2268,1,STAT,C102,001,4.0,4.0,OPT,Y,157
122018,2026,Fall,2268,1,STAT,C131A,001,4.0,4.0,OPT,Y,329
148015,2026,Fall,2268,1,STAT,C140,001,4.0,4.0,OPT,Y,272
156132,2026,Fall,2268,1,STAT,C200C,001,4.0,4.0,OPT,Y,62
124364,2026,Fall,2268,1,STAT,C205A,001,4.0,4.0,OPT,N,124
123684,2026,Fall,2268,1,STAT,C241A,001,3.0,3.0,OPT,N,93
124300,2026,Fall,2268,1,STAT,C245B,001,4.0,4.0,OPT,Y,64
124567,2026,Fall,2268,1,STAT,C8,001,4.0,4.0,OPT,Y,180
124567,2026,Fall,2268,1,STAT,C8,002,4.0,4.0,OPT,Y,295
122151,2026,Fall,2268,1,STAT,H195,001,1.0,4.0,OPT,N,0
122151,2026,Fall,2268,1,STAT,H195,002,1.0,4.0,OPT,N,0
122151,2026,Fall,2268,1,STAT,H195,003,1.0,4.0,OPT,N,0
122151,2026,Fall,2268,1,STAT,H195,004,1.0,4.0,OPT,N,0
161407,2026,Fall,2268,1,STRELIG,201,001,4.0,4.0,OPT,N,0
124466,2026,Fall,2268,1,STS,C100,001,4.0,4.0,OPT,Y,65
124346,2026,Fall,2268,1,STS,C200,001,3.0,3.0,OPT,N,16
164198,2026,Fall,2268,1,STS,C204,001,4.0,4.0,OPT,N,16
161108,2026,Fall,2268,1,STS,C4AC,001,4.0,4.0,OPT,A,0
122193,2026,Fall,2268,1,SWEDISH,1A,001,4.0,4.0,OPT,Y,67
122208,2026,Fall,2268,1,TAMIL,101A,001,4.0,4.0,OPT,Y,269
122204,2026,Fall,2268,1,TAMIL,1A,001,5.0,5.0,OPT,Y,95
122214,2026,Fall,2268,1,TELUGU,1A,001,4.0,4.0,OPT,Y,208
122218,2026,Fall,2268,1,THAI,100A,001,5.0,5.0,OPT,Y,27
122226,2026,Fall,2268,1,THEATER,10,001,3.0,3.0,OPT,N,1050
122226,2026,Fall,2268,1,THEATER,10,002,3.0,3.0,OPT,N,563
122226,2026,Fall,2268,1,THEATER,10,003,3.0,3.0,OPT,N,621
122228,2026,Fall,2268,1,THEATER,109,001,3.0,3.0,OPT,N,190
122228,2026,Fall,2268,1,THEATER,109,002,3.0,3.0,OPT,N,209
122230,2026,Fall,2268,1,THEATER,110A,001,3.0,3.0,OPT,N,90
122230,2026,Fall,2268,1,THEATER,110A,002,3.0,3.0,OPT,N,81
122232,2026,Fall,2268,1,THEATER,111,001,3.0,3.0,OPT,N,164
122236,2026,Fall,2268,1,THEATER,114,001,4.0,4.0,OPT,N,85
122236,2026,Fall,2268,1,THEATER,114,002,4.0,4.0,OPT,N,120
122240,2026,Fall,2268,1,THEATER,119,002,4.0,4.0,OPT,Y,59
122243,2026,Fall,2268,1,THEATER,121,001,4.0,4.0,OPT,Y,85
122245,2026,Fall,2268,1,THEATER,125,001,4.0,4.0,OPT,Y,91
156201,2026,Fall,2268,1,THEATER,14,001,3.0,3.0,OPT,N,129
122255,2026,Fall,2268,1,THEATER,141,001,3.0,3.0,OPT,N,70
122258,2026,Fall,2268,1,THEATER,142,001,3.0,3.0,OPT,N,53
122264,2026,Fall,2268,1,THEATER,144,001,3.0,3.0,OPT,N,121
122266,2026,Fall,2268,1,THEATER,146A,001,3.0,3.0,OPT,A,154
122266,2026,Fall,2268,1,THEATER,146A,002,1.0,1.0,OPT,A,0
162649,2026,Fall,2268,1,THEATER,151,001,4.0,4.0,OPT,Y,55
122281,2026,Fall,2268,1,THEATER,162,001,3.0,3.0,OPT,N,100
122285,2026,Fall,2268,1,THEATER,167,001,1.0,1.0,OPT,N,75
122285,2026,Fall,2268,1,THEATER,167,002,1.0,1.0,OPT,N,0
122285,2026,Fall,2268,1,THEATER,167,003,1.0,1.0,OPT,N,0
122286,2026,Fall,2268,1,THEATER,168,001,1.0,1.0,OPT,N,40
122286,2026,Fall,2268,1,THEATER,168,002,1.0,1.0,OPT,N,50
122286,2026,Fall,2268,1,THEATER,168,003,1.0,1.0,OPT,N,18
122286,2026,Fall,2268,1,THEATER,168,004,1.0,1.0,OPT,N,61
122286,2026,Fall,2268,1,THEATER,168,005,1.0,1.0,OPT,N,45
122286,2026,Fall,2268,1,THEATER,168,006,1.0,1.0,OPT,N,35
122287,2026,Fall,2268,1,THEATER,169,001,1.0,3.0,OPT,N,22
122289,2026,Fall,2268,1,THEATER,171,001,1.0,3.0,PNP,N,0
122289,2026,Fall,2268,1,THEATER,171,002,1.0,3.0,PNP,N,0
122289,2026,Fall,2268,1,THEATER,171,003,1.0,3.0,PNP,N,0
122290,2026,Fall,2268,1,THEATER,172,001,3.0,3.0,OPT,Y,32
122290,2026,Fall,2268,1,THEATER,172,002,2.0,6.0,OPT,Y,0
148011,2026,Fall,2268,1,THEATER,173,001,3.0,3.0,OPT,N,55
148010,2026,Fall,2268,1,THEATER,174,001,3.0,3.0,OPT,A,73
122295,2026,Fall,2268,1,THEATER,175A,001,4.0,4.0,OPT,Y,114
122297,2026,Fall,2268,1,THEATER,176,001,1.0,4.0,OPT,N,0
122300,2026,Fall,2268,1,THEATER,179,001,1.0,4.0,OPT,N,0
122300,2026,Fall,2268,1,THEATER,179,002,1.0,4.0,OPT,N,0
122302,2026,Fall,2268,1,THEATER,181,001,1.0,4.0,OPT,N,67
122302,2026,Fall,2268,1,THEATER,181,002,1.0,4.0,OPT,N,0
122302,2026,Fall,2268,1,THEATER,181,003,1.0,4.0,OPT,N,0
122306,2026,Fall,2268,1,THEATER,196,001,1.0,4.0,OPT,A,0
122306,2026,Fall,2268,1,THEATER,196,002,1.0,4.0,OPT,A,0
122307,2026,Fall,2268,1,THEATER,197,001,1.0,4.0,PNP,N,0
122307,2026,Fall,2268,1,THEATER,197,002,1.0,4.0,PNP,N,0
122309,2026,Fall,2268,1,THEATER,199,001,1.0,3.0,PNP,N,4
122312,2026,Fall,2268,1,THEATER,200A,001,2.0,2.0,OPT,N,7
154781,2026,Fall,2268,1,THEATER,201A,001,4.0,4.0,OPT,N,87
122310,2026,Fall,2268,1,THEATER,20U,001,3.0,3.0,OPT,A,0
122321,2026,Fall,2268,1,THEATER,26,001,4.0,4.0,OPT,Y,399
122322,2026,Fall,2268,1,THEATER,266,001,4.0,4.0,OPT,N,16
122322,2026,Fall,2268,1,THEATER,266,002,4.0,4.0,OPT,N,15
122323,2026,Fall,2268,1,THEATER,277,001,1.0,4.0,OPT,N,0
122324,2026,Fall,2268,1,THEATER,294,001,1.0,12.0,SUS,N,0
122324,2026,Fall,2268,1,THEATER,294,002,1.0,12.0,SUS,N,0
122324,2026,Fall,2268,1,THEATER,294,004,1.0,12.0,SUS,N,0
122324,2026,Fall,2268,1,THEATER,294,006,1.0,12.0,SUS,N,0
122324,2026,Fall,2268,1,THEATER,294,007,1.0,12.0,SUS,N,0
122324,2026,Fall,2268,1,THEATER,294,009,1.0,12.0,SUS,N,0
122326,2026,Fall,2268,1,THEATER,299,001,1.0,4.0,OPT,N,0
122326,2026,Fall,2268,1,THEATER,299,002,1.0,4.0,OPT,N,0
122326,2026,Fall,2268,1,THEATER,299,003,1.0,4.0,OPT,N,0
122326,2026,Fall,2268,1,THEATER,299,004,1.0,4.0,OPT,N,0
122326,2026,Fall,2268,1,THEATER,299,005,1.0,4.0,OPT,N,0
122326,2026,Fall,2268,1,THEATER,299,006,1.0,4.0,OPT,N,0
122326,2026,Fall,2268,1,THEATER,299,007,1.0,4.0,OPT,N,0
122326,2026,Fall,2268,1,THEATER,299,008,1.0,4.0,OPT,N,0
122326,2026,Fall,2268,1,THEATER,299,009,1.0,4.0,OPT,N,0
122326,2026,Fall,2268,1,THEATER,299,010,1.0,4.0,OPT,N,0
122328,2026,Fall,2268,1,THEATER,300,001,2.0,4.0,SUS,N,0
122328,2026,Fall,2268,1,THEATER,300,002,2.0,4.0,SUS,N,0
122328,2026,Fall,2268,1,THEATER,300,003,2.0,4.0,SUS,N,0
159967,2026,Fall,2268,1,THEATER,375,001,2.0,2.0,SUS,N,9
122357,2026,Fall,2268,1,THEATER,40,001,3.0,3.0,OPT,N,168
122362,2026,Fall,2268,1,THEATER,52AC,001,4.0,4.0,OPT,Y,1595
122363,2026,Fall,2268,1,THEATER,60,001,3.0,3.0,OPT,Y,645
122364,2026,Fall,2268,1,THEATER,602,001,1.0,12.0,SUS,N,0
122364,2026,Fall,2268,1,THEATER,602,002,1.0,12.0,SUS,N,0
122364,2026,Fall,2268,1,THEATER,602,003,1.0,12.0,SUS,N,0
122364,2026,Fall,2268,1,THEATER,602,004,1.0,12.0,SUS,N,0
122364,2026,Fall,2268,1,THEATER,602,005,1.0,12.0,SUS,N,0
122364,2026,Fall,2268,1,THEATER,602,006,1.0,12.0,SUS,N,0
122364,2026,Fall,2268,1,THEATER,602,007,1.0,12.0,SUS,N,0
122364,2026,Fall,2268,1,THEATER,602,008,1.0,12.0,SUS,N,0
122364,2026,Fall,2268,1,THEATER,602,009,1.0,12.0,SUS,N,0
122364,2026,Fall,2268,1,THEATER,602,010,1.0,12.0,SUS,N,0
122367,2026,Fall,2268,1,THEATER,98,001,0.5,5.0,PNP,N,21
122368,2026,Fall,2268,1,THEATER,99,001,1.0,5.0,PNP,N,13
122369,2026,Fall,2268,1,THEATER,H195A,001,1.0,4.0,OPT,N,0
122369,2026,Fall,2268,1,THEATER,H195A,002,1.0,4.0,OPT,N,0
122370,2026,Fall,2268,1,THEATER,H195B,001,1.0,4.0,OPT,N,0
122376,2026,Fall,2268,1,THEATER,R1A,001,4.0,4.0,GRD,N,675
122376,2026,Fall,2268,1,THEATER,R1A,002,4.0,4.0,GRD,N,700
122376,2026,Fall,2268,1,THEATER,R1A,003,4.0,4.0,GRD,N,125
122377,2026,Fall,2268,1,THEATER,R1B,001,4.0,4.0,GRD,N,758
122377,2026,Fall,2268,1,THEATER,R1B,002,4.0,4.0,GRD,N,654
122377,2026,Fall,2268,1,THEATER,R1B,004,4.0,4.0,GRD,N,107
122377,2026,Fall,2268,1,THEATER,R1B,006,4.0,4.0,GRD,N,369
122377,2026,Fall,2268,1,THEATER,R1B,008,4.0,4.0,GRD,N,430
122378,2026,Fall,2268,1,TIBETAN,1A,001,5.0,5.0,OPT,Y,10
122410,2026,Fall,2268,1,TIBETAN,298,001,1.0,8.0,OPT,N,0
122411,2026,Fall,2268,1,TIBETAN,299,001,1.0,8.0,SUS,N,0
124437,2026,Fall,2268,1,TIBETAN,C214,001,2.0,4.0,OPT,N,3
122451,2026,Fall,2268,1,TURKISH,100A,001,5.0,5.0,OPT,Y,65
122446,2026,Fall,2268,1,TURKISH,1A,001,5.0,5.0,OPT,Y,24
122481,2026,Fall,2268,1,UGBA,100,001,2.0,2.0,OPT,Y,479
122481,2026,Fall,2268,1,UGBA,100,002,2.0,2.0,OPT,Y,427
122481,2026,Fall,2268,1,UGBA,100,003,2.0,2.0,OPT,Y,536
122481,2026,Fall,2268,1,UGBA,100,004,2.0,2.0,OPT,Y,335
122481,2026,Fall,2268,1,UGBA,100,005,2.0,2.0,OPT,Y,210
122481,2026,Fall,2268,1,UGBA,100,006,2.0,2.0,OPT,Y,161
122481,2026,Fall,2268,1,UGBA,100,007,2.0,2.0,OPT,Y,202
122482,2026,Fall,2268,1,UGBA,101A,001,3.0,3.0,OPT,Y,617
122482,2026,Fall,2268,1,UGBA,101A,002,3.0,3.0,OPT,Y,295
122483,2026,Fall,2268,1,UGBA,101B,001,3.0,3.0,OPT,C,562
122483,2026,Fall,2268,1,UGBA,101B,002,3.0,3.0,OPT,C,343
122484,2026,Fall,2268,1,UGBA,102A,001,3.0,3.0,OPT,Y,583
122484,2026,Fall,2268,1,UGBA,102A,002,3.0,3.0,OPT,Y,352
122484,2026,Fall,2268,1,UGBA,102A,003,3.0,3.0,OPT,Y,256
122485,2026,Fall,2268,1,UGBA,102B,001,3.0,3.0,OPT,Y,304
122485,2026,Fall,2268,1,UGBA,102B,002,3.0,3.0,OPT,Y,180
122486,2026,Fall,2268,1,UGBA,103,001,4.0,4.0,OPT,Y,661
122486,2026,Fall,2268,1,UGBA,103,002,4.0,4.0,OPT,Y,337
122487,2026,Fall,2268,1,UGBA,104,001,3.0,3.0,OPT,Y,910
122488,2026,Fall,2268,1,UGBA,105,001,3.0,3.0,OPT,Y,652
122488,2026,Fall,2268,1,UGBA,105,002,3.0,3.0,OPT,Y,309
122488,2026,Fall,2268,1,UGBA,105,003,3.0,3.0,OPT,Y,0
122488,2026,Fall,2268,1,UGBA,105,004,3.0,3.0,OPT,Y,0
122489,2026,Fall,2268,1,UGBA,106,001,3.0,3.0,OPT,Y,607
122489,2026,Fall,2268,1,UGBA,106,002,3.0,3.0,OPT,Y,326
122489,2026,Fall,2268,1,UGBA,106,003,3.0,3.0,OPT,Y,310
122489,2026,Fall,2268,1,UGBA,106,004,3.0,3.0,OPT,Y,244
122489,2026,Fall,2268,1,UGBA,106,005,3.0,3.0,OPT,Y,0
122489,2026,Fall,2268,1,UGBA,106,006,3.0,3.0,OPT,Y,0
122490,2026,Fall,2268,1,UGBA,107,001,3.0,3.0,OPT,Y,997
164832,2026,Fall,2268,1,UGBA,10X,001,3.0,3.0,OPT,A,1317
122495,2026,Fall,2268,1,UGBA,117,001,1.0,4.0,OPT,Y,0
122495,2026,Fall,2268,1,UGBA,117,002,1.0,4.0,OPT,Y,0
122496,2026,Fall,2268,1,UGBA,118,001,3.0,3.0,OPT,Y,0
122499,2026,Fall,2268,1,UGBA,120AA,001,4.0,4.0,OPT,Y,184
122500,2026,Fall,2268,1,UGBA,120AB,001,4.0,4.0,OPT,Y,0
122503,2026,Fall,2268,1,UGBA,122,001,4.0,4.0,OPT,Y,300
158558,2026,Fall,2268,1,UGBA,125,001,3.0,3.0,OPT,Y,222
158558,2026,Fall,2268,1,UGBA,125,002,3.0,3.0,OPT,Y,0
122504,2026,Fall,2268,1,UGBA,126,001,4.0,4.0,OPT,Y,175
122505,2026,Fall,2268,1,UGBA,127,001,1.0,4.0,OPT,Y,0
122506,2026,Fall,2268,1,UGBA,128,001,3.0,3.0,OPT,Y,0
161984,2026,Fall,2268,1,UGBA,13,001,2.0,2.0,OPT,N,0
122508,2026,Fall,2268,1,UGBA,131,001,3.0,3.0,OPT,Y,574
122509,2026,Fall,2268,1,UGBA,132,001,3.0,3.0,OPT,Y,0
122510,2026,Fall,2268,1,UGBA,133,001,3.0,3.0,OPT,Y,502
158764,2026,Fall,2268,1,UGBA,135,001,2.0,2.0,OPT,Y,1057
158764,2026,Fall,2268,1,UGBA,135,002,2.0,2.0,OPT,Y,443
158764,2026,Fall,2268,1,UGBA,135,003,2.0,2.0,OPT,Y,378
122512,2026,Fall,2268,1,UGBA,137,001,1.0,4.0,OPT,Y,0
122512,2026,Fall,2268,1,UGBA,137,002,2.0,2.0,OPT,Y,296
161497,2026,Fall,2268,1,UGBA,150,001,3.0,3.0,OPT,A,247
122520,2026,Fall,2268,1,UGBA,151,1,3.0,3.0,OPT,Y,0
122521,2026,Fall,2268,1,UGBA,152,001,3.0,3.0,OPT,Y,438
122521,2026,Fall,2268,1,UGBA,152,002,3.0,3.0,OPT,Y,228
122523,2026,Fall,2268,1,UGBA,154,001,3.0,3.0,OPT,Y,0
122524,2026,Fall,2268,1,UGBA,155,001,3.0,3.0,OPT,Y,0
122526,2026,Fall,2268,1,UGBA,157,001,1.0,4.0,OPT,Y,0
122526,2026,Fall,2268,1,UGBA,157,002,1.0,4.0,OPT,Y,0
122526,2026,Fall,2268,1,UGBA,157,003,1.0,4.0,OPT,Y,0
161384,2026,Fall,2268,1,UGBA,159,001,2.0,2.0,OPT,Y,228
122527,2026,Fall,2268,1,UGBA,160,1,3.0,3.0,OPT,Y,276
122528,2026,Fall,2268,1,UGBA,161,001,3.0,3.0,OPT,Y,0
122529,2026,Fall,2268,1,UGBA,162,001,3.0,3.0,OPT,Y,0
125446,2026,Fall,2268,1,UGBA,162A,001,2.0,2.0,OPT,Y,0
122533,2026,Fall,2268,1,UGBA,167,001,1.0,4.0,OPT,Y,0
162653,2026,Fall,2268,1,UGBA,168B,001,3.0,3.0,OPT,Y,211
122535,2026,Fall,2268,1,UGBA,169,001,3.0,3.0,OPT,Y,0
168565,2026,Fall,2268,1,UGBA,170AC,001,3.0,3.0,OPT,Y,36
168517,2026,Fall,2268,1,UGBA,171A,001,3.0,3.0,OPT,Y,23
122497,2026,Fall,2268,1,UGBA,174,001,3.0,3.0,OPT,N,0
122537,2026,Fall,2268,1,UGBA,175,001,3.0,3.0,OPT,Y,163
125447,2026,Fall,2268,1,UGBA,176,001,2.0,2.0,OPT,Y,216
122538,2026,Fall,2268,1,UGBA,177,002,3.0,3.0,OPT,Y,261
122539,2026,Fall,2268,1,UGBA,178,001,3.0,3.0,OPT,Y,819
122540,2026,Fall,2268,1,UGBA,179,001,3.0,3.0,OPT,Y,380
122541,2026,Fall,2268,1,UGBA,180,001,3.0,3.0,OPT,Y,0
122543,2026,Fall,2268,1,UGBA,183,001,3.0,3.0,OPT,Y,393
158563,2026,Fall,2268,1,UGBA,190D,001,2.0,2.0,OPT,A,348
122548,2026,Fall,2268,1,UGBA,190T,001,2.0,2.0,OPT,Y,455
122548,2026,Fall,2268,1,UGBA,190T,002,2.0,2.0,OPT,Y,265
122548,2026,Fall,2268,1,UGBA,190T,004,3.0,3.0,OPT,Y,175
122548,2026,Fall,2268,1,UGBA,190T,005,1.0,4.0,OPT,Y,0
122548,2026,Fall,2268,1,UGBA,190T,006,2.0,2.0,OPT,Y,219
122548,2026,Fall,2268,1,UGBA,190T,007,2.0,2.0,OPT,Y,319
122551,2026,Fall,2268,1,UGBA,191I,001,3.0,3.0,OPT,Y,141
154234,2026,Fall,2268,1,UGBA,191L,001,3.0,3.0,OPT,A,167
122552,2026,Fall,2268,1,UGBA,191P,001,3.0,3.0,OPT,Y,162
122552,2026,Fall,2268,1,UGBA,191P,002,3.0,3.0,OPT,Y,109
122553,2026,Fall,2268,1,UGBA,192A,001,3.0,3.0,OPT,N,156
161463,2026,Fall,2268,1,UGBA,192MC,001,2.0,2.0,OPT,A,0
122555,2026,Fall,2268,1,UGBA,192N,003,1.0,5.0,OPT,Y,0
122556,2026,Fall,2268,1,UGBA,192P,001,3.0,3.0,OPT,N,208
164594,2026,Fall,2268,1,UGBA,192PF,UC01,3.0,3.0,OPT,A,0
122557,2026,Fall,2268,1,UGBA,192T,002,1.0,4.0,OPT,Y,0
122557,2026,Fall,2268,1,UGBA,192T,003,2.0,2.0,OPT,Y,299
122557,2026,Fall,2268,1,UGBA,192T,004,3.0,3.0,OPT,Y,120
122557,2026,Fall,2268,1,UGBA,192T,006,3.0,3.0,OPT,Y,1
125742,2026,Fall,2268,1,UGBA,193B,001,4.0,4.0,OPT,Y,0
122558,2026,Fall,2268,1,UGBA,193C,001,0.5,0.5,PNP,A,0
122559,2026,Fall,2268,1,UGBA,193I,001,4.0,6.0,OPT,A,0
122560,2026,Fall,2268,1,UGBA,194,001,1.0,1.0,PNP,Y,0
160429,2026,Fall,2268,1,UGBA,195B,001,2.0,2.0,OPT,A,0
122562,2026,Fall,2268,1,UGBA,195P,001,3.0,3.0,OPT,N,222
122564,2026,Fall,2268,1,UGBA,195T,002,1.0,3.0,OPT,Y,0
122565,2026,Fall,2268,1,UGBA,196,001,2.0,2.0,OPT,Y,0
122565,2026,Fall,2268,1,UGBA,196,002,2.0,2.0,OPT,Y,0
122565,2026,Fall,2268,1,UGBA,196,005,1.0,4.0,OPT,Y,0
122565,2026,Fall,2268,1,UGBA,196,007,1.0,4.0,OPT,Y,0
122565,2026,Fall,2268,1,UGBA,196,008,1.0,4.0,OPT,Y,0
122565,2026,Fall,2268,1,UGBA,196,009,1.0,4.0,OPT,Y,0
122567,2026,Fall,2268,1,UGBA,199,001,1.0,1.0,PNP,N,100
122567,2026,Fall,2268,1,UGBA,199,002,1.0,4.0,PNP,N,0
122567,2026,Fall,2268,1,UGBA,199,003,2.0,2.0,PNP,N,0
122567,2026,Fall,2268,1,UGBA,199,004,1.0,4.0,PNP,N,0
122567,2026,Fall,2268,1,UGBA,199,005,1.0,4.0,PNP,N,0
122567,2026,Fall,2268,1,UGBA,199,006,1.0,4.0,PNP,N,0
122567,2026,Fall,2268,1,UGBA,199,007,1.0,4.0,PNP,N,0
122567,2026,Fall,2268,1,UGBA,199,008,1.0,4.0,PNP,N,0
122567,2026,Fall,2268,1,UGBA,199,009,1.0,4.0,PNP,N,0
122567,2026,Fall,2268,1,UGBA,199,010,1.0,4.0,PNP,N,0
122567,2026,Fall,2268,1,UGBA,199,011,1.0,4.0,PNP,N,0
122567,2026,Fall,2268,1,UGBA,199,012,1.0,4.0,PNP,N,0
122567,2026,Fall,2268,1,UGBA,199,013,1.0,4.0,PNP,N,0
122567,2026,Fall,2268,1,UGBA,199,014,1.0,4.0,PNP,N,0
122567,2026,Fall,2268,1,UGBA,199,015,1.0,4.0,PNP,N,0
122567,2026,Fall,2268,1,UGBA,199,016,1.0,4.0,PNP,N,0
122567,2026,Fall,2268,1,UGBA,199,017,1.0,4.0,PNP,N,0
122567,2026,Fall,2268,1,UGBA,199,018,1.0,4.0,PNP,N,0
122567,2026,Fall,2268,1,UGBA,199,019,1.0,4.0,PNP,N,0
122567,2026,Fall,2268,1,UGBA,199,020,1.0,4.0,PNP,N,0
122567,2026,Fall,2268,1,UGBA,199,021,1.0,4.0,PNP,N,0
122567,2026,Fall,2268,1,UGBA,199,022,1.0,4.0,PNP,N,0
122567,2026,Fall,2268,1,UGBA,199,023,1.0,4.0,PNP,N,0
122567,2026,Fall,2268,1,UGBA,199,024,1.0,4.0,PNP,N,0
122567,2026,Fall,2268,1,UGBA,199,025,1.0,4.0,PNP,N,0
122567,2026,Fall,2268,1,UGBA,199,026,1.0,4.0,PNP,N,0
122567,2026,Fall,2268,1,UGBA,199,028,1.0,4.0,PNP,N,0
122567,2026,Fall,2268,1,UGBA,199,029,1.0,4.0,PNP,N,0
122567,2026,Fall,2268,1,UGBA,199,030,1.0,4.0,PNP,N,0
122567,2026,Fall,2268,1,UGBA,199,031,1.0,4.0,PNP,N,0
122567,2026,Fall,2268,1,UGBA,199,032,1.0,4.0,PNP,N,0
122567,2026,Fall,2268,1,UGBA,199,033,1.0,4.0,PNP,N,0
122567,2026,Fall,2268,1,UGBA,199,034,1.0,4.0,PNP,N,0
122567,2026,Fall,2268,1,UGBA,199,035,1.0,4.0,PNP,N,0
122568,2026,Fall,2268,1,UGBA,24,001,1.0,1.0,OPT,Y,0
122571,2026,Fall,2268,1,UGBA,39AC,001,3.0,3.0,OPT,Y,906
158405,2026,Fall,2268,1,UGBA,88,001,2.0,2.0,OPT,Y,398
158405,2026,Fall,2268,1,UGBA,88,002,2.0,2.0,OPT,Y,123
122598,2026,Fall,2268,1,UGBA,96,002,3.0,3.0,OPT,Y,241
160228,2026,Fall,2268,1,UGBA,C12,001,3.0,3.0,OPT,A,522
161481,2026,Fall,2268,1,UGBA,C195C,001,4.0,4.0,OPT,A,263
161807,2026,Fall,2268,1,UGBA,C196C,001,3.0,3.0,OPT,A,316
124376,2026,Fall,2268,1,UGBA,C5,001,2.0,2.0,OPT,N,0
157294,2026,Fall,2268,1,UGBA,C95B,001,2.0,2.0,PNP,A,0
122611,2026,Fall,2268,1,UGIS,140,001,2.0,2.0,OPT,N,216
122616,2026,Fall,2268,1,UGIS,160A,001,4.0,4.0,OPT,Y,0
162113,2026,Fall,2268,1,UGIS,162B,001,4.0,4.0,OPT,A,0
158800,2026,Fall,2268,1,UGIS,162D,001,4.0,4.0,OPT,A,0
158535,2026,Fall,2268,1,UGIS,162G,001,4.0,4.0,OPT,A,0
122626,2026,Fall,2268,1,UGIS,162I,001,4.0,4.0,OPT,N,0
122630,2026,Fall,2268,1,UGIS,162M,001,4.0,4.0,OPT,N,0
122631,2026,Fall,2268,1,UGIS,162N,001,4.0,4.0,OPT,Y,0
122632,2026,Fall,2268,1,UGIS,162O,001,4.0,4.0,OPT,Y,0
157101,2026,Fall,2268,1,UGIS,162Q,001,4.0,4.0,OPT,A,0
125761,2026,Fall,2268,1,UGIS,162V,001,4.0,4.0,OPT,Y,0
148043,2026,Fall,2268,1,UGIS,162X,001,4.0,4.0,OPT,A,0
122667,2026,Fall,2268,1,UGIS,192A,001,1.0,4.0,PNP,N,8
122667,2026,Fall,2268,1,UGIS,192A,002,1.0,4.0,PNP,N,3
122667,2026,Fall,2268,1,UGIS,192A,003,1.0,4.0,PNP,N,1
122667,2026,Fall,2268,1,UGIS,192A,004,1.0,4.0,PNP,N,1
122667,2026,Fall,2268,1,UGIS,192A,005,1.0,4.0,PNP,N,0
122667,2026,Fall,2268,1,UGIS,192A,006,1.0,4.0,PNP,N,1
122667,2026,Fall,2268,1,UGIS,192A,007,1.0,4.0,PNP,N,1
122667,2026,Fall,2268,1,UGIS,192A,008,1.0,4.0,PNP,N,0
122667,2026,Fall,2268,1,UGIS,192A,009,1.0,4.0,PNP,N,0
122667,2026,Fall,2268,1,UGIS,192A,010,1.0,4.0,PNP,N,0
122667,2026,Fall,2268,1,UGIS,192A,011,1.0,4.0,PNP,N,1
122667,2026,Fall,2268,1,UGIS,192A,012,1.0,4.0,PNP,N,0
122667,2026,Fall,2268,1,UGIS,192A,013,1.0,4.0,PNP,N,0
122667,2026,Fall,2268,1,UGIS,192A,014,1.0,4.0,PNP,N,0
122667,2026,Fall,2268,1,UGIS,192A,015,1.0,4.0,PNP,N,0
122667,2026,Fall,2268,1,UGIS,192A,016,1.0,4.0,PNP,N,0
122667,2026,Fall,2268,1,UGIS,192A,017,1.0,4.0,PNP,N,0
122667,2026,Fall,2268,1,UGIS,192A,018,1.0,4.0,PNP,N,0
122667,2026,Fall,2268,1,UGIS,192A,019,1.0,4.0,PNP,N,0
122667,2026,Fall,2268,1,UGIS,192A,020,1.0,4.0,PNP,N,0
122667,2026,Fall,2268,1,UGIS,192A,021,1.0,4.0,PNP,N,1
122667,2026,Fall,2268,1,UGIS,192A,022,1.0,4.0,PNP,N,1
122667,2026,Fall,2268,1,UGIS,192A,023,1.0,4.0,PNP,N,0
122667,2026,Fall,2268,1,UGIS,192A,024,1.0,4.0,PNP,N,0
122667,2026,Fall,2268,1,UGIS,192A,025,1.0,4.0,PNP,N,0
122667,2026,Fall,2268,1,UGIS,192A,026,1.0,4.0,PNP,N,0
122667,2026,Fall,2268,1,UGIS,192A,027,1.0,4.0,PNP,N,0
122667,2026,Fall,2268,1,UGIS,192A,028,1.0,4.0,PNP,N,0
122667,2026,Fall,2268,1,UGIS,192A,029,1.0,4.0,PNP,N,0
122667,2026,Fall,2268,1,UGIS,192A,030,1.0,4.0,PNP,N,0
122667,2026,Fall,2268,1,UGIS,192A,031,1.0,4.0,PNP,N,0
122667,2026,Fall,2268,1,UGIS,192A,032,1.0,4.0,PNP,N,0
122667,2026,Fall,2268,1,UGIS,192A,033,1.0,4.0,PNP,N,0
122668,2026,Fall,2268,1,UGIS,192B,001,1.0,4.0,PNP,N,5
122668,2026,Fall,2268,1,UGIS,192B,002,1.0,4.0,PNP,N,1
122668,2026,Fall,2268,1,UGIS,192B,003,1.0,4.0,PNP,N,1
122668,2026,Fall,2268,1,UGIS,192B,004,1.0,4.0,PNP,N,1
122668,2026,Fall,2268,1,UGIS,192B,005,1.0,4.0,PNP,N,0
122668,2026,Fall,2268,1,UGIS,192B,006,1.0,4.0,PNP,N,0
122668,2026,Fall,2268,1,UGIS,192B,007,1.0,4.0,PNP,N,0
122668,2026,Fall,2268,1,UGIS,192B,008,1.0,4.0,PNP,N,0
122668,2026,Fall,2268,1,UGIS,192B,009,1.0,4.0,PNP,N,0
122668,2026,Fall,2268,1,UGIS,192B,010,1.0,4.0,PNP,N,0
122668,2026,Fall,2268,1,UGIS,192B,011,1.0,4.0,PNP,N,0
122668,2026,Fall,2268,1,UGIS,192B,012,1.0,4.0,PNP,N,0
122668,2026,Fall,2268,1,UGIS,192B,013,1.0,4.0,PNP,N,0
122668,2026,Fall,2268,1,UGIS,192B,014,1.0,4.0,PNP,N,0
122668,2026,Fall,2268,1,UGIS,192B,015,1.0,4.0,PNP,N,0
122668,2026,Fall,2268,1,UGIS,192B,016,1.0,4.0,PNP,N,1
122668,2026,Fall,2268,1,UGIS,192B,017,1.0,4.0,PNP,N,0
122668,2026,Fall,2268,1,UGIS,192B,018,1.0,4.0,PNP,N,0
122668,2026,Fall,2268,1,UGIS,192B,019,1.0,4.0,PNP,N,0
122668,2026,Fall,2268,1,UGIS,192B,020,1.0,4.0,PNP,N,0
122668,2026,Fall,2268,1,UGIS,192B,021,1.0,4.0,PNP,N,0
122668,2026,Fall,2268,1,UGIS,192B,022,1.0,4.0,PNP,N,0
122668,2026,Fall,2268,1,UGIS,192B,023,1.0,4.0,PNP,N,0
122668,2026,Fall,2268,1,UGIS,192B,024,1.0,4.0,PNP,N,0
122668,2026,Fall,2268,1,UGIS,192B,025,1.0,4.0,PNP,N,0
122668,2026,Fall,2268,1,UGIS,192B,026,1.0,4.0,PNP,N,1
122668,2026,Fall,2268,1,UGIS,192B,027,1.0,4.0,PNP,N,0
122668,2026,Fall,2268,1,UGIS,192B,028,1.0,4.0,PNP,N,0
122668,2026,Fall,2268,1,UGIS,192B,029,1.0,4.0,PNP,N,0
122668,2026,Fall,2268,1,UGIS,192B,030,1.0,4.0,PNP,N,0
122668,2026,Fall,2268,1,UGIS,192B,031,1.0,4.0,PNP,N,0
122668,2026,Fall,2268,1,UGIS,192B,032,1.0,4.0,PNP,N,0
122668,2026,Fall,2268,1,UGIS,192B,033,1.0,4.0,PNP,N,0
122668,2026,Fall,2268,1,UGIS,192B,034,1.0,4.0,PNP,N,0
122668,2026,Fall,2268,1,UGIS,192B,035,1.0,4.0,PNP,N,0
122668,2026,Fall,2268,1,UGIS,192B,036,1.0,4.0,PNP,N,0
122668,2026,Fall,2268,1,UGIS,192B,037,1.0,4.0,PNP,N,0
122668,2026,Fall,2268,1,UGIS,192B,038,1.0,4.0,PNP,N,0
122668,2026,Fall,2268,1,UGIS,192B,039,1.0,4.0,PNP,N,0
122668,2026,Fall,2268,1,UGIS,192B,040,1.0,4.0,PNP,N,0
122668,2026,Fall,2268,1,UGIS,192B,041,1.0,4.0,PNP,N,0
122668,2026,Fall,2268,1,UGIS,192B,042,1.0,4.0,PNP,N,0
122668,2026,Fall,2268,1,UGIS,192B,043,1.0,4.0,PNP,N,0
122668,2026,Fall,2268,1,UGIS,192B,044,1.0,4.0,PNP,N,0
122668,2026,Fall,2268,1,UGIS,192B,045,1.0,4.0,PNP,N,0
122668,2026,Fall,2268,1,UGIS,192B,046,1.0,4.0,PNP,N,0
122668,2026,Fall,2268,1,UGIS,192B,047,1.0,4.0,PNP,N,0
122668,2026,Fall,2268,1,UGIS,192B,048,1.0,4.0,PNP,N,0
122668,2026,Fall,2268,1,UGIS,192B,049,1.0,4.0,PNP,N,0
122668,2026,Fall,2268,1,UGIS,192B,050,1.0,4.0,PNP,N,0
122668,2026,Fall,2268,1,UGIS,192B,051,1.0,4.0,PNP,N,0
122668,2026,Fall,2268,1,UGIS,192B,052,1.0,4.0,PNP,N,0
122668,2026,Fall,2268,1,UGIS,192B,053,1.0,4.0,PNP,N,0
122668,2026,Fall,2268,1,UGIS,192B,054,1.0,4.0,PNP,N,0
122668,2026,Fall,2268,1,UGIS,192B,055,1.0,4.0,PNP,N,0
122668,2026,Fall,2268,1,UGIS,192B,056,1.0,4.0,PNP,N,0
122668,2026,Fall,2268,1,UGIS,192B,057,1.0,4.0,PNP,N,0
122668,2026,Fall,2268,1,UGIS,192B,058,1.0,4.0,PNP,N,0
122668,2026,Fall,2268,1,UGIS,192B,059,1.0,4.0,PNP,N,0
122668,2026,Fall,2268,1,UGIS,192B,060,1.0,4.0,PNP,N,0
122668,2026,Fall,2268,1,UGIS,192B,061,1.0,4.0,PNP,N,1
122668,2026,Fall,2268,1,UGIS,192B,062,1.0,4.0,PNP,N,0
122668,2026,Fall,2268,1,UGIS,192B,063,1.0,4.0,PNP,N,0
122668,2026,Fall,2268,1,UGIS,192B,064,1.0,4.0,PNP,N,0
122668,2026,Fall,2268,1,UGIS,192B,065,1.0,4.0,PNP,N,0
122668,2026,Fall,2268,1,UGIS,192B,066,1.0,4.0,PNP,N,0
122668,2026,Fall,2268,1,UGIS,192B,067,1.0,4.0,PNP,N,0
122668,2026,Fall,2268,1,UGIS,192B,068,1.0,4.0,PNP,N,0
122668,2026,Fall,2268,1,UGIS,192B,069,1.0,4.0,PNP,N,0
122668,2026,Fall,2268,1,UGIS,192B,070,1.0,4.0,PNP,N,0
122668,2026,Fall,2268,1,UGIS,192B,071,1.0,4.0,PNP,N,0
122668,2026,Fall,2268,1,UGIS,192B,072,1.0,4.0,PNP,N,0
122668,2026,Fall,2268,1,UGIS,192B,073,1.0,4.0,PNP,N,0
122668,2026,Fall,2268,1,UGIS,192B,074,1.0,4.0,PNP,N,0
122668,2026,Fall,2268,1,UGIS,192B,075,1.0,4.0,PNP,N,0
122668,2026,Fall,2268,1,UGIS,192B,076,1.0,4.0,PNP,N,0
122668,2026,Fall,2268,1,UGIS,192B,077,1.0,4.0,PNP,N,0
122668,2026,Fall,2268,1,UGIS,192B,078,1.0,4.0,PNP,N,0
122668,2026,Fall,2268,1,UGIS,192B,079,1.0,4.0,PNP,N,0
122668,2026,Fall,2268,1,UGIS,192B,080,1.0,4.0,PNP,N,0
122668,2026,Fall,2268,1,UGIS,192B,081,1.0,4.0,PNP,N,0
122668,2026,Fall,2268,1,UGIS,192B,082,1.0,4.0,PNP,N,0
122668,2026,Fall,2268,1,UGIS,192B,083,1.0,4.0,PNP,N,0
122668,2026,Fall,2268,1,UGIS,192B,084,1.0,4.0,PNP,N,0
122668,2026,Fall,2268,1,UGIS,192B,085,1.0,4.0,PNP,N,1
122668,2026,Fall,2268,1,UGIS,192B,086,1.0,4.0,PNP,N,0
122668,2026,Fall,2268,1,UGIS,192B,087,1.0,4.0,PNP,N,0
122668,2026,Fall,2268,1,UGIS,192B,088,1.0,4.0,PNP,N,0
122668,2026,Fall,2268,1,UGIS,192B,089,1.0,4.0,PNP,N,0
122668,2026,Fall,2268,1,UGIS,192B,090,1.0,4.0,PNP,N,0
122668,2026,Fall,2268,1,UGIS,192B,091,1.0,4.0,PNP,N,0
122668,2026,Fall,2268,1,UGIS,192B,092,1.0,4.0,PNP,N,0
122668,2026,Fall,2268,1,UGIS,192B,093,1.0,4.0,PNP,N,0
122668,2026,Fall,2268,1,UGIS,192B,094,1.0,4.0,PNP,N,0
122668,2026,Fall,2268,1,UGIS,192B,095,1.0,4.0,PNP,N,0
122668,2026,Fall,2268,1,UGIS,192B,096,1.0,4.0,PNP,N,0
122668,2026,Fall,2268,1,UGIS,192B,097,1.0,4.0,PNP,N,0
122668,2026,Fall,2268,1,UGIS,192B,098,1.0,4.0,PNP,N,0
122668,2026,Fall,2268,1,UGIS,192B,099,1.0,4.0,PNP,N,1
122668,2026,Fall,2268,1,UGIS,192B,100,1.0,4.0,PNP,N,0
122668,2026,Fall,2268,1,UGIS,192B,101,1.0,4.0,PNP,N,0
122668,2026,Fall,2268,1,UGIS,192B,102,1.0,4.0,PNP,N,0
122668,2026,Fall,2268,1,UGIS,192B,103,1.0,4.0,PNP,N,0
122668,2026,Fall,2268,1,UGIS,192B,104,1.0,4.0,PNP,N,0
122668,2026,Fall,2268,1,UGIS,192B,105,1.0,4.0,PNP,N,0
122668,2026,Fall,2268,1,UGIS,192B,106,1.0,4.0,PNP,N,0
122668,2026,Fall,2268,1,UGIS,192B,107,1.0,4.0,PNP,N,0
122668,2026,Fall,2268,1,UGIS,192B,108,1.0,4.0,PNP,N,0
122668,2026,Fall,2268,1,UGIS,192B,109,1.0,4.0,PNP,N,0
122668,2026,Fall,2268,1,UGIS,192B,110,1.0,4.0,PNP,N,0
122668,2026,Fall,2268,1,UGIS,192B,111,1.0,4.0,PNP,N,0
122668,2026,Fall,2268,1,UGIS,192B,112,1.0,4.0,PNP,N,1
122668,2026,Fall,2268,1,UGIS,192B,113,1.0,4.0,PNP,N,0
122668,2026,Fall,2268,1,UGIS,192B,114,1.0,4.0,PNP,N,0
122668,2026,Fall,2268,1,UGIS,192B,115,1.0,4.0,PNP,N,0
122668,2026,Fall,2268,1,UGIS,192B,116,1.0,4.0,PNP,N,0
122668,2026,Fall,2268,1,UGIS,192B,117,1.0,4.0,PNP,N,0
122668,2026,Fall,2268,1,UGIS,192B,118,1.0,4.0,PNP,N,0
122668,2026,Fall,2268,1,UGIS,192B,119,1.0,4.0,PNP,N,0
122668,2026,Fall,2268,1,UGIS,192B,120,1.0,4.0,PNP,N,0
122668,2026,Fall,2268,1,UGIS,192B,121,1.0,4.0,PNP,N,0
122668,2026,Fall,2268,1,UGIS,192B,122,1.0,4.0,PNP,N,0
122668,2026,Fall,2268,1,UGIS,192B,123,1.0,4.0,PNP,N,0
122668,2026,Fall,2268,1,UGIS,192B,124,1.0,4.0,PNP,N,0
122668,2026,Fall,2268,1,UGIS,192B,125,1.0,4.0,PNP,N,0
122668,2026,Fall,2268,1,UGIS,192B,126,1.0,4.0,PNP,N,0
122668,2026,Fall,2268,1,UGIS,192B,127,1.0,4.0,PNP,N,0
122668,2026,Fall,2268,1,UGIS,192B,128,1.0,4.0,PNP,N,0
122668,2026,Fall,2268,1,UGIS,192B,129,1.0,4.0,PNP,N,1
122668,2026,Fall,2268,1,UGIS,192B,130,1.0,4.0,PNP,N,0
122668,2026,Fall,2268,1,UGIS,192B,131,1.0,4.0,PNP,N,0
122668,2026,Fall,2268,1,UGIS,192B,132,1.0,4.0,PNP,N,0
122669,2026,Fall,2268,1,UGIS,192C,001,1.0,4.0,PNP,N,4
122669,2026,Fall,2268,1,UGIS,192C,002,1.0,4.0,PNP,N,0
122669,2026,Fall,2268,1,UGIS,192C,003,1.0,4.0,PNP,N,0
122669,2026,Fall,2268,1,UGIS,192C,004,1.0,4.0,PNP,N,0
122669,2026,Fall,2268,1,UGIS,192C,005,1.0,4.0,PNP,N,0
122669,2026,Fall,2268,1,UGIS,192C,006,1.0,4.0,PNP,N,0
122669,2026,Fall,2268,1,UGIS,192C,007,1.0,4.0,PNP,N,0
122669,2026,Fall,2268,1,UGIS,192C,008,1.0,4.0,PNP,N,0
122669,2026,Fall,2268,1,UGIS,192C,009,1.0,4.0,PNP,N,0
122669,2026,Fall,2268,1,UGIS,192C,010,1.0,4.0,PNP,N,1
122669,2026,Fall,2268,1,UGIS,192C,011,1.0,4.0,PNP,N,0
122669,2026,Fall,2268,1,UGIS,192C,012,1.0,4.0,PNP,N,0
122669,2026,Fall,2268,1,UGIS,192C,013,1.0,4.0,PNP,N,0
122669,2026,Fall,2268,1,UGIS,192C,014,1.0,4.0,PNP,N,0
122669,2026,Fall,2268,1,UGIS,192C,015,1.0,4.0,PNP,N,0
122669,2026,Fall,2268,1,UGIS,192C,016,1.0,4.0,PNP,N,0
122669,2026,Fall,2268,1,UGIS,192C,017,1.0,4.0,PNP,N,0
122669,2026,Fall,2268,1,UGIS,192C,018,1.0,4.0,PNP,N,0
122669,2026,Fall,2268,1,UGIS,192C,019,1.0,4.0,PNP,N,0
122669,2026,Fall,2268,1,UGIS,192C,020,1.0,4.0,PNP,N,0
122669,2026,Fall,2268,1,UGIS,192C,021,1.0,4.0,PNP,N,0
122669,2026,Fall,2268,1,UGIS,192C,022,1.0,4.0,PNP,N,0
122669,2026,Fall,2268,1,UGIS,192C,023,1.0,4.0,PNP,N,0
122669,2026,Fall,2268,1,UGIS,192C,024,1.0,4.0,PNP,N,0
122669,2026,Fall,2268,1,UGIS,192C,025,1.0,4.0,PNP,N,0
122669,2026,Fall,2268,1,UGIS,192C,026,1.0,4.0,PNP,N,0
122669,2026,Fall,2268,1,UGIS,192C,027,1.0,4.0,PNP,N,0
122669,2026,Fall,2268,1,UGIS,192C,028,1.0,4.0,PNP,N,0
122669,2026,Fall,2268,1,UGIS,192C,029,1.0,4.0,PNP,N,0
122669,2026,Fall,2268,1,UGIS,192C,030,1.0,4.0,PNP,N,0
122669,2026,Fall,2268,1,UGIS,192C,031,1.0,4.0,PNP,N,0
122669,2026,Fall,2268,1,UGIS,192C,032,1.0,4.0,PNP,N,0
122669,2026,Fall,2268,1,UGIS,192C,033,1.0,4.0,PNP,N,0
122669,2026,Fall,2268,1,UGIS,192C,034,1.0,4.0,PNP,N,0
122669,2026,Fall,2268,1,UGIS,192C,035,1.0,4.0,PNP,N,0
122669,2026,Fall,2268,1,UGIS,192C,036,1.0,4.0,PNP,N,0
122669,2026,Fall,2268,1,UGIS,192C,037,1.0,4.0,PNP,N,0
122669,2026,Fall,2268,1,UGIS,192C,038,1.0,4.0,PNP,N,0
122669,2026,Fall,2268,1,UGIS,192C,039,1.0,4.0,PNP,N,0
122669,2026,Fall,2268,1,UGIS,192C,040,1.0,4.0,PNP,N,0
122669,2026,Fall,2268,1,UGIS,192C,041,1.0,4.0,PNP,N,0
122669,2026,Fall,2268,1,UGIS,192C,042,1.0,4.0,PNP,N,0
122669,2026,Fall,2268,1,UGIS,192C,043,1.0,4.0,PNP,N,0
122669,2026,Fall,2268,1,UGIS,192C,044,1.0,4.0,PNP,N,0
122669,2026,Fall,2268,1,UGIS,192C,045,1.0,4.0,PNP,N,0
122669,2026,Fall,2268,1,UGIS,192C,046,1.0,4.0,PNP,N,0
122669,2026,Fall,2268,1,UGIS,192C,047,1.0,4.0,PNP,N,0
122669,2026,Fall,2268,1,UGIS,192C,048,1.0,4.0,PNP,N,0
122669,2026,Fall,2268,1,UGIS,192C,049,1.0,4.0,PNP,N,0
122669,2026,Fall,2268,1,UGIS,192C,050,1.0,4.0,PNP,N,0
122669,2026,Fall,2268,1,UGIS,192C,051,1.0,4.0,PNP,N,0
122669,2026,Fall,2268,1,UGIS,192C,052,1.0,4.0,PNP,N,0
122669,2026,Fall,2268,1,UGIS,192C,053,1.0,4.0,PNP,N,0
122669,2026,Fall,2268,1,UGIS,192C,054,1.0,4.0,PNP,N,0
122669,2026,Fall,2268,1,UGIS,192C,055,1.0,4.0,PNP,N,0
122669,2026,Fall,2268,1,UGIS,192C,056,1.0,4.0,PNP,N,0
122669,2026,Fall,2268,1,UGIS,192C,057,1.0,4.0,PNP,N,0
122669,2026,Fall,2268,1,UGIS,192C,058,1.0,4.0,PNP,N,0
122669,2026,Fall,2268,1,UGIS,192C,059,1.0,4.0,PNP,N,0
122669,2026,Fall,2268,1,UGIS,192C,060,1.0,4.0,PNP,N,0
122669,2026,Fall,2268,1,UGIS,192C,061,1.0,4.0,PNP,N,1
122669,2026,Fall,2268,1,UGIS,192C,062,1.0,4.0,PNP,N,0
122669,2026,Fall,2268,1,UGIS,192C,063,1.0,4.0,PNP,N,0
122669,2026,Fall,2268,1,UGIS,192C,064,1.0,4.0,PNP,N,0
122669,2026,Fall,2268,1,UGIS,192C,065,1.0,4.0,PNP,N,0
122669,2026,Fall,2268,1,UGIS,192C,066,1.0,4.0,PNP,N,0
122669,2026,Fall,2268,1,UGIS,192C,067,1.0,4.0,PNP,N,0
122669,2026,Fall,2268,1,UGIS,192C,068,1.0,4.0,PNP,N,0
122669,2026,Fall,2268,1,UGIS,192C,069,1.0,4.0,PNP,N,0
122669,2026,Fall,2268,1,UGIS,192C,070,1.0,4.0,PNP,N,0
122669,2026,Fall,2268,1,UGIS,192C,071,1.0,4.0,PNP,N,0
122669,2026,Fall,2268,1,UGIS,192C,072,1.0,4.0,PNP,N,0
122669,2026,Fall,2268,1,UGIS,192C,073,1.0,4.0,PNP,N,0
122669,2026,Fall,2268,1,UGIS,192C,074,1.0,4.0,PNP,N,0
122669,2026,Fall,2268,1,UGIS,192C,075,1.0,4.0,PNP,N,0
122669,2026,Fall,2268,1,UGIS,192C,076,1.0,4.0,PNP,N,0
122669,2026,Fall,2268,1,UGIS,192C,077,1.0,4.0,PNP,N,0
122669,2026,Fall,2268,1,UGIS,192C,078,1.0,4.0,PNP,N,0
122669,2026,Fall,2268,1,UGIS,192C,079,1.0,4.0,PNP,N,0
122669,2026,Fall,2268,1,UGIS,192C,080,1.0,4.0,PNP,N,0
122669,2026,Fall,2268,1,UGIS,192C,081,1.0,4.0,PNP,N,0
122669,2026,Fall,2268,1,UGIS,192C,082,1.0,4.0,PNP,N,0
122669,2026,Fall,2268,1,UGIS,192C,083,1.0,4.0,PNP,N,0
122669,2026,Fall,2268,1,UGIS,192C,084,1.0,4.0,PNP,N,0
122669,2026,Fall,2268,1,UGIS,192C,085,1.0,4.0,PNP,N,0
122669,2026,Fall,2268,1,UGIS,192C,086,1.0,4.0,PNP,N,0
122669,2026,Fall,2268,1,UGIS,192C,087,1.0,4.0,PNP,N,0
122669,2026,Fall,2268,1,UGIS,192C,088,1.0,4.0,PNP,N,0
122669,2026,Fall,2268,1,UGIS,192C,089,1.0,4.0,PNP,N,0
122669,2026,Fall,2268,1,UGIS,192C,090,1.0,4.0,PNP,N,0
122669,2026,Fall,2268,1,UGIS,192C,091,1.0,4.0,PNP,N,0
122669,2026,Fall,2268,1,UGIS,192C,092,1.0,4.0,PNP,N,0
122670,2026,Fall,2268,1,UGIS,192D,001,1.0,4.0,PNP,N,2
122670,2026,Fall,2268,1,UGIS,192D,002,1.0,4.0,PNP,N,0
122670,2026,Fall,2268,1,UGIS,192D,003,1.0,4.0,PNP,N,0
122670,2026,Fall,2268,1,UGIS,192D,004,1.0,4.0,PNP,N,0
122670,2026,Fall,2268,1,UGIS,192D,005,1.0,4.0,PNP,N,0
122670,2026,Fall,2268,1,UGIS,192D,006,1.0,4.0,PNP,N,0
122670,2026,Fall,2268,1,UGIS,192D,007,1.0,4.0,PNP,N,0
122670,2026,Fall,2268,1,UGIS,192D,008,1.0,4.0,PNP,N,0
122670,2026,Fall,2268,1,UGIS,192D,009,1.0,4.0,PNP,N,1
122670,2026,Fall,2268,1,UGIS,192D,010,1.0,4.0,PNP,N,0
122670,2026,Fall,2268,1,UGIS,192D,011,1.0,4.0,PNP,N,0
122670,2026,Fall,2268,1,UGIS,192D,012,1.0,4.0,PNP,N,0
122670,2026,Fall,2268,1,UGIS,192D,013,1.0,4.0,PNP,N,0
122670,2026,Fall,2268,1,UGIS,192D,014,1.0,4.0,PNP,N,1
122670,2026,Fall,2268,1,UGIS,192D,015,1.0,4.0,PNP,N,0
122670,2026,Fall,2268,1,UGIS,192D,016,1.0,4.0,PNP,N,0
122670,2026,Fall,2268,1,UGIS,192D,017,1.0,4.0,PNP,N,0
122670,2026,Fall,2268,1,UGIS,192D,018,1.0,4.0,PNP,N,1
122670,2026,Fall,2268,1,UGIS,192D,019,1.0,4.0,PNP,N,0
122670,2026,Fall,2268,1,UGIS,192D,020,1.0,4.0,PNP,N,0
122670,2026,Fall,2268,1,UGIS,192D,021,1.0,4.0,PNP,N,1
122670,2026,Fall,2268,1,UGIS,192D,022,1.0,4.0,PNP,N,0
122670,2026,Fall,2268,1,UGIS,192D,023,1.0,4.0,PNP,N,0
122670,2026,Fall,2268,1,UGIS,192D,024,1.0,4.0,PNP,N,0
122670,2026,Fall,2268,1,UGIS,192D,025,1.0,4.0,PNP,N,0
122670,2026,Fall,2268,1,UGIS,192D,026,1.0,4.0,PNP,N,0
122670,2026,Fall,2268,1,UGIS,192D,027,1.0,4.0,PNP,N,0
122670,2026,Fall,2268,1,UGIS,192D,028,1.0,4.0,PNP,N,0
122670,2026,Fall,2268,1,UGIS,192D,029,1.0,4.0,PNP,N,0
122670,2026,Fall,2268,1,UGIS,192D,030,1.0,4.0,PNP,N,0
122670,2026,Fall,2268,1,UGIS,192D,031,1.0,4.0,PNP,N,0
122670,2026,Fall,2268,1,UGIS,192D,032,1.0,4.0,PNP,N,0
122670,2026,Fall,2268,1,UGIS,192D,033,1.0,4.0,PNP,N,0
122670,2026,Fall,2268,1,UGIS,192D,034,1.0,4.0,PNP,N,0
122670,2026,Fall,2268,1,UGIS,192D,035,1.0,4.0,PNP,N,0
122670,2026,Fall,2268,1,UGIS,192D,036,1.0,4.0,PNP,N,0
122670,2026,Fall,2268,1,UGIS,192D,037,1.0,4.0,PNP,N,1
122670,2026,Fall,2268,1,UGIS,192D,038,1.0,4.0,PNP,N,0
122670,2026,Fall,2268,1,UGIS,192D,039,1.0,4.0,PNP,N,0
122670,2026,Fall,2268,1,UGIS,192D,040,1.0,4.0,PNP,N,0
122670,2026,Fall,2268,1,UGIS,192D,041,1.0,4.0,PNP,N,0
122671,2026,Fall,2268,1,UGIS,192E,001,1.0,4.0,PNP,N,5
122671,2026,Fall,2268,1,UGIS,192E,002,1.0,4.0,PNP,N,0
122671,2026,Fall,2268,1,UGIS,192E,003,1.0,4.0,PNP,N,0
122671,2026,Fall,2268,1,UGIS,192E,004,1.0,4.0,PNP,N,0
122671,2026,Fall,2268,1,UGIS,192E,005,1.0,4.0,PNP,N,0
122671,2026,Fall,2268,1,UGIS,192E,006,1.0,4.0,PNP,N,0
122671,2026,Fall,2268,1,UGIS,192E,007,1.0,4.0,PNP,N,0
122671,2026,Fall,2268,1,UGIS,192E,008,1.0,4.0,PNP,N,0
122671,2026,Fall,2268,1,UGIS,192E,009,1.0,4.0,PNP,N,0
122671,2026,Fall,2268,1,UGIS,192E,010,1.0,4.0,PNP,N,0
122671,2026,Fall,2268,1,UGIS,192E,011,1.0,4.0,PNP,N,0
122671,2026,Fall,2268,1,UGIS,192E,012,1.0,4.0,PNP,N,0
122671,2026,Fall,2268,1,UGIS,192E,013,1.0,4.0,PNP,N,0
122671,2026,Fall,2268,1,UGIS,192E,014,1.0,4.0,PNP,N,0
122671,2026,Fall,2268,1,UGIS,192E,015,1.0,4.0,PNP,N,0
122671,2026,Fall,2268,1,UGIS,192E,016,1.0,4.0,PNP,N,0
122671,2026,Fall,2268,1,UGIS,192E,017,1.0,4.0,PNP,N,0
122671,2026,Fall,2268,1,UGIS,192E,018,1.0,4.0,PNP,N,0
122671,2026,Fall,2268,1,UGIS,192E,019,1.0,4.0,PNP,N,0
122671,2026,Fall,2268,1,UGIS,192E,020,1.0,4.0,PNP,N,0
122671,2026,Fall,2268,1,UGIS,192E,021,1.0,4.0,PNP,N,0
122671,2026,Fall,2268,1,UGIS,192E,022,1.0,4.0,PNP,N,0
122671,2026,Fall,2268,1,UGIS,192E,023,1.0,4.0,PNP,N,0
122671,2026,Fall,2268,1,UGIS,192E,024,1.0,4.0,PNP,N,0
122671,2026,Fall,2268,1,UGIS,192E,025,1.0,4.0,PNP,N,0
122671,2026,Fall,2268,1,UGIS,192E,026,1.0,4.0,PNP,N,0
122671,2026,Fall,2268,1,UGIS,192E,027,1.0,4.0,PNP,N,0
122671,2026,Fall,2268,1,UGIS,192E,028,1.0,4.0,PNP,N,0
122671,2026,Fall,2268,1,UGIS,192E,029,1.0,4.0,PNP,N,0
122671,2026,Fall,2268,1,UGIS,192E,030,1.0,4.0,PNP,N,0
122671,2026,Fall,2268,1,UGIS,192E,031,1.0,4.0,PNP,N,0
122671,2026,Fall,2268,1,UGIS,192E,032,1.0,4.0,PNP,N,0
122671,2026,Fall,2268,1,UGIS,192E,033,1.0,4.0,PNP,N,1
122671,2026,Fall,2268,1,UGIS,192E,034,1.0,4.0,PNP,N,1
122671,2026,Fall,2268,1,UGIS,192E,035,1.0,4.0,PNP,N,0
122671,2026,Fall,2268,1,UGIS,192E,036,1.0,4.0,PNP,N,0
122671,2026,Fall,2268,1,UGIS,192E,037,1.0,4.0,PNP,N,0
122671,2026,Fall,2268,1,UGIS,192E,038,1.0,4.0,PNP,N,0
122671,2026,Fall,2268,1,UGIS,192E,039,1.0,4.0,PNP,N,0
122671,2026,Fall,2268,1,UGIS,192E,040,1.0,4.0,PNP,N,0
122671,2026,Fall,2268,1,UGIS,192E,041,1.0,4.0,PNP,N,0
122671,2026,Fall,2268,1,UGIS,192E,042,1.0,4.0,PNP,N,0
122671,2026,Fall,2268,1,UGIS,192E,043,1.0,4.0,PNP,N,0
122671,2026,Fall,2268,1,UGIS,192E,044,1.0,4.0,PNP,N,0
122671,2026,Fall,2268,1,UGIS,192E,045,1.0,4.0,PNP,N,0
122674,2026,Fall,2268,1,UGIS,198,001,1.0,4.0,PNP,N,7
122674,2026,Fall,2268,1,UGIS,198,003,1.0,4.0,PNP,N,2
122674,2026,Fall,2268,1,UGIS,198,004,1.0,4.0,PNP,N,10
157140,2026,Fall,2268,1,UGIS,58,001,3.0,3.0,OPT,A,0
157140,2026,Fall,2268,1,UGIS,58,002,3.0,3.0,OPT,A,0
157140,2026,Fall,2268,1,UGIS,58,003,3.0,3.0,OPT,A,0
124373,2026,Fall,2268,1,UGIS,C196A,001,4.0,4.0,OPT,N,11
124373,2026,Fall,2268,1,UGIS,C196A,002,4.0,4.0,OPT,N,0
124366,2026,Fall,2268,1,UGIS,C196B,001,8.0,12.0,OPT,N,6
125448,2026,Fall,2268,1,UGIS,W158,001,3.0,3.0,OPT,A,0
161888,2026,Fall,2268,1,UKRAINI,100,001,4.0,4.0,OPT,Y,18
161888,2026,Fall,2268,1,UKRAINI,100,UC01,4.0,4.0,OPT,Y,0
161896,2026,Fall,2268,1,UKRAINI,1A,001,4.0,4.0,OPT,Y,32
161896,2026,Fall,2268,1,UKRAINI,1A,UC01,4.0,4.0,OPT,Y,0
109478,2026,Fall,2268,1,URDU,100A,001,4.0,4.0,OPT,Y,81
109484,2026,Fall,2268,1,URDU,1A,001,5.0,5.0,OPT,Y,59
122757,2026,Fall,2268,1,VIETNMS,100A,001,5.0,5.0,OPT,A,37
122759,2026,Fall,2268,1,VIETNMS,101A,001,4.0,4.0,OPT,Y,211
122755,2026,Fall,2268,1,VIETNMS,1A,001,5.0,5.0,OPT,A,87
122779,2026,Fall,2268,1,VISSCI,199,001,1.0,4.0,PNP,Y,3
122779,2026,Fall,2268,1,VISSCI,199,002,1.0,4.0,PNP,Y,4
122779,2026,Fall,2268,1,VISSCI,199,003,1.0,4.0,PNP,Y,0
122780,2026,Fall,2268,1,VISSCI,201A,001,2.0,2.0,SUS,N,0
122807,2026,Fall,2268,1,VISSCI,24,001,1.0,1.0,OPT,Y,0
122807,2026,Fall,2268,1,VISSCI,24,002,1.0,1.0,OPT,Y,0
154670,2026,Fall,2268,1,VISSCI,260A,001,3.0,3.0,OPT,N,1
154674,2026,Fall,2268,1,VISSCI,260B,001,3.0,3.0,OPT,N,7
154679,2026,Fall,2268,1,VISSCI,260C,001,3.0,3.0,OPT,N,5
122811,2026,Fall,2268,1,VISSCI,265,001,3.0,3.0,OPT,N,0
122812,2026,Fall,2268,1,VISSCI,298,001,1.0,1.0,SUS,N,13
122813,2026,Fall,2268,1,VISSCI,299,001,1.0,12.0,SUS,N,2
122813,2026,Fall,2268,1,VISSCI,299,002,1.0,12.0,SUS,N,2
122813,2026,Fall,2268,1,VISSCI,299,003,1.0,12.0,SUS,N,0
122813,2026,Fall,2268,1,VISSCI,299,004,1.0,12.0,SUS,N,0
122813,2026,Fall,2268,1,VISSCI,299,005,1.0,12.0,SUS,N,0
122813,2026,Fall,2268,1,VISSCI,299,006,1.0,12.0,SUS,N,0
122813,2026,Fall,2268,1,VISSCI,299,007,1.0,12.0,SUS,N,0
122813,2026,Fall,2268,1,VISSCI,299,008,1.0,12.0,SUS,N,0
122813,2026,Fall,2268,1,VISSCI,299,009,1.0,12.0,SUS,N,1
122813,2026,Fall,2268,1,VISSCI,299,010,1.0,12.0,SUS,N,0
122813,2026,Fall,2268,1,VISSCI,299,011,1.0,12.0,SUS,N,0
122813,2026,Fall,2268,1,VISSCI,299,012,1.0,12.0,SUS,N,0
122813,2026,Fall,2268,1,VISSCI,299,013,1.0,12.0,SUS,N,0
122813,2026,Fall,2268,1,VISSCI,299,014,1.0,12.0,SUS,N,1
122813,2026,Fall,2268,1,VISSCI,299,015,1.0,12.0,SUS,N,0
122813,2026,Fall,2268,1,VISSCI,299,016,1.0,12.0,SUS,N,0
122813,2026,Fall,2268,1,VISSCI,299,017,1.0,12.0,SUS,N,0
122813,2026,Fall,2268,1,VISSCI,299,018,1.0,12.0,SUS,N,0
122813,2026,Fall,2268,1,VISSCI,299,020,1.0,12.0,SUS,N,0
122813,2026,Fall,2268,1,VISSCI,299,021,1.0,12.0,SUS,N,0
122813,2026,Fall,2268,1,VISSCI,299,022,1.0,12.0,SUS,N,0
122813,2026,Fall,2268,1,VISSCI,299,023,1.0,12.0,SUS,N,0
122813,2026,Fall,2268,1,VISSCI,299,024,1.0,12.0,SUS,N,0
122813,2026,Fall,2268,1,VISSCI,299,025,1.0,12.0,SUS,N,0
122813,2026,Fall,2268,1,VISSCI,299,026,1.0,12.0,SUS,N,0
122813,2026,Fall,2268,1,VISSCI,299,027,1.0,12.0,SUS,N,0
122813,2026,Fall,2268,1,VISSCI,299,028,1.0,12.0,SUS,N,0
122813,2026,Fall,2268,1,VISSCI,299,029,1.0,12.0,SUS,N,0
122813,2026,Fall,2268,1,VISSCI,299,030,1.0,12.0,SUS,N,0
122813,2026,Fall,2268,1,VISSCI,299,031,1.0,12.0,SUS,N,0
122813,2026,Fall,2268,1,VISSCI,299,032,1.0,12.0,SUS,N,0
122813,2026,Fall,2268,1,VISSCI,299,033,1.0,12.0,SUS,N,0
122813,2026,Fall,2268,1,VISSCI,299,034,1.0,12.0,SUS,N,0
122813,2026,Fall,2268,1,VISSCI,299,035,1.0,12.0,SUS,N,0
122813,2026,Fall,2268,1,VISSCI,299,036,1.0,12.0,SUS,N,0
122813,2026,Fall,2268,1,VISSCI,299,037,1.0,12.0,SUS,N,0
122813,2026,Fall,2268,1,VISSCI,299,038,1.0,12.0,SUS,N,0
122813,2026,Fall,2268,1,VISSCI,299,039,1.0,12.0,SUS,N,0
122813,2026,Fall,2268,1,VISSCI,299,040,1.0,12.0,SUS,N,0
122813,2026,Fall,2268,1,VISSCI,299,041,1.0,12.0,SUS,N,0
163485,2026,Fall,2268,1,VISSCI,375A,001,1.0,1.0,SUS,N,2
122815,2026,Fall,2268,1,VISSCI,39,001,1.5,3.0,PNP,Y,0
122818,2026,Fall,2268,1,VISSCI,602,001,1.0,6.0,SUS,Y,0
122818,2026,Fall,2268,1,VISSCI,602,002,1.0,6.0,SUS,Y,0
122818,2026,Fall,2268,1,VISSCI,602,003,1.0,6.0,SUS,Y,0
122818,2026,Fall,2268,1,VISSCI,602,004,1.0,6.0,SUS,Y,0
122819,2026,Fall,2268,1,VISSCI,84,001,1.0,1.0,OPT,Y,116
122844,2026,Fall,2268,1,VISSTD,199,001,1.0,4.0,PNP,N,0
122845,2026,Fall,2268,1,VISSTD,280,001,1.0,3.0,OPT,N,0
122848,2026,Fall,2268,1,VISSTD,298,002,1.0,5.0,OPT,N,0
122849,2026,Fall,2268,1,VISSTD,299,001,1.0,5.0,OPT,N,0
122964,2026,Fall,2268,1,XAGRS,10A,001,4.0,4.0,OPT,Y,0
122964,2026,Fall,2268,1,XAGRS,10A,002,4.0,4.0,OPT,Y,0
160438,2026,Fall,2268,1,XAMRSTD,10,001,4.0,4.0,OPT,Y,0
122960,2026,Fall,2268,1,XANTHRO,1,001,4.0,4.0,OPT,Y,86
122960,2026,Fall,2268,1,XANTHRO,1,002,4.0,4.0,OPT,Y,38
163472,2026,Fall,2268,1,XASAMST,20AC,001,4.0,4.0,OPT,Y,167
122963,2026,Fall,2268,1,XASTRON,10,001,4.0,4.0,OPT,Y,0
122963,2026,Fall,2268,1,XASTRON,10,002,4.0,4.0,OPT,Y,0
122965,2026,Fall,2268,1,XCOLWRI,R1A,001,6.0,6.0,GRD,N,32
122965,2026,Fall,2268,1,XCOLWRI,R1A,002,6.0,6.0,GRD,N,24
122965,2026,Fall,2268,1,XCOLWRI,R1A,003,6.0,6.0,GRD,N,26
122967,2026,Fall,2268,1,XENGLIS,R1A,001,4.0,4.0,GRD,N,59
122967,2026,Fall,2268,1,XENGLIS,R1A,002,4.0,4.0,GRD,N,46
122967,2026,Fall,2268,1,XENGLIS,R1A,003,4.0,4.0,GRD,N,44
122967,2026,Fall,2268,1,XENGLIS,R1A,004,4.0,4.0,GRD,N,19
122967,2026,Fall,2268,1,XENGLIS,R1A,005,4.0,4.0,GRD,N,1
122968,2026,Fall,2268,1,XENGLIS,R1B,001,4.0,4.0,GRD,N,69
122968,2026,Fall,2268,1,XENGLIS,R1B,002,4.0,4.0,GRD,N,59
122968,2026,Fall,2268,1,XENGLIS,R1B,003,4.0,4.0,GRD,N,72
122968,2026,Fall,2268,1,XENGLIS,R1B,004,4.0,4.0,GRD,N,60
122968,2026,Fall,2268,1,XENGLIS,R1B,005,4.0,4.0,GRD,N,87
122968,2026,Fall,2268,1,XENGLIS,R1B,006,4.0,4.0,GRD,N,85
155217,2026,Fall,2268,1,XEPS,20,1,3.0,3.0,OPT,Y,0
160431,2026,Fall,2268,1,XESPM,15,001,3.0,3.0,OPT,Y,110
160431,2026,Fall,2268,1,XESPM,15,002,3.0,3.0,OPT,Y,65
122970,2026,Fall,2268,1,XESPM,50AC,001,4.0,4.0,OPT,Y,636
122970,2026,Fall,2268,1,XESPM,50AC,002,4.0,4.0,OPT,Y,473
158804,2026,Fall,2268,1,XETHSTD,197,001,2.0,2.0,OPT,N,0
122971,2026,Fall,2268,1,XETHSTD,21AC,001,4.0,4.0,OPT,Y,67
122971,2026,Fall,2268,1,XETHSTD,21AC,002,4.0,4.0,OPT,Y,51
147873,2026,Fall,2268,1,XFILM,50,001,4.0,4.0,OPT,Y,0
122972,2026,Fall,2268,1,XFILM,R1A,001,4.0,4.0,GRD,N,0
122973,2026,Fall,2268,1,XGEOG,30,001,4.0,4.0,OPT,Y,0
122973,2026,Fall,2268,1,XGEOG,30,002,4.0,4.0,OPT,Y,0
160639,2026,Fall,2268,1,XGEOG,4,001,4.0,4.0,OPT,Y,69
125792,2026,Fall,2268,1,XGEOG,50AC,001,4.0,4.0,OPT,Y,0
158833,2026,Fall,2268,1,XGLOBAL,10B,001,3.0,3.0,OPT,Y,104
122974,2026,Fall,2268,1,XGWS,10,001,4.0,4.0,OPT,Y,19
122974,2026,Fall,2268,1,XGWS,10,002,4.0,4.0,OPT,Y,0
158759,2026,Fall,2268,1,XGWS,50AC,002,3.0,3.0,OPT,Y,0
161672,2026,Fall,2268,1,XHISTAR,10,001,4.0,4.0,OPT,Y,0
122975,2026,Fall,2268,1,XHISTAR,11,001,4.0,4.0,OPT,Y,0
122976,2026,Fall,2268,1,XHISTAR,R1B,001,4.0,4.0,GRD,N,0
160638,2026,Fall,2268,1,XHISTOR,30,001,4.0,4.0,OPT,Y,9
122977,2026,Fall,2268,1,XHISTOR,7B,001,4.0,4.0,OPT,Y,142
122977,2026,Fall,2268,1,XHISTOR,7B,002,4.0,4.0,OPT,Y,85
122978,2026,Fall,2268,1,XINTEGB,31,001,3.0,3.0,OPT,Y,3
122979,2026,Fall,2268,1,XINTEGB,33,001,3.0,3.0,OPT,Y,74
122979,2026,Fall,2268,1,XINTEGB,33,002,3.0,3.0,OPT,Y,33
122982,2026,Fall,2268,1,XLINGUI,55AC,001,4.0,4.0,OPT,Y,0
157148,2026,Fall,2268,1,XMATH,10A,001,4.0,4.0,OPT,Y,0
122986,2026,Fall,2268,1,XMATH,16A,001,3.0,3.0,OPT,Y,89
122987,2026,Fall,2268,1,XMATH,3,001,4.0,4.0,OPT,Y,43
122984,2026,Fall,2268,1,XMATH,51,001,4.0,4.0,OPT,Y,208
122984,2026,Fall,2268,1,XMATH,51,002,4.0,4.0,OPT,Y,80
122985,2026,Fall,2268,1,XMATH,52,001,4.0,4.0,OPT,Y,260
122988,2026,Fall,2268,1,XMBA,200C,001,2.0,2.0,OPT,N,52
122991,2026,Fall,2268,1,XMBA,200S,001,2.0,2.0,OPT,N,8
122992,2026,Fall,2268,1,XMBA,201A,001,2.0,2.0,OPT,N,27
122993,2026,Fall,2268,1,XMBA,201B,002,2.0,2.0,IOP,N,0
122994,2026,Fall,2268,1,XMBA,202,001,2.0,2.0,OPT,Y,28
122996,2026,Fall,2268,1,XMBA,203,001,2.0,2.0,IOP,N,0
122998,2026,Fall,2268,1,XMBA,205,001,2.0,2.0,IOP,Y,0
122999,2026,Fall,2268,1,XMBA,206,001,2.0,2.0,OPT,N,0
158047,2026,Fall,2268,1,XMBA,211,001,2.0,2.0,OPT,N,0
125793,2026,Fall,2268,1,XMBA,231,001,2.0,2.0,OPT,N,17
123006,2026,Fall,2268,1,XMBA,236E,001,2.0,2.0,OPT,N,0
148014,2026,Fall,2268,1,XMBA,236M,001,2.0,2.0,OPT,N,0
125449,2026,Fall,2268,1,XMBA,236V,001,2.0,2.0,OPT,N,12
123010,2026,Fall,2268,1,XMBA,252,001,2.0,2.0,OPT,N,0
123011,2026,Fall,2268,1,XMBA,255,001,2.0,2.0,OPT,N,17
123013,2026,Fall,2268,1,XMBA,257,001,1.0,3.0,OPT,N,22
123013,2026,Fall,2268,1,XMBA,257,011F,1.0,3.0,OPT,N,0
123013,2026,Fall,2268,1,XMBA,257,012F,1.0,3.0,OPT,N,10
158111,2026,Fall,2268,1,XMBA,267,001F,0.5,3.0,OPT,N,15
158110,2026,Fall,2268,1,XMBA,277,001,0.5,3.0,OPT,N,0
123020,2026,Fall,2268,1,XMBA,290T,001,1.0,3.0,OPT,N,16
123020,2026,Fall,2268,1,XMBA,290T,002,1.0,3.0,OPT,N,0
162100,2026,Fall,2268,1,XMBA,291RA,001,0.5,0.5,BMT,N,2
123025,2026,Fall,2268,1,XMBA,291T,001,1.0,3.0,OPT,N,0
158773,2026,Fall,2268,1,XMBA,292T,003F,1.0,3.0,OPT,N,17
123027,2026,Fall,2268,1,XMBA,293,001,1.0,6.0,OPT,N,0
123027,2026,Fall,2268,1,XMBA,293,002,1.0,6.0,OPT,N,0
123027,2026,Fall,2268,1,XMBA,293,003,1.0,6.0,OPT,N,0
123027,2026,Fall,2268,1,XMBA,293,004,1.0,6.0,OPT,N,0
123027,2026,Fall,2268,1,XMBA,293,005,1.0,6.0,OPT,N,0
123027,2026,Fall,2268,1,XMBA,293,006,1.0,6.0,OPT,N,0
123027,2026,Fall,2268,1,XMBA,293,007,1.0,6.0,OPT,N,0
123027,2026,Fall,2268,1,XMBA,293,008,1.0,6.0,OPT,N,0
123027,2026,Fall,2268,1,XMBA,293,009,1.0,6.0,OPT,N,0
123027,2026,Fall,2268,1,XMBA,293,010,1.0,6.0,OPT,N,0
123027,2026,Fall,2268,1,XMBA,293,011,1.0,6.0,OPT,N,0
123027,2026,Fall,2268,1,XMBA,293,012,1.0,6.0,OPT,N,0
123027,2026,Fall,2268,1,XMBA,293,013,1.0,6.0,OPT,N,0
123027,2026,Fall,2268,1,XMBA,293,014,1.0,6.0,OPT,N,0
123033,2026,Fall,2268,1,XMBA,295T,001,1.0,3.0,IOP,N,0
123033,2026,Fall,2268,1,XMBA,295T,002F,1.0,3.0,OPT,N,15
123033,2026,Fall,2268,1,XMBA,295T,004,1.0,3.0,IOP,N,0
123033,2026,Fall,2268,1,XMBA,295T,006,1.0,3.0,OPT,N,22
123034,2026,Fall,2268,1,XMBA,296,001,1.0,3.0,OPT,N,0
123034,2026,Fall,2268,1,XMBA,296,002,1.0,3.0,OPT,N,0
123034,2026,Fall,2268,1,XMBA,296,003F,1.0,3.0,OPT,N,0
123034,2026,Fall,2268,1,XMBA,296,004,1.0,3.0,OPT,N,0
123034,2026,Fall,2268,1,XMBA,296,005,1.0,3.0,OPT,N,0
123034,2026,Fall,2268,1,XMBA,296,006,1.0,3.0,OPT,N,0
123034,2026,Fall,2268,1,XMBA,296,007,1.0,3.0,OPT,N,0
123034,2026,Fall,2268,1,XMBA,296,008,1.0,3.0,OPT,N,0
123034,2026,Fall,2268,1,XMBA,296,009,1.0,3.0,OPT,N,0
123034,2026,Fall,2268,1,XMBA,296,051,1.0,3.0,OPT,N,8
123034,2026,Fall,2268,1,XMBA,296,052F,1.0,3.0,OPT,N,4
123034,2026,Fall,2268,1,XMBA,296,053F,1.0,3.0,OPT,N,2
123034,2026,Fall,2268,1,XMBA,296,054F,1.0,3.0,OPT,N,1
123035,2026,Fall,2268,1,XMBA,298A,001,2.0,2.0,OPT,N,0
162104,2026,Fall,2268,1,XMBA,298I,001,2.0,2.0,OPT,N,26
123038,2026,Fall,2268,1,XMCELLB,32,001,3.0,3.0,OPT,Y,68
123038,2026,Fall,2268,1,XMCELLB,32,002,3.0,3.0,OPT,Y,41
162184,2026,Fall,2268,1,XMUSIC,26AC,001,4.0,4.0,OPT,Y,235
123041,2026,Fall,2268,1,XMUSIC,27,001,4.0,4.0,OPT,Y,67
123042,2026,Fall,2268,1,XPHILOS,2,001,4.0,4.0,OPT,Y,101
123042,2026,Fall,2268,1,XPHILOS,2,002,4.0,4.0,OPT,Y,51
123042,2026,Fall,2268,1,XPHILOS,2,003,4.0,4.0,OPT,Y,60
125597,2026,Fall,2268,1,XPHILOS,3,001,4.0,4.0,OPT,Y,142
147856,2026,Fall,2268,1,XPOLSCI,1,001,4.0,4.0,OPT,Y,21
123043,2026,Fall,2268,1,XPOLSCI,2,001,4.0,4.0,OPT,Y,25
163671,2026,Fall,2268,1,XPOLSCI,5,001,4.0,4.0,OPT,A,85
163671,2026,Fall,2268,1,XPOLSCI,5,002,4.0,4.0,OPT,A,51
123044,2026,Fall,2268,1,XPSYCH,1,001,3.0,3.0,OPT,Y,84
123044,2026,Fall,2268,1,XPSYCH,1,002,3.0,3.0,OPT,Y,36
123045,2026,Fall,2268,1,XRHETOR,2,001,2.0,2.0,PNP,Y,0
123045,2026,Fall,2268,1,XRHETOR,2,002,2.0,2.0,PNP,Y,0
123045,2026,Fall,2268,1,XRHETOR,2,003,2.0,2.0,PNP,Y,0
123046,2026,Fall,2268,1,XRHETOR,R1A,001,4.0,4.0,GRD,N,0
123046,2026,Fall,2268,1,XRHETOR,R1A,002,4.0,4.0,GRD,N,0
160437,2026,Fall,2268,1,XSEASIA,R5A,001,4.0,4.0,GRD,A,0
163473,2026,Fall,2268,1,XSOCIOL,1,001,4.0,4.0,OPT,Y,0
123048,2026,Fall,2268,1,XSOCIOL,3AC,001,4.0,4.0,OPT,Y,90
123048,2026,Fall,2268,1,XSOCIOL,3AC,002,4.0,4.0,OPT,Y,63
163498,2026,Fall,2268,1,XTHEATR,52AC,001,4.0,4.0,OPT,A,25
162161,2026,Fall,2268,1,YIDDISH,101A,001,4.0,4.0,OPT,Y,15
162161,2026,Fall,2268,1,YIDDISH,101A,UC01,4.0,4.0,OPT,Y,0
162646,2026,Fall,2268,1,YIDDISH,104,UC01,4.0,4.0,OPT,C,0
165255,2026,Fall,2268,1,YIDDISH,107,001,4.0,4.0,OPT,A,0
165255,2026,Fall,2268,1,YIDDISH,107,UC01,4.0,4.0,OPT,A,0
